ISO-10303-21;
HEADER;
FILE_DESCRIPTION (( 'STEP AP214' ),
    '1' );
FILE_NAME ('Bat pos.STEP',
    '2023-06-03T21:48:25',
    ( '' ),
    ( '' ),
    'SwSTEP 2.0',
    'SolidWorks 2021',
    '' );
FILE_SCHEMA (( 'AUTOMOTIVE_DESIGN' ));
ENDSEC;

DATA;
#1 = DIRECTION ( 'NONE',  ( 0.000000000000000000, 0.7071067811865463515, -0.7071067811865487940 ) ) ;
#2 = CARTESIAN_POINT ( 'NONE',  ( -3.444986152837962834, -0.3500000000000000333, -0.7863961024877593742 ) ) ;
#3 = VECTOR ( 'NONE', #1638, 1000.000000000000000 ) ;
#4 = EDGE_LOOP ( 'NONE', ( #327, #748, #1864 ) ) ;
#5 = FACE_OUTER_BOUND ( 'NONE', #2514, .T. ) ;
#6 = DIRECTION ( 'NONE',  ( 1.000000000000000000, 0.000000000000000000, -2.478176394252581141E-16 ) ) ;
#7 = LINE ( 'NONE', #2750, #701 ) ;
#8 = AXIS2_PLACEMENT_3D ( 'NONE', #2428, #1383, #1665 ) ;
#9 = CARTESIAN_POINT ( 'NONE',  ( 4.570211121993538406, 0.000000000000000000, -0.4313708498984711315 ) ) ;
#10 = B_SPLINE_CURVE_WITH_KNOTS ( 'NONE', 3,
 ( #1238, #116, #1811, #2655 ),
 .UNSPECIFIED., .F., .F.,
 ( 4, 4 ),
 ( 0.000000000000000000, 0.0007070939763864882632 ),
 .UNSPECIFIED. ) ;
#11 = PRESENTATION_STYLE_ASSIGNMENT (( #3023 ) ) ;
#12 = DIRECTION ( 'NONE',  ( 0.000000000000000000, 0.7071067811865466846, -0.7071067811865483499 ) ) ;
#13 = VERTEX_POINT ( 'NONE', #1980 ) ;
#14 = AXIS2_PLACEMENT_3D ( 'NONE', #1557, #3163, #2878 ) ;
#15 = TOROIDAL_SURFACE ( 'NONE', #2016, 1.000000000000000000, 0.2000000000000000111 ) ;
#16 = DIRECTION ( 'NONE',  ( -1.239088197126291063E-16, -0.000000000000000000, -1.000000000000000000 ) ) ;
#17 = ORIENTED_EDGE ( 'NONE', *, *, #878, .T. ) ;
#18 = DIRECTION ( 'NONE',  ( 0.000000000000000000, 0.000000000000000000, 1.000000000000000000 ) ) ;
#19 =( NAMED_UNIT ( * ) PLANE_ANGLE_UNIT ( ) SI_UNIT ( $, .RADIAN. ) );
#20 = CARTESIAN_POINT ( 'NONE',  ( 3.573606669691992810, -5.180900461040200027E-15, -0.3299067456550431876 ) ) ;
#21 = DIRECTION ( 'NONE',  ( 1.000000000000000000, -0.000000000000000000, -2.478176394252581141E-16 ) ) ;
#22 = CIRCLE ( 'NONE', #3544, 0.2000000000000000944 ) ;
#23 = CARTESIAN_POINT ( 'NONE',  ( -3.634559005639783180, -0.1063949393351377865, 1.085839067389908541 ) ) ;
#24 = CARTESIAN_POINT ( 'NONE',  ( -4.200000000000000178, 0.000000000000000000, 1.631370849898473807 ) ) ;
#25 = EDGE_CURVE ( 'NONE', #3063, #1023, #1807, .T. ) ;
#26 = VERTEX_POINT ( 'NONE', #2015 ) ;
#27 = DIRECTION ( 'NONE',  ( -0.000000000000000000, -1.000000000000000000, -0.000000000000000000 ) ) ;
#28 = CYLINDRICAL_SURFACE ( 'NONE', #3471, 0.2000000000000000944 ) ;
#29 = B_SPLINE_CURVE_WITH_KNOTS ( 'NONE', 3,
 ( #2495, #1132, #3416, #1740, #1806, #434 ),
 .UNSPECIFIED., .F., .F.,
 ( 4, 2, 4 ),
 ( -5.736216187291441784E-06, 0.0003452807999648867059, 0.0006962978161170647884 ),
 .UNSPECIFIED. ) ;
#30 = EDGE_CURVE ( 'NONE', #2429, #2156, #2274, .T. ) ;
#31 = AXIS2_PLACEMENT_3D ( 'NONE', #3136, #2285, #663 ) ;
#32 = DIRECTION ( 'NONE',  ( 1.000000000000000000, 0.000000000000000000, 0.000000000000000000 ) ) ;
#33 = DIRECTION ( 'NONE',  ( 0.000000000000000000, -0.7071067811865485719, 0.7071067811865465735 ) ) ;
#34 = ORIENTED_EDGE ( 'NONE', *, *, #820, .T. ) ;
#35 = STYLED_ITEM ( 'NONE', ( #11 ), #1265 ) ;
#36 = DIRECTION ( 'NONE',  ( 0.000000000000000000, 1.000000000000000000, 0.000000000000000000 ) ) ;
#37 = ORIENTED_EDGE ( 'NONE', *, *, #305, .T. ) ;
#38 = DIRECTION ( 'NONE',  ( -1.000000000000000000, -0.000000000000000000, -0.000000000000000000 ) ) ;
#39 = ORIENTED_EDGE ( 'NONE', *, *, #201, .F. ) ;
#40 = ADVANCED_FACE ( 'NONE', ( #657 ), #1319, .F. ) ;
#41 = EDGE_CURVE ( 'NONE', #3409, #718, #10, .T. ) ;
#42 = CARTESIAN_POINT ( 'NONE',  ( 3.600000000000000089, -0.2000000000000005107, -0.2171572875253770241 ) ) ;
#43 = CIRCLE ( 'NONE', #150, 0.1999999999999999833 ) ;
#44 = EDGE_CURVE ( 'NONE', #537, #2378, #2352, .T. ) ;
#45 = ADVANCED_FACE ( 'NONE', ( #3436 ), #208, .T. ) ;
#46 = DIRECTION ( 'NONE',  ( 1.000000000000000000, 0.000000000000000000, -0.000000000000000000 ) ) ;
#47 = DIRECTION ( 'NONE',  ( 0.000000000000000000, 0.7071067811865464625, -0.7071067811865484609 ) ) ;
#48 = DIRECTION ( 'NONE',  ( -6.195440985631454085E-17, 0.000000000000000000, 1.000000000000000000 ) ) ;
#49 = VERTEX_POINT ( 'NONE', #2098 ) ;
#50 = CARTESIAN_POINT ( 'NONE',  ( -3.725001665040351906, -0.01890673622238218943, 1.387601081442090267 ) ) ;
#51 = CIRCLE ( 'NONE', #2047, 0.7500000000000006661 ) ;
#52 = CARTESIAN_POINT ( 'NONE',  ( 3.149999999999999023, -0.3499999999999999778, -0.5520815280171281758 ) ) ;
#53 = CARTESIAN_POINT ( 'NONE',  ( -4.555013847162016738, -0.3500000000000001443, 1.386396102487726267 ) ) ;
#54 = EDGE_CURVE ( 'NONE', #1369, #3138, #1676, .T. ) ;
#55 = DIRECTION ( 'NONE',  ( -1.000000000000000000, -0.000000000000000000, 0.000000000000000000 ) ) ;
#56 = ORIENTED_EDGE ( 'NONE', *, *, #2817, .F. ) ;
#57 = CARTESIAN_POINT ( 'NONE',  ( 5.000000000000000000, 0.000000000000000000, -3.499999999999999556 ) ) ;
#58 = ADVANCED_FACE ( 'NONE', ( #729 ), #402, .F. ) ;
#59 = VERTEX_POINT ( 'NONE', #2081 ) ;
#60 = FACE_OUTER_BOUND ( 'NONE', #1308, .T. ) ;
#61 = CARTESIAN_POINT ( 'NONE',  ( 3.614894439003230708, -0.1464466094067267687, -0.3778174593051980557 ) ) ;
#62 = ADVANCED_FACE ( 'NONE', ( #3162 ), #3211, .T. ) ;
#63 = DIRECTION ( 'NONE',  ( 0.000000000000000000, 1.000000000000000000, 0.000000000000000000 ) ) ;
#64 = AXIS2_PLACEMENT_3D ( 'NONE', #1618, #2724, #251 ) ;
#65 = DIRECTION ( 'NONE',  ( -1.239088197126291063E-16, -0.000000000000000000, -1.000000000000000000 ) ) ;
#66 = AXIS2_PLACEMENT_3D ( 'NONE', #2084, #169, #224 ) ;
#67 =( BOUNDED_CURVE ( )  B_SPLINE_CURVE ( 3, ( #3391, #705, #354, #2023 ),
 .UNSPECIFIED., .F., .F. ) 
 B_SPLINE_CURVE_WITH_KNOTS ( ( 4, 4 ),
 ( 4.712388980384689674, 5.100758275358073135 ),
 .UNSPECIFIED. ) 
 CURVE ( )  GEOMETRIC_REPRESENTATION_ITEM ( )  RATIONAL_B_SPLINE_CURVE ( ( 1.000000000000000000, 0.9874702209755055193, 0.9874702209755055193, 1.000000000000000000 ) ) 
 REPRESENTATION_ITEM ( '' )  );
#68 = CARTESIAN_POINT ( 'NONE',  ( -1.499999999999999556, 0.000000000000000000, 4.500000000000001776 ) ) ;
#69 = CYLINDRICAL_SURFACE ( 'NONE', #1231, 0.1999999999999999556 ) ;
#70 = VERTEX_POINT ( 'NONE', #1778 ) ;
#71 = CARTESIAN_POINT ( 'NONE',  ( 4.200000000000000178, 0.000000000000000000, 1.631370849898473807 ) ) ;
#72 = ORIENTED_EDGE ( 'NONE', *, *, #785, .F. ) ;
#73 = ORIENTED_EDGE ( 'NONE', *, *, #1868, .F. ) ;
#74 =( BOUNDED_CURVE ( )  B_SPLINE_CURVE ( 3, ( #1502, #975, #3449, #1010 ),
 .UNSPECIFIED., .F., .F. ) 
 B_SPLINE_CURVE_WITH_KNOTS ( ( 4, 4 ),
 ( 4.712388980384689674, 6.283185307179586232 ),
 .UNSPECIFIED. ) 
 CURVE ( )  GEOMETRIC_REPRESENTATION_ITEM ( )  RATIONAL_B_SPLINE_CURVE ( ( 1.000000000000000000, 0.8047378541243649375, 0.8047378541243649375, 1.000000000000000000 ) ) 
 REPRESENTATION_ITEM ( '' )  );
#75 = CARTESIAN_POINT ( 'NONE',  ( 4.450000000000001066, -0.3499999999999999778, 1.303553390593271910 ) ) ;
#76 = CARTESIAN_POINT ( 'NONE',  ( 3.614894439003230708, -0.1464466094067262691, 0.9778174593052001429 ) ) ;
#77 = CARTESIAN_POINT ( 'NONE',  ( -3.149999999999999467, -0.3500000000000000333, 0.8207106781186527256 ) ) ;
#78 = LINE ( 'NONE', #1742, #492 ) ;
#79 = ADVANCED_FACE ( 'NONE', ( #1797 ), #1221, .T. ) ;
#80 = COLOUR_RGB ( '',0.7921568627450980005, 0.8196078431372548767, 0.9333333333333333481 ) ;
#81 = ORIENTED_EDGE ( 'NONE', *, *, #3082, .F. ) ;
#82 = DIRECTION ( 'NONE',  ( -0.000000000000000000, 0.7071067811865485719, 0.7071067811865465735 ) ) ;
#83 = DIRECTION ( 'NONE',  ( 0.000000000000000000, 0.000000000000000000, 1.000000000000000000 ) ) ;
#84 = DIRECTION ( 'NONE',  ( 0.000000000000000000, 0.7071067811865485719, -0.7071067811865465735 ) ) ;
#85 = CARTESIAN_POINT ( 'NONE',  ( -3.349999999999999645, -0.5500000000000000444, 0.8207106781186536137 ) ) ;
#86 = VECTOR ( 'NONE', #2038, 1000.000000000000000 ) ;
#87 = ORIENTED_EDGE ( 'NONE', *, *, #345, .T. ) ;
#88 = CARTESIAN_POINT ( 'NONE',  ( -3.799999999999999822, -0.2343145750507628633, -0.4656854249492342057 ) ) ;
#89 = ORIENTED_EDGE ( 'NONE', *, *, #777, .F. ) ;
#90 = ORIENTED_EDGE ( 'NONE', *, *, #992, .F. ) ;
#91 = DIRECTION ( 'NONE',  ( -0.000000000000000000, 0.7071067811865485719, 0.7071067811865465735 ) ) ;
#92 = CARTESIAN_POINT ( 'NONE',  ( 3.341205285072448294, -0.3500000000000000333, -0.7254303605162779611 ) ) ;
#93 = DIRECTION ( 'NONE',  ( 0.000000000000000000, 0.7071067811865462405, 0.7071067811865489050 ) ) ;
#94 = CARTESIAN_POINT ( 'NONE',  ( -3.650932618985096578, 0.000000000000000000, 1.448799057414204006 ) ) ;
#95 = CIRCLE ( 'NONE', #2276, 0.6499999999999998002 ) ;
#96 = DIRECTION ( 'NONE',  ( 0.000000000000000000, -0.000000000000000000, 1.000000000000000000 ) ) ;
#97 = FACE_OUTER_BOUND ( 'NONE', #817, .T. ) ;
#98 = ORIENTED_EDGE ( 'NONE', *, *, #3572, .F. ) ;
#99 = DIRECTION ( 'NONE',  ( 1.000000000000000000, -0.000000000000000000, 0.000000000000000000 ) ) ;
#100 = VECTOR ( 'NONE', #2774, 1000.000000000000000 ) ;
#101 = ADVANCED_FACE ( 'NONE', ( #2315 ), #2383, .F. ) ;
#102 = CARTESIAN_POINT ( 'NONE',  ( 3.349999999999999645, -0.5500000000000001554, 0.8207106781186536137 ) ) ;
#103 = CARTESIAN_POINT ( 'NONE',  ( -4.599999999928421346, 2.710505431213761085E-17, 0.8904155744463816413 ) ) ;
#104 = CARTESIAN_POINT ( 'NONE',  ( 3.600000000000000089, -0.1999999999999999833, 0.8171572875253794166 ) ) ;
#105 = ORIENTED_EDGE ( 'NONE', *, *, #3434, .F. ) ;
#106 = ADVANCED_FACE ( 'NONE', ( #2584 ), #3421, .F. ) ;
#107 = CARTESIAN_POINT ( 'NONE',  ( -4.450000000000001066, -0.4343145750507612091, 0.3000000000000004330 ) ) ;
#108 = EDGE_LOOP ( 'NONE', ( #2394 ) ) ;
#109 = ORIENTED_EDGE ( 'NONE', *, *, #3190, .T. ) ;
#110 = AXIS2_PLACEMENT_3D ( 'NONE', #3024, #2497, #33 ) ;
#111 = CIRCLE ( 'NONE', #1207, 0.1999999999999997891 ) ;
#112 = DIRECTION ( 'NONE',  ( 0.000000000000000000, 0.7071067811865485719, -0.7071067811865465735 ) ) ;
#113 = CARTESIAN_POINT ( 'NONE',  ( -4.400000000000000355, -0.1999999999999999278, 0.8171572875253795276 ) ) ;
#114 = CARTESIAN_POINT ( 'NONE',  ( 4.628445355010823548, -0.4761799205994232120, 1.042170916320443341 ) ) ;
#115 = LINE ( 'NONE', #2368, #1488 ) ;
#116 = CARTESIAN_POINT ( 'NONE',  ( 3.496067791573814976, 0.000000000000000000, -0.6604617691143740421 ) ) ;
#117 = DIRECTION ( 'NONE',  ( 0.000000000000000000, 1.761828530288944311E-15, 1.000000000000000000 ) ) ;
#118 = FACE_OUTER_BOUND ( 'NONE', #1097, .T. ) ;
#119 = CARTESIAN_POINT ( 'NONE',  ( 1.999999999999999556, -0.3499999999999999778, 4.500000000000001776 ) ) ;
#120 = ORIENTED_EDGE ( 'NONE', *, *, #1894, .T. ) ;
#121 = VERTEX_POINT ( 'NONE', #151 ) ;
#122 = ORIENTED_EDGE ( 'NONE', *, *, #3251, .F. ) ;
#123 = CARTESIAN_POINT ( 'NONE',  ( -4.385105560996769292, -0.1464466094067268520, 0.9778174593051991437 ) ) ;
#124 = DIRECTION ( 'NONE',  ( -0.000000000000000000, 0.000000000000000000, -1.000000000000000000 ) ) ;
#125 = EDGE_CURVE ( 'NONE', #282, #1333, #2875, .T. ) ;
#126 = FACE_OUTER_BOUND ( 'NONE', #357, .T. ) ;
#127 = AXIS2_PLACEMENT_3D ( 'NONE', #2716, #262, #766 ) ;
#128 = AXIS2_PLACEMENT_3D ( 'NONE', #1710, #3033, #1432 ) ;
#129 = EDGE_CURVE ( 'NONE', #3026, #3478, #1561, .T. ) ;
#130 = CARTESIAN_POINT ( 'NONE',  ( -3.799999999999999822, -0.7171572875253794388, 0.5828427124746201615 ) ) ;
#131 = CARTESIAN_POINT ( 'NONE',  ( -4.570211121993535741, 0.000000000000000000, -0.4313708498984692996 ) ) ;
#132 = CARTESIAN_POINT ( 'NONE',  ( -3.549999999999999822, -0.4085786437626907075, -0.6449747468305802034 ) ) ;
#133 = CARTESIAN_POINT ( 'NONE',  ( -4.450000000000000178, -0.4085786437626908740, 1.244974746830581180 ) ) ;
#134 = CARTESIAN_POINT ( 'NONE',  ( -3.349999999999999645, -0.4085786437626907630, -0.6449747468305802034 ) ) ;
#135 = DIRECTION ( 'NONE',  ( 0.000000000000000000, 0.7071067811865485719, -0.7071067811865465735 ) ) ;
#136 = ADVANCED_FACE ( 'NONE', ( #3179 ), #3042, .T. ) ;
#137 = AXIS2_PLACEMENT_3D ( 'NONE', #1262, #142, #2592 ) ;
#138 = EDGE_LOOP ( 'NONE', ( #1594, #893, #2321, #158 ) ) ;
#139 = CYLINDRICAL_SURFACE ( 'NONE', #2333, 0.8000000000000001554 ) ;
#140 = ORIENTED_EDGE ( 'NONE', *, *, #675, .F. ) ;
#141 = ORIENTED_EDGE ( 'NONE', *, *, #2846, .T. ) ;
#142 = DIRECTION ( 'NONE',  ( -0.000000000000000000, 0.000000000000000000, -1.000000000000000000 ) ) ;
#143 = PLANE ( 'NONE',  #1947 ) ;
#144 = EDGE_CURVE ( 'NONE', #1138, #1316, #43, .T. ) ;
#145 = CIRCLE ( 'NONE', #3431, 0.2000000000000000944 ) ;
#146 = DIRECTION ( 'NONE',  ( 0.000000000000000000, 0.000000000000000000, -1.000000000000000000 ) ) ;
#147 = ADVANCED_FACE ( 'NONE', ( #869 ), #1960, .T. ) ;
#148 = EDGE_CURVE ( 'NONE', #767, #3063, #2686, .T. ) ;
#149 = CARTESIAN_POINT ( 'NONE',  ( 4.450000000000001066, -0.3499999999999999778, -0.7035533905932706000 ) ) ;
#150 = AXIS2_PLACEMENT_3D ( 'NONE', #3325, #3052, #3348 ) ;
#151 = CARTESIAN_POINT ( 'NONE',  ( -3.429788878006462038, 0.000000000000000000, 1.031370849898472608 ) ) ;
#152 = DIRECTION ( 'NONE',  ( -1.000000000000000000, 0.000000000000000000, 0.000000000000000000 ) ) ;
#153 = CARTESIAN_POINT ( 'NONE',  ( -4.450000000000001066, -0.3499999999999999223, -0.7035533905932708221 ) ) ;
#154 = ORIENTED_EDGE ( 'NONE', *, *, #1878, .F. ) ;
#155 = VERTEX_POINT ( 'NONE', #1002 ) ;
#156 = PRODUCT_DEFINITION_CONTEXT ( 'detailed design', #2529, 'design' ) ;
#157 = VERTEX_POINT ( 'NONE', #2799 ) ;
#158 = ORIENTED_EDGE ( 'NONE', *, *, #129, .F. ) ;
#159 = DIRECTION ( 'NONE',  ( 1.000000000000000000, 0.000000000000000000, 0.000000000000000000 ) ) ;
#160 = CARTESIAN_POINT ( 'NONE',  ( 0.000000000000000000, -1.400000000000000133, -0.2999999999999981570 ) ) ;
#161 = LINE ( 'NONE', #2911, #506 ) ;
#162 = CARTESIAN_POINT ( 'NONE',  ( 3.685936741615917445, -2.317554180830162504E-15, -0.8126747126903428597 ) ) ;
#163 = AXIS2_PLACEMENT_3D ( 'NONE', #1998, #643, #677 ) ;
#164 = AXIS2_PLACEMENT_3D ( 'NONE', #2208, #1652, #2754 ) ;
#165 = CARTESIAN_POINT ( 'NONE',  ( -3.599999999999999645, 2.710505431213759852E-17, -0.2171572875253784396 ) ) ;
#166 = CARTESIAN_POINT ( 'NONE',  ( 4.589944379292427712, 1.355252715606880543E-16, 0.9631634848345875799 ) ) ;
#167 = CARTESIAN_POINT ( 'NONE',  ( 4.394910574748213783, -0.1633919657438999418, -0.3269813903364703345 ) ) ;
#168 = VERTEX_POINT ( 'NONE', #852 ) ;
#169 = DIRECTION ( 'NONE',  ( 0.000000000000000000, 0.000000000000000000, 1.000000000000000000 ) ) ;
#170 = CARTESIAN_POINT ( 'NONE',  ( 4.450000000000001066, -0.8939339828220161932, -0.1596194077712559389 ) ) ;
#171 = ORIENTED_EDGE ( 'NONE', *, *, #3364, .T. ) ;
#172 = CARTESIAN_POINT ( 'NONE',  ( -4.349067381014951827, 0.000000000000000000, -0.8487990574142421085 ) ) ;
#173 = VECTOR ( 'NONE', #3366, 1000.000000000000000 ) ;
#175 = AXIS2_PLACEMENT_3D ( 'NONE', #1374, #197, #3524 ) ;
#174 = CARTESIAN_POINT ( 'NONE',  ( -3.193109289978324661, -0.3500000000000000333, -0.5159909957210282450 ) ) ;
#176 = ORIENTED_EDGE ( 'NONE', *, *, #675, .T. ) ;
#177 = ORIENTED_EDGE ( 'NONE', *, *, #1449, .T. ) ;
#178 = AXIS2_PLACEMENT_3D ( 'NONE', #749, #765, #456 ) ;
#179 = CARTESIAN_POINT ( 'NONE',  ( -3.600000000000000089, -0.5757359312880704350, 0.4414213562373099364 ) ) ;
#180 = ADVANCED_FACE ( 'NONE', ( #2240 ), #2557, .T. ) ;
#181 = CARTESIAN_POINT ( 'NONE',  ( 4.850000000000001421, -0.3499999999999999778, -0.5520815280171282868 ) ) ;
#182 = CIRCLE ( 'NONE', #3125, 0.1999999999999996503 ) ;
#183 = VECTOR ( 'NONE', #203, 1000.000000000000000 ) ;
#184 = FACE_OUTER_BOUND ( 'NONE', #578, .T. ) ;
#185 = CARTESIAN_POINT ( 'NONE',  ( 4.349814853378560997, 0.000000000000000000, -0.8479687580589821971 ) ) ;
#186 =( BOUNDED_SURFACE ( )  B_SPLINE_SURFACE ( 3, 2, ( 
 ( #1773, #939, #2918 ),
 ( #395, #989, #1531 ),
 ( #447, #162, #2851 ),
 ( #1249, #2889, #3432 ),
 ( #605, #1756, #379 ),
 ( #3481, #1215, #1286 ) ),
 .UNSPECIFIED., .F., .F., .F. ) 
 B_SPLINE_SURFACE_WITH_KNOTS ( ( 4, 2, 4 ),
 ( 3, 3 ),
 ( -0.0003989844109213107185, -4.586235773285324367E-05, 0.0003072596954556042312 ),
 ( 0.000000000000000000, 1.000000000000000000 ),
 .UNSPECIFIED. ) 
 GEOMETRIC_REPRESENTATION_ITEM ( )  RATIONAL_B_SPLINE_SURFACE ( (
 ( 1.000000000000000000, 1.000000000000000000, 1.000000000000000000),
 ( 1.000000000000000000, 1.000404339199745030, 1.000000000000000000),
 ( 1.000000000000000000, 0.9768286432007908804, 1.000000000000000000),
 ( 1.000000000000000000, 0.9003806316999176662, 1.000000000000000000),
 ( 1.000000000000000000, 0.8485292421051463529, 1.000000000000000000),
 ( 1.000000000000000000, 0.7961679951387039544, 1.000000000000000000) ) ) 
 REPRESENTATION_ITEM ( '' )  SURFACE ( )  );
#187 = CARTESIAN_POINT ( 'NONE',  ( 3.410055620707573620, 2.710505431213761085E-17, 0.9631634848345872468 ) ) ;
#188 = ORIENTED_EDGE ( 'NONE', *, *, #1827, .F. ) ;
#189 = CARTESIAN_POINT ( 'NONE',  ( -5.000000000000000000, -0.3499999999999999778, 4.500000000000000888 ) ) ;
#190 = CARTESIAN_POINT ( 'NONE',  ( -4.850000000000001421, -0.3500000000000000333, -0.2207106781186518041 ) ) ;
#191 = EDGE_CURVE ( 'NONE', #2485, #2142, #883, .T. ) ;
#192 = VERTEX_POINT ( 'NONE', #1427 ) ;
#193 = DIRECTION ( 'NONE',  ( -1.000000000000000000, -0.000000000000000000, -0.000000000000000000 ) ) ;
#194 = CARTESIAN_POINT ( 'NONE',  ( 3.549999999999999822, -0.3499999999999999778, 1.386396103067890850 ) ) ;
#195 = ORIENTED_EDGE ( 'NONE', *, *, #2912, .F. ) ;
#196 = DIRECTION ( 'NONE',  ( 0.000000000000000000, 0.000000000000000000, 1.000000000000000000 ) ) ;
#197 = DIRECTION ( 'NONE',  ( 0.000000000000000000, 0.7071067811865487940, -0.7071067811865462405 ) ) ;
#198 =( BOUNDED_SURFACE ( )  B_SPLINE_SURFACE ( 3, 2, ( 
 ( #3066, #272, #61 ),
 ( #1376, #20, #1164 ),
 ( #815, #2474, #865 ),
 ( #3308, #1934, #42 ) ),
 .UNSPECIFIED., .F., .F., .F. ) 
 B_SPLINE_SURFACE_WITH_KNOTS ( ( 4, 4 ),
 ( 3, 3 ),
 ( 4.324019685411306213, 4.712388980384689674 ),
 ( 0.000000000000000000, 1.000000000000000000 ),
 .UNSPECIFIED. ) 
 GEOMETRIC_REPRESENTATION_ITEM ( )  RATIONAL_B_SPLINE_SURFACE ( (
 ( 1.000000000000000000, 0.7961679951387038434, 1.000000000000000000),
 ( 1.000000000000000000, 0.7695742800711178333, 1.000000000000000000),
 ( 1.000000000000000000, 0.7394810956956721082, 1.000000000000000000),
 ( 1.000000000000000000, 0.7071067811865466846, 1.000000000000000000) ) ) 
 REPRESENTATION_ITEM ( '' )  SURFACE ( )  );
#199 = CYLINDRICAL_SURFACE ( 'NONE', #2614, 1.000000000000000000 ) ;
#200 = AXIS2_PLACEMENT_3D ( 'NONE', #830, #2469, #1423 ) ;
#201 = EDGE_CURVE ( 'NONE', #3577, #2494, #3105, .T. ) ;
#202 = ORIENTED_EDGE ( 'NONE', *, *, #307, .T. ) ;
#203 = DIRECTION ( 'NONE',  ( -0.000000000000000000, -0.7071067811865485719, 0.7071067811865465735 ) ) ;
#204 = DIRECTION ( 'NONE',  ( 0.000000000000000000, -0.000000000000000000, 1.000000000000000000 ) ) ;
#205 = ORIENTED_EDGE ( 'NONE', *, *, #2050, .F. ) ;
#206 = CARTESIAN_POINT ( 'NONE',  ( -4.000000000000000000, 0.000000000000000000, 3.500000000000000444 ) ) ;
#207 = CARTESIAN_POINT ( 'NONE',  ( -4.849999999854892607, -0.3500000000000000333, -0.3692226850195216015 ) ) ;
#208 =( BOUNDED_SURFACE ( )  B_SPLINE_SURFACE ( 3, 2, ( 
 ( #2603, #2634, #2066 ),
 ( #2928, #1015, #3470 ),
 ( #962, #1830, #167 ),
 ( #454, #420, #3146 ) ),
 .UNSPECIFIED., .F., .F., .F. ) 
 B_SPLINE_SURFACE_WITH_KNOTS ( ( 4, 4 ),
 ( 3, 3 ),
 ( 4.712388980384689674, 5.100758275358073135 ),
 ( 0.000000000000000000, 1.000000000000000000 ),
 .UNSPECIFIED. ) 
 GEOMETRIC_REPRESENTATION_ITEM ( )  RATIONAL_B_SPLINE_SURFACE ( (
 ( 1.000000000000000000, 0.7071067811865475727, 1.000000000000000000),
 ( 1.000000000000000000, 0.7394810956956716641, 1.000000000000000000),
 ( 1.000000000000000000, 0.7695742800711199427, 1.000000000000000000),
 ( 1.000000000000000000, 0.7961679951387046206, 1.000000000000000000) ) ) 
 REPRESENTATION_ITEM ( '' )  SURFACE ( )  );
#209 = ORIENTED_EDGE ( 'NONE', *, *, #2343, .T. ) ;
#210 = FILL_AREA_STYLE_COLOUR ( '', #1474 ) ;
#211 = FACE_OUTER_BOUND ( 'NONE', #553, .T. ) ;
#212 = EDGE_LOOP ( 'NONE', ( #1925, #3536, #1352, #2041 ) ) ;
#213 = EDGE_LOOP ( 'NONE', ( #1544, #1591, #1159, #1907 ) ) ;
#214 = ORIENTED_EDGE ( 'NONE', *, *, #2581, .F. ) ;
#215 = FACE_OUTER_BOUND ( 'NONE', #3258, .T. ) ;
#216 = ORIENTED_EDGE ( 'NONE', *, *, #25, .T. ) ;
#217 = CARTESIAN_POINT ( 'NONE',  ( -4.400000000000000355, -1.000000000000000000, 0.3000000000000007661 ) ) ;
#218 = VERTEX_POINT ( 'NONE', #1974 ) ;
#219 = CARTESIAN_POINT ( 'NONE',  ( 4.537298309585294120, 0.000000000000000000, 1.145132563547151872 ) ) ;
#220 = VECTOR ( 'NONE', #1188, 1000.000000000000000 ) ;
#221 = CARTESIAN_POINT ( 'NONE',  ( 3.349999999999999645, -0.3853553390593256744, -0.3853553390593267847 ) ) ;
#222 = CARTESIAN_POINT ( 'NONE',  ( -4.200000000000000178, -0.4343145750507612091, 0.3000000000000004330 ) ) ;
#223 = VERTEX_POINT ( 'NONE', #2266 ) ;
#224 = DIRECTION ( 'NONE',  ( 1.000000000000000000, 0.000000000000000000, 0.000000000000000000 ) ) ;
#225 = CARTESIAN_POINT ( 'NONE',  ( 3.432842712474618363, -0.4085786437626907630, -0.6449747468305802034 ) ) ;
#226 = ORIENTED_EDGE ( 'NONE', *, *, #1824, .F. ) ;
#227 = DIRECTION ( 'NONE',  ( -0.000000000000000000, -1.000000000000000000, -0.000000000000000000 ) ) ;
#228 = CARTESIAN_POINT ( 'NONE',  ( -4.850000000000000533, -0.3499999999999999778, -0.2207106781186527755 ) ) ;
#229 = EDGE_LOOP ( 'NONE', ( #2125 ) ) ;
#230 = CARTESIAN_POINT ( 'NONE',  ( 9.293161478447181743E-17, -0.3499999999999999778, 10.00000000000000178 ) ) ;
#231 = ORIENTED_EDGE ( 'NONE', *, *, #2770, .T. ) ;
#232 = FACE_OUTER_BOUND ( 'NONE', #2702, .T. ) ;
#233 = AXIS2_PLACEMENT_3D ( 'NONE', #3233, #1799, #471 ) ;
#234 = ADVANCED_FACE ( 'NONE', ( #905 ), #3157, .T. ) ;
#235 = CARTESIAN_POINT ( 'NONE',  ( 3.518916945484436454, -0.000000000000000000, 1.250704453605158140 ) ) ;
#236 = ORIENTED_EDGE ( 'NONE', *, *, #1926, .F. ) ;
#237 = CARTESIAN_POINT ( 'NONE',  ( -3.605089425251788882, -0.1633919657439072970, -0.3269813903364689467 ) ) ;
#238 = ADVANCED_FACE ( 'NONE', ( #671 ), #3031, .T. ) ;
#239 = FACE_OUTER_BOUND ( 'NONE', #3532, .T. ) ;
#240 = ORIENTED_EDGE ( 'NONE', *, *, #2200, .F. ) ;
#241 = CARTESIAN_POINT ( 'NONE',  ( 4.599999999999999645, 0.000000000000000000, -0.2171572875253784396 ) ) ;
#242 = VECTOR ( 'NONE', #3079, 1000.000000000000000 ) ;
#243 = DIRECTION ( 'NONE',  ( 0.000000000000000000, 0.000000000000000000, 1.000000000000000000 ) ) ;
#244 = CARTESIAN_POINT ( 'NONE',  ( 3.149999999999999023, -0.3500000000000001998, 1.152081528017129042 ) ) ;
#245 = EDGE_CURVE ( 'NONE', #2226, #334, #3384, .T. ) ;
#246 = ORIENTED_EDGE ( 'NONE', *, *, #1895, .T. ) ;
#247 = ORIENTED_EDGE ( 'NONE', *, *, #1691, .F. ) ;
#248 = CARTESIAN_POINT ( 'NONE',  ( -3.799999999999999822, -0.09289321881345355414, -0.3242640687119244802 ) ) ;
#249 = VERTEX_POINT ( 'NONE', #113 ) ;
#250 = FACE_OUTER_BOUND ( 'NONE', #2788, .T. ) ;
#251 = DIRECTION ( 'NONE',  ( 0.000000000000000000, -0.000000000000000000, 1.000000000000000000 ) ) ;
#252 = TOROIDAL_SURFACE ( 'NONE', #2264, 1.000000000000000000, 0.2000000000000000111 ) ;
#253 = CARTESIAN_POINT ( 'NONE',  ( 3.429788878006462038, 0.000000000000000000, 1.031370849898472608 ) ) ;
#254 = VERTEX_POINT ( 'NONE', #1470 ) ;
#255 = LINE ( 'NONE', #2671, #183 ) ;
#256 = AXIS2_PLACEMENT_3D ( 'NONE', #1805, #3542, #3265 ) ;
#257 = CARTESIAN_POINT ( 'NONE',  ( 3.799999999999999822, -0.09289321881345331822, 0.9242640687119254572 ) ) ;
#258 = EDGE_CURVE ( 'NONE', #1378, #2485, #95, .T. ) ;
#259 = ADVANCED_FACE ( 'NONE', ( #2312 ), #2819, .F. ) ;
#260 = ORIENTED_EDGE ( 'NONE', *, *, #3392, .T. ) ;
#261 = CARTESIAN_POINT ( 'NONE',  ( 5.000000000000000000, 0.000000000000000000, 3.500000000000000888 ) ) ;
#262 = DIRECTION ( 'NONE',  ( -1.000000000000000000, -0.000000000000000000, -0.000000000000000000 ) ) ;
#263 = CARTESIAN_POINT ( 'NONE',  ( -3.600000000000000089, -0.1999999999999999833, -0.2171572875253784396 ) ) ;
#264 = ORIENTED_EDGE ( 'NONE', *, *, #2050, .T. ) ;
#265 = ORIENTED_EDGE ( 'NONE', *, *, #413, .T. ) ;
#266 = DIRECTION ( 'NONE',  ( -1.000000000000000000, 0.000000000000000000, -0.000000000000000000 ) ) ;
#267 = DIRECTION ( 'NONE',  ( -1.000000000000000000, 0.000000000000000000, 0.000000000000000000 ) ) ;
#268 = ORIENTED_EDGE ( 'NONE', *, *, #391, .T. ) ;
#269 = VECTOR ( 'NONE', #3454, 1000.000000000000000 ) ;
#270 = CARTESIAN_POINT ( 'NONE',  ( 3.614894439003230708, -0.1464466094067267687, 0.9778174593051991437 ) ) ;
#271 = CYLINDRICAL_SURFACE ( 'NONE', #3347, 0.2000000000000000944 ) ;
#272 = CARTESIAN_POINT ( 'NONE',  ( 3.575798016802557378, 1.355252715606880543E-17, -0.3891285509743928617 ) ) ;
#273 = AXIS2_PLACEMENT_3D ( 'NONE', #2839, #2602, #713 ) ;
#274 = ORIENTED_EDGE ( 'NONE', *, *, #2748, .T. ) ;
#275 = CARTESIAN_POINT ( 'NONE',  ( 4.424201983197439070, -1.355252715606880388E-17, 0.9891285509743920068 ) ) ;
#276 = CARTESIAN_POINT ( 'NONE',  ( -3.582468494505201662, 1.263270574311312844E-14, 0.8697518592399171578 ) ) ;
#277 = CARTESIAN_POINT ( 'NONE',  ( 4.570211121993538406, 0.000000000000000000, -0.4313708498984711315 ) ) ;
#278 = CIRCLE ( 'NONE', #623, 1.499999999999999556 ) ;
#279 = CARTESIAN_POINT ( 'NONE',  ( 3.429788878006462038, 0.000000000000000000, -0.4313708498984715201 ) ) ;
#280 = CIRCLE ( 'NONE', #2110, 0.2000000000000000111 ) ;
#281 = CARTESIAN_POINT ( 'NONE',  ( 4.450000000000001066, -0.4085786437626907630, 1.244974746830581180 ) ) ;
#282 = VERTEX_POINT ( 'NONE', #3419 ) ;
#283 = CARTESIAN_POINT ( 'NONE',  ( 4.400000000000000355, -0.5757359312880704350, 0.4414213562373099364 ) ) ;
#284 = DIRECTION ( 'NONE',  ( 0.000000000000000000, 0.000000000000000000, 1.000000000000000000 ) ) ;
#285 = ORIENTED_EDGE ( 'NONE', *, *, #2283, .T. ) ;
#286 = FACE_BOUND ( 'NONE', #2980, .T. ) ;
#287 = EDGE_CURVE ( 'NONE', #1138, #1246, #78, .T. ) ;
#288 = CARTESIAN_POINT ( 'NONE',  ( 3.725182646679781495, 0.000000000000000000, 1.539737534738561786 ) ) ;
#289 = DIRECTION ( 'NONE',  ( 0.000000000000000000, -0.7071067811865485719, -0.7071067811865465735 ) ) ;
#290 = AXIS2_PLACEMENT_3D ( 'NONE', #2766, #296, #1400 ) ;
#291 = EDGE_CURVE ( 'NONE', #342, #2118, #346, .T. ) ;
#292 = CARTESIAN_POINT ( 'NONE',  ( 0.000000000000000000, -1.400000000000000133, -0.2999999999999981570 ) ) ;
#293 = DIRECTION ( 'NONE',  ( 0.000000000000000000, 0.7071067811865483499, 0.7071067811865466846 ) ) ;
#294 = CARTESIAN_POINT ( 'NONE',  ( -4.256110115494568191, -4.928777858786042080E-05, 1.524470988086404244 ) ) ;
#295 = ORIENTED_EDGE ( 'NONE', *, *, #1771, .T. ) ;
#296 = DIRECTION ( 'NONE',  ( 0.000000000000000000, -0.7071067811865485719, 0.7071067811865465735 ) ) ;
#297 = CARTESIAN_POINT ( 'NONE',  ( 3.149999999999999467, -0.3499999999999999778, -0.2207106781186526367 ) ) ;
#298 = LINE ( 'NONE', #3275, #3396 ) ;
#299 = ORIENTED_EDGE ( 'NONE', *, *, #324, .F. ) ;
#300 = VECTOR ( 'NONE', #702, 1000.000000000000000 ) ;
#301 = AXIS2_PLACEMENT_3D ( 'NONE', #3050, #907, #1992 ) ;
#302 = DIRECTION ( 'NONE',  ( 1.000000000000000000, 0.000000000000000000, -0.000000000000000000 ) ) ;
#303 = CARTESIAN_POINT ( 'NONE',  ( 4.400000000000000355, -0.1999999999999999833, 0.8171572875253796386 ) ) ;
#304 = EDGE_LOOP ( 'NONE', ( #3027, #1524, #3320 ) ) ;
#305 = EDGE_CURVE ( 'NONE', #3441, #13, #1978, .T. ) ;
#306 = CARTESIAN_POINT ( 'NONE',  ( -3.149999999999999467, -0.3499999999999999778, 0.8207106781186536137 ) ) ;
#307 = EDGE_CURVE ( 'NONE', #2429, #1333, #1075, .T. ) ;
#308 = EDGE_LOOP ( 'NONE', ( #2625, #120, #1356, #2389 ) ) ;
#309 = FACE_OUTER_BOUND ( 'NONE', #479, .T. ) ;
#310 = DIRECTION ( 'NONE',  ( 0.000000000000000000, -0.7071067811865485719, -0.7071067811865465735 ) ) ;
#311 = AXIS2_PLACEMENT_3D ( 'NONE', #2726, #3563, #600 ) ;
#312 = EDGE_CURVE ( 'NONE', #2864, #1621, #1532, .T. ) ;
#313 = CARTESIAN_POINT ( 'NONE',  ( -3.600000000000000089, -0.1999999999999998723, 0.8171572875253795276 ) ) ;
#314 = CARTESIAN_POINT ( 'NONE',  ( -4.200000000000000178, -1.355252715606880543E-17, 1.631370849898473807 ) ) ;
#315 = EDGE_LOOP ( 'NONE', ( #109, #209, #3300, #2340, #1406, #470, #3472, #322, #1079, #1135, #17, #274, #2694, #2089, #2687 ) ) ;
#316 = CARTESIAN_POINT ( 'NONE',  ( 4.000000000000000000, -0.3499999999999999778, -3.499999999999999556 ) ) ;
#317 = EDGE_CURVE ( 'NONE', #1438, #1889, #3104, .T. ) ;
#318 = DIRECTION ( 'NONE',  ( 1.000000000000000000, -0.000000000000000000, 0.000000000000000000 ) ) ;
#319 = AXIS2_PLACEMENT_3D ( 'NONE', #2210, #1373, #2455 ) ;
#320 = CARTESIAN_POINT ( 'NONE',  ( -4.599143985066374007, -0.3500000000000002554, 1.243236400998744440 ) ) ;
#321 = DIRECTION ( 'NONE',  ( 0.000000000000000000, -0.7071067811865462405, -0.7071067811865489050 ) ) ;
#322 = ORIENTED_EDGE ( 'NONE', *, *, #1563, .T. ) ;
#323 = CARTESIAN_POINT ( 'NONE',  ( -3.549999999999999822, -0.4085786437626907630, 1.244974746830581180 ) ) ;
#324 = EDGE_CURVE ( 'NONE', #2058, #1125, #2014, .T. ) ;
#325 = ORIENTED_EDGE ( 'NONE', *, *, #2707, .T. ) ;
#326 = FACE_OUTER_BOUND ( 'NONE', #890, .T. ) ;
#327 = ORIENTED_EDGE ( 'NONE', *, *, #899, .F. ) ;
#328 =( BOUNDED_SURFACE ( )  B_SPLINE_SURFACE ( 3, 2, ( 
 ( #1747, #659, #102 ),
 ( #385, #2301, #351 ),
 ( #1203, #594, #2805 ),
 ( #1983, #3406, #931 ),
 ( #1687, #1224, #1158 ),
 ( #3335, #1420, #370 ) ),
 .UNSPECIFIED., .F., .F., .T. ) 
 B_SPLINE_SURFACE_WITH_KNOTS ( ( 4, 2, 4 ),
 ( 3, 3 ),
 ( 1.570796326794896558, 2.356194490192344837, 3.141592653589793116 ),
 ( 0.000000000000000000, 1.000000000000000000 ),
 .UNSPECIFIED. ) 
 GEOMETRIC_REPRESENTATION_ITEM ( )  RATIONAL_B_SPLINE_SURFACE ( (
 ( 1.000000000000000000, 0.7071067811865475727, 1.000000000000000000),
 ( 1.000000000000000000, 0.7727933219847921142, 1.000000000000000000),
 ( 1.000000000000000000, 0.8282379279634346503, 1.000000000000000000),
 ( 1.000000000000000000, 0.9038128796054429870, 1.000000000000000000),
 ( 1.000000000000000000, 0.9240296925887140356, 1.000000000000000000),
 ( 1.000000000000000000, 0.9238795325112865164, 1.000000000000000000) ) ) 
 REPRESENTATION_ITEM ( '' )  SURFACE ( )  );
#329 = CARTESIAN_POINT ( 'NONE',  ( -3.550000000000000711, -0.3500000000000000333, -0.7863961030678897624 ) ) ;
#330 = CARTESIAN_POINT ( 'NONE',  ( 5.000000000000000000, 0.000000000000000000, 4.500000000000000888 ) ) ;
#331 = CARTESIAN_POINT ( 'NONE',  ( -4.481095082172448230, 2.710505431213761085E-17, 1.250684230694712129 ) ) ;
#332 = VERTEX_POINT ( 'NONE', #1235 ) ;
#333 = CARTESIAN_POINT ( 'NONE',  ( -4.200000000000000178, 0.000000000000000000, -1.031370849898473052 ) ) ;
#334 = VERTEX_POINT ( 'NONE', #2837 ) ;
#335 = CARTESIAN_POINT ( 'NONE',  ( -3.549999999999999822, -0.6853553390593259964, 0.6853553390593278838 ) ) ;
#336 = FACE_OUTER_BOUND ( 'NONE', #3479, .T. ) ;
#337 = ORIENTED_EDGE ( 'NONE', *, *, #1334, .T. ) ;
#338 = AXIS2_PLACEMENT_3D ( 'NONE', #1024, #1599, #1820 ) ;
#339 = DIRECTION ( 'NONE',  ( 0.000000000000000000, 0.000000000000000000, 1.000000000000000000 ) ) ;
#340 = ORIENTED_EDGE ( 'NONE', *, *, #1579, .T. ) ;
#341 = CIRCLE ( 'NONE', #2356, 0.9999999999999995559 ) ;
#342 = VERTEX_POINT ( 'NONE', #654 ) ;
#343 = CARTESIAN_POINT ( 'NONE',  ( 3.582468494505205214, 1.536689416536491912E-14, 0.8697518592399098303 ) ) ;
#344 = CARTESIAN_POINT ( 'NONE',  ( -3.315764363091251887, -0.3499999999999555689, 0.9234176966986070711 ) ) ;
#345 = EDGE_CURVE ( 'NONE', #2108, #767, #2094, .T. ) ;
#346 = LINE ( 'NONE', #889, #1139 ) ;
#347 = TOROIDAL_SURFACE ( 'NONE', #2480, 0.1999999999999997891, 0.2000000000000000111 ) ;
#348 = LINE ( 'NONE', #2510, #2542 ) ;
#349 = CARTESIAN_POINT ( 'NONE',  ( -4.502506923578163622, -0.4085786440527846564, 1.244974746540487454 ) ) ;
#350 = DIRECTION ( 'NONE',  ( 0.000000000000000000, -0.7071067811865463515, -0.7071067811865487940 ) ) ;
#351 = CARTESIAN_POINT ( 'NONE',  ( 3.349999999999999645, -0.5128719982746184902, 0.9320946832948386884 ) ) ;
#352 = CARTESIAN_POINT ( 'NONE',  ( -4.589825535998275363, 0.000000000000000000, 0.9635742625348032719 ) ) ;
#353 = ORIENTED_EDGE ( 'NONE', *, *, #1535, .T. ) ;
#354 = CARTESIAN_POINT ( 'NONE',  ( -4.589944379292427712, 0.000000000000000000, -0.3631634848345863253 ) ) ;
#355 = EDGE_CURVE ( 'NONE', #121, #2342, #708, .T. ) ;
#356 = ORIENTED_EDGE ( 'NONE', *, *, #1644, .T. ) ;
#357 = EDGE_LOOP ( 'NONE', ( #779, #140, #171 ) ) ;
#358 = CIRCLE ( 'NONE', #877, 0.1999999999999997891 ) ;
#359 = CARTESIAN_POINT ( 'NONE',  ( 4.424201983197443511, 8.809142651444723526E-17, 0.9891285509743941162 ) ) ;
#360 = CARTESIAN_POINT ( 'NONE',  ( 3.497493076421824387, -0.4085786440527516827, -0.6449747465405192282 ) ) ;
#361 = CARTESIAN_POINT ( 'NONE',  ( -3.150000000145075862, -0.3500000000000000333, 0.9692226850195231336 ) ) ;
#362 = DIRECTION ( 'NONE',  ( 0.000000000000000000, 0.000000000000000000, 1.000000000000000000 ) ) ;
#363 = EDGE_CURVE ( 'NONE', #2099, #2591, #2569, .T. ) ;
#364 = EDGE_CURVE ( 'NONE', #1720, #2288, #1013, .T. ) ;
#365 = CARTESIAN_POINT ( 'NONE',  ( 4.650000000000000355, -0.4671572875253811596, -0.4692388155425092910 ) ) ;
#366 = ADVANCED_FACE ( 'NONE', ( #1267 ), #252, .F. ) ;
#367 = CARTESIAN_POINT ( 'NONE',  ( -3.600000000000000089, -0.4343145750507612091, 0.3000000000000004330 ) ) ;
#368 = ORIENTED_EDGE ( 'NONE', *, *, #1213, .F. ) ;
#369 = CARTESIAN_POINT ( 'NONE',  ( 3.349999999999999645, -0.5500000000000000444, -0.2207106781186526367 ) ) ;
#370 = CARTESIAN_POINT ( 'NONE',  ( 3.550000000000000266, -0.4085786437626908740, 1.244974746830581180 ) ) ;
#371 = CARTESIAN_POINT ( 'NONE',  ( -4.424201983197443511, -6.776263578034402713E-18, 0.9891285509743945603 ) ) ;
#372 = CARTESIAN_POINT ( 'NONE',  ( -3.349999999999999645, -0.4671572875253811596, 1.069238815542510102 ) ) ;
#373 = CIRCLE ( 'NONE', #2385, 0.6357864376269060092 ) ;
#374 = ORIENTED_EDGE ( 'NONE', *, *, #1765, .T. ) ;
#375 = CARTESIAN_POINT ( 'NONE',  ( 4.268347208196840548, -0.01510183105585941737, 1.409080095977721880 ) ) ;
#376 = EDGE_LOOP ( 'NONE', ( #3349, #1496, #1804 ) ) ;
#377 = ORIENTED_EDGE ( 'NONE', *, *, #2163, .T. ) ;
#378 = CARTESIAN_POINT ( 'NONE',  ( 3.549999999999999822, -0.4085786437626906520, -0.6449747468305802034 ) ) ;
#379 = CARTESIAN_POINT ( 'NONE',  ( 3.631265345856576232, -0.1131032455349732235, -0.4677463327692076844 ) ) ;
#380 = CARTESIAN_POINT ( 'NONE',  ( -3.799999999999999822, 0.000000000000000000, 1.631370849898473807 ) ) ;
#381 = AXIS2_PLACEMENT_3D ( 'NONE', #1775, #2890, #1516 ) ;
#382 = CARTESIAN_POINT ( 'NONE',  ( -4.450000000000001066, -0.3499999999999999778, -0.7863961030678897624 ) ) ;
#383 = DIRECTION ( 'NONE',  ( -1.000000000000000000, 0.000000000000000000, 0.000000000000000000 ) ) ;
#384 = CARTESIAN_POINT ( 'NONE',  ( -4.200000000000000178, 0.000000000000000000, 1.631370849898473807 ) ) ;
#385 = CARTESIAN_POINT ( 'NONE',  ( 3.150000000145075862, -0.3500000000000001443, 0.9692226850195106991 ) ) ;
#386 = CARTESIAN_POINT ( 'NONE',  ( -3.650185146621464316, 2.710505431213761085E-17, -0.8479687580590015150 ) ) ;
#387 = ORIENTED_EDGE ( 'NONE', *, *, #3453, .F. ) ;
#388 = CARTESIAN_POINT ( 'NONE',  ( -4.600000000000000533, 2.710505431213761085E-17, 0.8908529287547379827 ) ) ;
#389 = ORIENTED_EDGE ( 'NONE', *, *, #634, .F. ) ;
#390 = ORIENTED_EDGE ( 'NONE', *, *, #1161, .F. ) ;
#391 = EDGE_CURVE ( 'NONE', #1019, #2574, #3527, .T. ) ;
#392 = CARTESIAN_POINT ( 'NONE',  ( 3.600000000000000089, -0.5757359312880704350, 0.4414213562373099919 ) ) ;
#393 = AXIS2_PLACEMENT_3D ( 'NONE', #592, #1924, #1134 ) ;
#394 = FACE_OUTER_BOUND ( 'NONE', #2247, .T. ) ;
#395 = CARTESIAN_POINT ( 'NONE',  ( 3.725053670137197237, 0.000000000000000000, -0.9395795694048909574 ) ) ;
#396 = CARTESIAN_POINT ( 'NONE',  ( -3.429788878006462038, 0.000000000000000000, 1.031370849898472608 ) ) ;
#397 = ADVANCED_FACE ( 'NONE', ( #2113 ), #1250, .F. ) ;
#398 = CARTESIAN_POINT ( 'NONE',  ( 4.650000000000001243, -0.3500000000000000888, 0.8207106781186536137 ) ) ;
#399 = PRODUCT_RELATED_PRODUCT_CATEGORY ( 'part', '', ( #3582 ) ) ;
#400 = AXIS2_PLACEMENT_3D ( 'NONE', #3414, #1791, #2345 ) ;
#401 = DIRECTION ( 'NONE',  ( 0.000000000000000000, 0.7071067811865485719, -0.7071067811865465735 ) ) ;
#402 = PLANE ( 'NONE',  #1702 ) ;
#403 = CARTESIAN_POINT ( 'NONE',  ( -3.315685424949237792, -0.3499999999999999778, 1.386396103067890850 ) ) ;
#404 = AXIS2_PLACEMENT_3D ( 'NONE', #2620, #152, #3004 ) ;
#405 = ADVANCED_FACE ( 'NONE', ( #483 ), #199, .T. ) ;
#406 = CARTESIAN_POINT ( 'NONE',  ( -3.462867451490217352, -2.710505431213761085E-17, -0.5457056698970940145 ) ) ;
#407 = EDGE_LOOP ( 'NONE', ( #2124, #953, #2731, #790 ) ) ;
#408 = CARTESIAN_POINT ( 'NONE',  ( -4.394972189646213501, -0.1634984506726977482, 0.9266619355072858166 ) ) ;
#409 = ADVANCED_FACE ( 'NONE', ( #758 ), #991, .T. ) ;
#410 = ORIENTED_EDGE ( 'NONE', *, *, #1277, .F. ) ;
#411 = ORIENTED_EDGE ( 'NONE', *, *, #2010, .T. ) ;
#412 = CARTESIAN_POINT ( 'NONE',  ( 4.200000000000000178, -0.8585786437626907741, 0.4414213562373104915 ) ) ;
#413 = EDGE_CURVE ( 'NONE', #1812, #3326, #717, .T. ) ;
#414 = EDGE_CURVE ( 'NONE', #2518, #282, #1933, .T. ) ;
#415 = CARTESIAN_POINT ( 'NONE',  ( 3.399999999999999911, 0.000000000000000000, 0.8171572875253794166 ) ) ;
#416 = CARTESIAN_POINT ( 'NONE',  ( 3.799999999999999822, -0.8000000000000000444, -1.031370849898473052 ) ) ;
#417 = CIRCLE ( 'NONE', #128, 1.342893218813452361 ) ;
#418 = DIRECTION ( 'NONE',  ( 0.000000000000000000, -0.7071067811865485719, -0.7071067811865465735 ) ) ;
#419 = CARTESIAN_POINT ( 'NONE',  ( 4.524344025746013465, -0.3499999999999688360, 1.303553389938405749 ) ) ;
#420 = CARTESIAN_POINT ( 'NONE',  ( 4.424201983197444399, 6.098637220230962441E-17, -0.3891285509743943605 ) ) ;
#421 = EDGE_CURVE ( 'NONE', #2883, #2485, #2732, .T. ) ;
#422 = DIRECTION ( 'NONE',  ( 0.000000000000000000, 0.000000000000000000, -1.000000000000000000 ) ) ;
#423 = CARTESIAN_POINT ( 'NONE',  ( 4.400000000000000355, -0.4343145750507612091, 0.3000000000000004330 ) ) ;
#424 = AXIS2_PLACEMENT_3D ( 'NONE', #3579, #2186, #1949 ) ;
#425 = VERTEX_POINT ( 'NONE', #2174 ) ;
#426 = VERTEX_POINT ( 'NONE', #2914 ) ;
#427 = ORIENTED_EDGE ( 'NONE', *, *, #1957, .T. ) ;
#428 = ORIENTED_EDGE ( 'NONE', *, *, #3107, .T. ) ;
#429 = DIRECTION ( 'NONE',  ( -1.000000000000000000, 0.000000000000000000, 0.000000000000000000 ) ) ;
#430 = EDGE_CURVE ( 'NONE', #1862, #1369, #2806, .T. ) ;
#431 = DIRECTION ( 'NONE',  ( 1.000000000000000000, 0.000000000000000000, 0.000000000000000000 ) ) ;
#432 =( BOUNDED_SURFACE ( )  B_SPLINE_SURFACE ( 3, 2, ( 
 ( #1739, #3382, #378 ),
 ( #1214, #2628, #360 ),
 ( #92, #2326, #906 ),
 ( #1484, #2834, #3430 ),
 ( #1196, #957, #3155 ),
 ( #1772, #2292, #2888 ) ),
 .UNSPECIFIED., .F., .F., .F. ) 
 B_SPLINE_SURFACE_WITH_KNOTS ( ( 4, 2, 4 ),
 ( 3, 3 ),
 ( 0.000000000000000000, 0.7853981633974482790, 1.570796326794896558 ),
 ( 0.000000000000000000, 1.000000000000000000 ),
 .UNSPECIFIED. ) 
 GEOMETRIC_REPRESENTATION_ITEM ( )  RATIONAL_B_SPLINE_SURFACE ( (
 ( 1.000000000000000000, 0.9238795325112865164, 1.000000000000000000),
 ( 1.000000000000000000, 0.9240296925886994917, 1.000000000000000000),
 ( 1.000000000000000000, 0.9038128796054620828, 1.000000000000000000),
 ( 1.000000000000000000, 0.8282379279634151104, 1.000000000000000000),
 ( 1.000000000000000000, 0.7727933219848068802, 1.000000000000000000),
 ( 1.000000000000000000, 0.7071067811865476838, 1.000000000000000000) ) ) 
 REPRESENTATION_ITEM ( '' )  SURFACE ( )  );
#433 = AXIS2_PLACEMENT_3D ( 'NONE', #3398, #2310, #2027 ) ;
#434 = CARTESIAN_POINT ( 'NONE',  ( -4.385105560996770180, -0.1464466094067267965, -0.3778174593051978891 ) ) ;
#435 = CARTESIAN_POINT ( 'NONE',  ( -4.368734654143430873, -0.1131032455349716276, -0.4677463327691856465 ) ) ;
#436 = CARTESIAN_POINT ( 'NONE',  ( 4.570211121993538406, 0.000000000000000000, 1.031370849898472164 ) ) ;
#437 = DIRECTION ( 'NONE',  ( 0.000000000000000000, -1.000000000000000000, 0.000000000000000000 ) ) ;
#438 = DIRECTION ( 'NONE',  ( -0.000000000000000000, -1.000000000000000000, -0.000000000000000000 ) ) ;
#439 = MANIFOLD_SOLID_BREP ( 'Fillet8', #1982 ) ;
#440 = CARTESIAN_POINT ( 'NONE',  ( -4.450000000000001066, -0.3500000000000000333, -0.7863961030678898734 ) ) ;
#441 = ORIENTED_EDGE ( 'NONE', *, *, #258, .F. ) ;
#442 = VECTOR ( 'NONE', #2587, 1000.000000000000000 ) ;
#443 = DIRECTION ( 'NONE',  ( 0.000000000000000000, -1.761828530288944705E-15, 1.000000000000000000 ) ) ;
#444 = EDGE_LOOP ( 'NONE', ( #534, #1836, #1614, #1899, #2189, #202, #3137, #2991, #3212, #604, #2040, #1339, #1088, #997, #1194 ) ) ;
#445 = LINE ( 'NONE', #2109, #3513 ) ;
#446 = DIRECTION ( 'NONE',  ( 1.000000000000000000, -0.000000000000000000, 0.000000000000000000 ) ) ;
#447 = CARTESIAN_POINT ( 'NONE',  ( 3.650003295204067744, 2.710505431213761085E-17, -0.8477483107084320402 ) ) ;
#448 = CIRCLE ( 'NONE', #1377, 0.6499999999999998002 ) ;
#449 = AXIS2_PLACEMENT_3D ( 'NONE', #3242, #2382, #2403 ) ;
#450 = EDGE_CURVE ( 'NONE', #682, #121, #2923, .T. ) ;
#451 = CARTESIAN_POINT ( 'NONE',  ( 4.400000000000000355, -0.7171572875253797719, 0.5828427124746197174 ) ) ;
#452 = DIRECTION ( 'NONE',  ( 0.000000000000000000, -0.7071067811865485719, 0.7071067811865465735 ) ) ;
#453 = DIRECTION ( 'NONE',  ( -0.000000000000000000, -0.7071067811865485719, 0.7071067811865465735 ) ) ;
#454 = CARTESIAN_POINT ( 'NONE',  ( 4.570211121993537517, 2.710505431213761085E-17, -0.4313708498984730189 ) ) ;
#455 = ORIENTED_EDGE ( 'NONE', *, *, #2595, .T. ) ;
#456 = DIRECTION ( 'NONE',  ( -0.9606055563214168647, 0.000000000000000000, -0.2779153920969853475 ) ) ;
#457 = CYLINDRICAL_SURFACE ( 'NONE', #2363, 0.3999999999999998002 ) ;
#458 = ORIENTED_EDGE ( 'NONE', *, *, #679, .T. ) ;
#460 = CARTESIAN_POINT ( 'NONE',  ( -4.684314575050761320, -0.3499999999999999778, -0.7863961030678897624 ) ) ;
#459 = AXIS2_PLACEMENT_3D ( 'NONE', #2267, #2213, #1916 ) ;
#461 = ORIENTED_EDGE ( 'NONE', *, *, #3176, .T. ) ;
#462 = ORIENTED_EDGE ( 'NONE', *, *, #3164, .F. ) ;
#463 = CARTESIAN_POINT ( 'NONE',  ( -3.349999999999999645, 0.000000000000000000, 0.000000000000000000 ) ) ;
#464 = CARTESIAN_POINT ( 'NONE',  ( -3.349999999999999645, -0.4343145750507612091, 0.3000000000000004330 ) ) ;
#465 = EDGE_LOOP ( 'NONE', ( #3296, #599, #1859, #73 ) ) ;
#466 = VECTOR ( 'NONE', #2245, 1000.000000000000000 ) ;
#467 = CARTESIAN_POINT ( 'NONE',  ( 0.000000000000000000, -1.500000000000000222, -0.2999999999999981570 ) ) ;
#468 = CARTESIAN_POINT ( 'NONE',  ( 4.200000000000000178, -2.710505431213761085E-17, -1.031370849898473052 ) ) ;
#469 = ADVANCED_FACE ( 'NONE', ( #3336 ), #1100, .F. ) ;
#470 = ORIENTED_EDGE ( 'NONE', *, *, #2690, .T. ) ;
#471 = DIRECTION ( 'NONE',  ( 0.000000000000000000, 0.000000000000000000, 1.000000000000000000 ) ) ;
#472 = ADVANCED_FACE ( 'NONE', ( #2227 ), #827, .F. ) ;
#473 = FACE_OUTER_BOUND ( 'NONE', #2482, .T. ) ;
#474 = ORIENTED_EDGE ( 'NONE', *, *, #1577, .F. ) ;
#475 = CARTESIAN_POINT ( 'NONE',  ( -3.149999999999999467, -0.3499999999999999778, -0.2207106781186526923 ) ) ;
#476 = EDGE_LOOP ( 'NONE', ( #1261, #2146, #2072, #3444, #377 ) ) ;
#477 = ORIENTED_EDGE ( 'NONE', *, *, #144, .T. ) ;
#478 = TOROIDAL_SURFACE ( 'NONE', #2957, 0.6357864376269060092, 1.000000000000000000 ) ;
#479 = EDGE_LOOP ( 'NONE', ( #751, #1718, #1200, #3285 ) ) ;
#480 = CARTESIAN_POINT ( 'NONE',  ( 4.200000000000000178, -0.7171572875253797719, 0.5828427124746197174 ) ) ;
#481 = B_SPLINE_CURVE_WITH_KNOTS ( 'NONE', 3,
 ( #1418, #3077, #1439, #2823, #1239, #2337 ),
 .UNSPECIFIED., .F., .F.,
 ( 4, 2, 4 ),
 ( -4.898979485729458034E-06, 0.0003499935496626654214, 0.0007048860788110603796 ),
 .UNSPECIFIED. ) ;
#482 = LINE ( 'NONE', #3281, #2533 ) ;
#483 = FACE_OUTER_BOUND ( 'NONE', #1296, .T. ) ;
#484 = ORIENTED_EDGE ( 'NONE', *, *, #312, .T. ) ;
#485 = CARTESIAN_POINT ( 'NONE',  ( -3.399999999999999911, 2.710505431213761085E-17, -0.2908529287547367281 ) ) ;
#486 = CARTESIAN_POINT ( 'NONE',  ( 4.400000000000000355, -0.5757359312880704350, 0.1585786437626908740 ) ) ;
#487 = ORIENTED_EDGE ( 'NONE', *, *, #2922, .T. ) ;
#488 = CARTESIAN_POINT ( 'NONE',  ( -3.799999999999999822, 0.000000000000000000, 1.631370849898473807 ) ) ;
#489 = CARTESIAN_POINT ( 'NONE',  ( -3.634553065309529263, -0.1064070382616897487, -0.4858064359041314728 ) ) ;
#490 = EDGE_LOOP ( 'NONE', ( #3119, #1228, #154, #2575 ) ) ;
#491 = LINE ( 'NONE', #1259, #2030 ) ;
#492 = VECTOR ( 'NONE', #1184, 1000.000000000000000 ) ;
#493 = ORIENTED_EDGE ( 'NONE', *, *, #3451, .F. ) ;
#494 = EDGE_CURVE ( 'NONE', #3138, #2880, #860, .T. ) ;
#495 = PLANE ( 'NONE',  #627 ) ;
#496 = ORIENTED_EDGE ( 'NONE', *, *, #633, .F. ) ;
#497 = CARTESIAN_POINT ( 'NONE',  ( 0.000000000000000000, -0.8000000000000000444, -1.031370849898473052 ) ) ;
#498 = EDGE_CURVE ( 'NONE', #2477, #2360, #1441, .T. ) ;
#499 = PLANE ( 'NONE',  #64 ) ;
#500 = VECTOR ( 'NONE', #453, 1000.000000000000000 ) ;
#501 = VERTEX_POINT ( 'NONE', #283 ) ;
#502 = CARTESIAN_POINT ( 'NONE',  ( 4.256158130063657730, -4.932995514425341811E-05, 1.524379511696530409 ) ) ;
#503 = CARTESIAN_POINT ( 'NONE',  ( 4.650000000000000355, -0.7525126265847069673, -0.01819805153394622385 ) ) ;
#504 = AXIS2_PLACEMENT_3D ( 'NONE', #3310, #2217, #3566 ) ;
#505 = ADVANCED_FACE ( 'NONE', ( #3375 ), #3253, .T. ) ;
#506 = VECTOR ( 'NONE', #135, 1000.000000000000000 ) ;
#507 = ORIENTED_EDGE ( 'NONE', *, *, #1530, .F. ) ;
#508 = CARTESIAN_POINT ( 'NONE',  ( 4.450000000000001066, -0.3499999999999999778, -0.7863961030678897624 ) ) ;
#509 = DIRECTION ( 'NONE',  ( 0.000000000000000000, -0.7071067811865464625, -0.7071067811865486830 ) ) ;
#510 = ORIENTED_EDGE ( 'NONE', *, *, #2283, .F. ) ;
#511 = CARTESIAN_POINT ( 'NONE',  ( 3.399999999999999911, 0.000000000000000000, -0.2171572875253784396 ) ) ;
#512 = ORIENTED_EDGE ( 'NONE', *, *, #144, .F. ) ;
#513 = EDGE_LOOP ( 'NONE', ( #3379, #1157, #1903, #72 ) ) ;
#514 = ADVANCED_FACE ( 'NONE', ( #3388 ), #1176, .F. ) ;
#515 = FACE_OUTER_BOUND ( 'NONE', #2572, .T. ) ;
#516 = EDGE_LOOP ( 'NONE', ( #2002, #3393, #1969, #843 ) ) ;
#517 = EDGE_CURVE ( 'NONE', #2951, #3080, #2843, .T. ) ;
#518 = AXIS2_PLACEMENT_3D ( 'NONE', #812, #1299, #1585 ) ;
#519 = DIRECTION ( 'NONE',  ( -1.000000000000000000, 0.000000000000000000, 0.000000000000000000 ) ) ;
#520 = DIRECTION ( 'NONE',  ( -0.000000000000000000, -1.000000000000000000, -0.000000000000000000 ) ) ;
#521 = EDGE_CURVE ( 'NONE', #684, #59, #3112, .T. ) ;
#522 = AXIS2_PLACEMENT_3D ( 'NONE', #206, #1034, #3533 ) ;
#523 = EDGE_CURVE ( 'NONE', #934, #49, #2785, .T. ) ;
#524 = CARTESIAN_POINT ( 'NONE',  ( -3.399999999999999911, 0.000000000000000000, 0.8171572875253796386 ) ) ;
#525 = ORIENTED_EDGE ( 'NONE', *, *, #2092, .T. ) ;
#526 = CARTESIAN_POINT ( 'NONE',  ( 4.599999999999999645, 0.000000000000000000, -0.2171572875253784396 ) ) ;
#527 = CARTESIAN_POINT ( 'NONE',  ( -3.614894439003230708, -0.1464466094067267132, 0.9778174593051989216 ) ) ;
#528 = CARTESIAN_POINT ( 'NONE',  ( -4.570211121993538406, 2.710505431213761085E-17, -0.4313708498984711870 ) ) ;
#529 = DIRECTION ( 'NONE',  ( -0.000000000000000000, 0.000000000000000000, -1.000000000000000000 ) ) ;
#530 = DIRECTION ( 'NONE',  ( 1.000000000000000000, -0.000000000000000000, 0.000000000000000000 ) ) ;
#531 =( NAMED_UNIT ( * ) PLANE_ANGLE_UNIT ( ) SI_UNIT ( $, .RADIAN. ) );
#532 = FACE_OUTER_BOUND ( 'NONE', #3362, .T. ) ;
#533 = ORIENTED_EDGE ( 'NONE', *, *, #1003, .T. ) ;
#534 = ORIENTED_EDGE ( 'NONE', *, *, #1515, .F. ) ;
#535 = CARTESIAN_POINT ( 'NONE',  ( -4.200000000000000178, -0.2085786437626889478, -0.2085786437626895307 ) ) ;
#536 = DIRECTION ( 'NONE',  ( 0.000000000000000000, 0.000000000000000000, -1.000000000000000000 ) ) ;
#537 = VERTEX_POINT ( 'NONE', #1733 ) ;
#538 = CARTESIAN_POINT ( 'NONE',  ( 3.149999999999999467, -0.3499999999999999778, -0.2207106781186526367 ) ) ;
#539 = DIRECTION ( 'NONE',  ( 0.000000000000000000, 0.7071067811865465735, 0.7071067811865485719 ) ) ;
#540 = FACE_OUTER_BOUND ( 'NONE', #1295, .T. ) ;
#541 = ORIENTED_EDGE ( 'NONE', *, *, #2269, .F. ) ;
#542 = CARTESIAN_POINT ( 'NONE',  ( 4.314063258384082999, -3.171387404043336272E-15, 1.412674712690301426 ) ) ;
#543 = FACE_OUTER_BOUND ( 'NONE', #881, .T. ) ;
#544 =( BOUNDED_CURVE ( )  B_SPLINE_CURVE ( 3, ( #2538, #2573, #408, #3151 ),
 .UNSPECIFIED., .F., .F. ) 
 B_SPLINE_CURVE_WITH_KNOTS ( ( 4, 4 ),
 ( 1.570796326794896780, 1.959165621768282461 ),
 .UNSPECIFIED. ) 
 CURVE ( )  GEOMETRIC_REPRESENTATION_ITEM ( )  RATIONAL_B_SPLINE_CURVE ( ( 1.000000000000000000, 0.9874702209755055193, 0.9874702209755055193, 1.000000000000000000 ) ) 
 REPRESENTATION_ITEM ( '' )  );
#545 = EDGE_LOOP ( 'NONE', ( #1750, #1572, #205, #1482 ) ) ;
#546 = MECHANICAL_DESIGN_GEOMETRIC_PRESENTATION_REPRESENTATION (  '', ( #35 ), #2032 ) ;
#547 = CARTESIAN_POINT ( 'NONE',  ( -3.725053670137167927, 0.000000000000000000, 1.539579569404925907 ) ) ;
#548 = CARTESIAN_POINT ( 'NONE',  ( 3.799999999999999822, -0.2343145750507628633, 1.065685424949235349 ) ) ;
#549 = APPLICATION_CONTEXT ( 'automotive_design' ) ;
#550 = SHAPE_DEFINITION_REPRESENTATION ( #3021, #1265 ) ;
#551 = CARTESIAN_POINT ( 'NONE',  ( -3.614894439003230708, -0.1464466094067267965, -0.3778174593051978891 ) ) ;
#552 = ORIENTED_EDGE ( 'NONE', *, *, #1408, .T. ) ;
#553 = EDGE_LOOP ( 'NONE', ( #3394, #2070, #2498, #3096 ) ) ;
#554 = ADVANCED_FACE ( 'NONE', ( #2325 ), #2627, .F. ) ;
#555 = DIRECTION ( 'NONE',  ( 0.000000000000000000, 0.7071067811865485719, -0.7071067811865465735 ) ) ;
#556 = CARTESIAN_POINT ( 'NONE',  ( 3.549999999999999822, -0.3499999999999999778, 1.386396103067890850 ) ) ;
#557 = ORIENTED_EDGE ( 'NONE', *, *, #3574, .F. ) ;
#558 = AXIS2_PLACEMENT_3D ( 'NONE', #1757, #2853, #362 ) ;
#559 =( BOUNDED_CURVE ( )  B_SPLINE_CURVE ( 3, ( #2406, #2985, #3455, #2119 ),
 .UNSPECIFIED., .F., .T. ) 
 B_SPLINE_CURVE_WITH_KNOTS ( ( 4, 4 ),
 ( 0.000000000000000000, 1.570796326794896780 ),
 .UNSPECIFIED. ) 
 CURVE ( )  GEOMETRIC_REPRESENTATION_ITEM ( )  RATIONAL_B_SPLINE_CURVE ( ( 1.000000000000000000, 0.8047378541243649375, 0.8047378541243649375, 1.000000000000000000 ) ) 
 REPRESENTATION_ITEM ( '' )  );
#560 = DIRECTION ( 'NONE',  ( -1.000000000000000000, -0.000000000000000000, 0.000000000000000000 ) ) ;
#561 = DIRECTION ( 'NONE',  ( 0.000000000000000000, 1.000000000000000000, 0.000000000000000000 ) ) ;
#562 = FACE_OUTER_BOUND ( 'NONE', #2201, .T. ) ;
#563 = CARTESIAN_POINT ( 'NONE',  ( -3.549999999999999822, -0.3500000000000000333, 1.386396103067890850 ) ) ;
#564 = CARTESIAN_POINT ( 'NONE',  ( 5.000000000000000000, -0.3499999999999999778, 4.500000000000000888 ) ) ;
#565 = CARTESIAN_POINT ( 'NONE',  ( -4.349814853378560997, 2.710505431213761085E-17, 1.447968758059015260 ) ) ;
#566 = EDGE_CURVE ( 'NONE', #648, #2916, #3413, .T. ) ;
#567 = EDGE_LOOP ( 'NONE', ( #2959, #1685, #1875, #1069 ) ) ;
#568 = FACE_OUTER_BOUND ( 'NONE', #545, .T. ) ;
#569 = VECTOR ( 'NONE', #3356, 1000.000000000000000 ) ;
#570 = CARTESIAN_POINT ( 'NONE',  ( -4.850000000000000533, -0.5500000000000000444, 0.8207106781186536137 ) ) ;
#571 = EDGE_CURVE ( 'NONE', #2086, #3520, #1000, .T. ) ;
#572 = EDGE_CURVE ( 'NONE', #2323, #3294, #1909, .T. ) ;
#573 = CARTESIAN_POINT ( 'NONE',  ( 0.000000000000000000, 0.000000000000000000, 0.000000000000000000 ) ) ;
#574 = AXIS2_PLACEMENT_3D ( 'NONE', #564, #2781, #6 ) ;
#575 = DIRECTION ( 'NONE',  ( -1.000000000000000000, 0.000000000000000000, 0.000000000000000000 ) ) ;
#576 = EDGE_LOOP ( 'NONE', ( #2656 ) ) ;
#577 = DIRECTION ( 'NONE',  ( 0.000000000000000000, 0.000000000000000000, 1.000000000000000000 ) ) ;
#578 = EDGE_LOOP ( 'NONE', ( #3546, #649, #2550, #755 ) ) ;
#579 = FACE_OUTER_BOUND ( 'NONE', #1669, .T. ) ;
#580 = ORIENTED_EDGE ( 'NONE', *, *, #1988, .T. ) ;
#581 = EDGE_CURVE ( 'NONE', #2740, #2790, #22, .T. ) ;
#582 =( BOUNDED_CURVE ( )  B_SPLINE_CURVE ( 3, ( #297, #52, #2242, #910 ),
 .UNSPECIFIED., .F., .F. ) 
 B_SPLINE_CURVE_WITH_KNOTS ( ( 4, 4 ),
 ( 4.712388980384689674, 6.283185307179586232 ),
 .UNSPECIFIED. ) 
 CURVE ( )  GEOMETRIC_REPRESENTATION_ITEM ( )  RATIONAL_B_SPLINE_CURVE ( ( 1.000000000000000000, 0.8047378541243649375, 0.8047378541243649375, 1.000000000000000000 ) ) 
 REPRESENTATION_ITEM ( '' )  );
#583 = DIRECTION ( 'NONE',  ( 0.000000000000000000, 0.7071067811865464625, -0.7071067811865486830 ) ) ;
#584 = ADVANCED_FACE ( 'NONE', ( #971, #651 ), #478, .F. ) ;
#585 = CIRCLE ( 'NONE', #2882, 0.4499999999999998446 ) ;
#586 = CARTESIAN_POINT ( 'NONE',  ( -3.549999999999999822, -0.3500000000000001443, 1.303553390593271688 ) ) ;
#587 = PLANE ( 'NONE',  #574 ) ;
#588 = CARTESIAN_POINT ( 'NONE',  ( -4.385105560996770180, -0.1464466094067266855, 0.9778174593051992547 ) ) ;
#589 = DIRECTION ( 'NONE',  ( 0.000000000000000000, -0.7071067811865464625, -0.7071067811865484609 ) ) ;
#590 = DIRECTION ( 'NONE',  ( 0.000000000000000000, 0.7071067811865485719, -0.7071067811865465735 ) ) ;
#591 = CARTESIAN_POINT ( 'NONE',  ( 5.000000000000000000, -0.3499999999999999778, -4.499999999999999112 ) ) ;
#592 = CARTESIAN_POINT ( 'NONE',  ( 4.400000000000000355, -1.176776695296636754, 0.1232233047033636647 ) ) ;
#593 = ORIENTED_EDGE ( 'NONE', *, *, #942, .F. ) ;
#594 = CARTESIAN_POINT ( 'NONE',  ( 3.318423575790477198, -0.3500000000000003664, 1.056713005815298478 ) ) ;
#595 = CIRCLE ( 'NONE', #1730, 0.9257359312880717450 ) ;
#596 = DIRECTION ( 'NONE',  ( 0.000000000000000000, -0.7071067811865465735, 0.7071067811865485719 ) ) ;
#597 = ORIENTED_EDGE ( 'NONE', *, *, #777, .T. ) ;
#598 = CARTESIAN_POINT ( 'NONE',  ( -4.850000000000000533, -0.5500000000000000444, 0.000000000000000000 ) ) ;
#599 = ORIENTED_EDGE ( 'NONE', *, *, #1071, .F. ) ;
#600 = DIRECTION ( 'NONE',  ( 0.000000000000000000, 1.084202172485503842E-15, -1.000000000000000000 ) ) ;
#601 = DIRECTION ( 'NONE',  ( 1.000000000000000000, -0.000000000000000000, -0.000000000000000000 ) ) ;
#602 = VECTOR ( 'NONE', #631, 1000.000000000000000 ) ;
#603 = CARTESIAN_POINT ( 'NONE',  ( -4.537132548509685392, 0.000000000000000000, 1.145705669897072676 ) ) ;
#604 = ORIENTED_EDGE ( 'NONE', *, *, #2817, .T. ) ;
#605 = CARTESIAN_POINT ( 'NONE',  ( 3.462701690414645483, 0.000000000000000000, -0.5451325635471893083 ) ) ;
#606 = FACE_OUTER_BOUND ( 'NONE', #2541, .T. ) ;
#607 = AXIS2_PLACEMENT_3D ( 'NONE', #2902, #431, #2009 ) ;
#608 = ORIENTED_EDGE ( 'NONE', *, *, #2549, .F. ) ;
#609 = DIRECTION ( 'NONE',  ( 1.000000000000000000, 0.000000000000000000, -0.000000000000000000 ) ) ;
#610 = CARTESIAN_POINT ( 'NONE',  ( 4.400000000000000355, -0.8939339828220161932, -0.1596194077712559389 ) ) ;
#611 = ORIENTED_EDGE ( 'NONE', *, *, #1931, .F. ) ;
#612 = DIRECTION ( 'NONE',  ( 0.000000000000000000, 0.000000000000000000, -1.000000000000000000 ) ) ;
#613 = ADVANCED_FACE ( 'NONE', ( #707 ), #2849, .T. ) ;
#614 = ORIENTED_EDGE ( 'NONE', *, *, #2759, .T. ) ;
#615 = VERTEX_POINT ( 'NONE', #392 ) ;
#616 = CARTESIAN_POINT ( 'NONE',  ( 1.499999999999999556, 0.000000000000000000, 5.000000000000001776 ) ) ;
#617 = LINE ( 'NONE', #885, #173 ) ;
#618 = DIRECTION ( 'NONE',  ( -0.000000000000000000, -0.000000000000000000, 1.000000000000000000 ) ) ;
#619 = CARTESIAN_POINT ( 'NONE',  ( 4.400000000000000355, -0.2343145750507628633, 1.065685424949235349 ) ) ;
#620 = CARTESIAN_POINT ( 'NONE',  ( -4.274946329862844507, 0.000000000000000000, -0.9395795694049371427 ) ) ;
#621 = EDGE_CURVE ( 'NONE', #870, #3085, #1848, .T. ) ;
#622 = CARTESIAN_POINT ( 'NONE',  ( -4.684235636908528733, -0.3500000000000001998, 0.9234176966987037716 ) ) ;
#623 = AXIS2_PLACEMENT_3D ( 'NONE', #2895, #624, #700 ) ;
#624 = DIRECTION ( 'NONE',  ( 0.000000000000000000, 1.000000000000000000, 0.000000000000000000 ) ) ;
#625 = DIRECTION ( 'NONE',  ( 0.000000000000000000, 0.000000000000000000, 1.000000000000000000 ) ) ;
#626 = ORIENTED_EDGE ( 'NONE', *, *, #3057, .T. ) ;
#627 = AXIS2_PLACEMENT_3D ( 'NONE', #2149, #2090, #3263 ) ;
#628 = CARTESIAN_POINT ( 'NONE',  ( -3.399999999999999911, 0.000000000000000000, 0.000000000000000000 ) ) ;
#629 = EDGE_LOOP ( 'NONE', ( #3065, #1629, #1245, #2947 ) ) ;
#630 = ORIENTED_EDGE ( 'NONE', *, *, #3574, .T. ) ;
#631 = DIRECTION ( 'NONE',  ( -0.000000000000000000, -0.7071067811865485719, 0.7071067811865465735 ) ) ;
#632 = LINE ( 'NONE', #1233, #2965 ) ;
#633 = EDGE_CURVE ( 'NONE', #1348, #425, #2026, .T. ) ;
#634 = EDGE_CURVE ( 'NONE', #1527, #1179, #3445, .T. ) ;
#635 = ADVANCED_FACE ( 'NONE', ( #3154 ), #686, .F. ) ;
#636 = CARTESIAN_POINT ( 'NONE',  ( -4.400000000000000355, -0.8939339828220161932, -0.1596194077712560500 ) ) ;
#637 = DIRECTION ( 'NONE',  ( -6.195440985631454085E-17, 0.000000000000000000, 1.000000000000000000 ) ) ;
#638 = CIRCLE ( 'NONE', #1828, 0.2000000000000000111 ) ;
#639 = CARTESIAN_POINT ( 'NONE',  ( 3.799999999999999822, -0.8000000000000000444, 1.631370849898473807 ) ) ;
#640 = CIRCLE ( 'NONE', #66, 0.1999999999999996503 ) ;
#641 = DIRECTION ( 'NONE',  ( -0.000000000000000000, -1.000000000000000000, -0.000000000000000000 ) ) ;
#642 = ORIENTED_EDGE ( 'NONE', *, *, #1643, .T. ) ;
#643 = DIRECTION ( 'NONE',  ( 0.000000000000000000, 0.7071067811865485719, 0.7071067811865464625 ) ) ;
#644 = CARTESIAN_POINT ( 'NONE',  ( -4.450000000000001066, -0.4085786437626907630, 1.244974746830581180 ) ) ;
#645 = CARTESIAN_POINT ( 'NONE',  ( -4.385105560996770180, -0.1464466094067265189, 0.9778174593051994767 ) ) ;
#646 = CARTESIAN_POINT ( 'NONE',  ( -3.799999999999999822, -1.355252715606880543E-17, -1.031370849898473052 ) ) ;
#647 = ORIENTED_EDGE ( 'NONE', *, *, #932, .F. ) ;
#648 = VERTEX_POINT ( 'NONE', #2976 ) ;
#649 = ORIENTED_EDGE ( 'NONE', *, *, #1463, .T. ) ;
#650 = CIRCLE ( 'NONE', #3365, 0.1999999999999998168 ) ;
#651 = FACE_OUTER_BOUND ( 'NONE', #1737, .T. ) ;
#652 = DIRECTION ( 'NONE',  ( -1.000000000000000000, 0.000000000000000000, 0.000000000000000000 ) ) ;
#653 = CARTESIAN_POINT ( 'NONE',  ( -4.567157287525381193, -0.4085786437626907630, 1.244974746830580736 ) ) ;
#654 = CARTESIAN_POINT ( 'NONE',  ( -4.850000000000000533, -0.3499999999999999778, -0.2207106781186527755 ) ) ;
#655 = CARTESIAN_POINT ( 'NONE',  ( 4.200000000000000178, -0.8000000000000000444, 1.631370849898473807 ) ) ;
#656 = CARTESIAN_POINT ( 'NONE',  ( -1.500000000000000000, 0.000000000000000000, 10.00000000000000178 ) ) ;
#657 = FACE_OUTER_BOUND ( 'NONE', #308, .T. ) ;
#658 = DIRECTION ( 'NONE',  ( 0.000000000000000000, -0.7071067811865485719, -0.7071067811865465735 ) ) ;
#659 = CARTESIAN_POINT ( 'NONE',  ( 3.349999999999999645, -0.3500000000000001443, 0.8207106781186536137 ) ) ;
#660 = CARTESIAN_POINT ( 'NONE',  ( 3.149999999999999467, -0.3499999999999999778, 1.303553390593271688 ) ) ;
#661 = VECTOR ( 'NONE', #1839, 1000.000000000000000 ) ;
#662 = ORIENTED_EDGE ( 'NONE', *, *, #2224, .F. ) ;
#663 = DIRECTION ( 'NONE',  ( 0.000000000000000000, -0.000000000000000000, 1.000000000000000000 ) ) ;
#664 = ADVANCED_FACE ( 'NONE', ( #515 ), #495, .T. ) ;
#665 = ORIENTED_EDGE ( 'NONE', *, *, #1053, .T. ) ;
#666 = ORIENTED_EDGE ( 'NONE', *, *, #3453, .T. ) ;
#667 = DIRECTION ( 'NONE',  ( 0.000000000000000000, 0.000000000000000000, 1.000000000000000000 ) ) ;
#668 = EDGE_CURVE ( 'NONE', #2494, #1889, #3214, .T. ) ;
#669 = CARTESIAN_POINT ( 'NONE',  ( 3.149999999999999467, -0.5500000000000000444, 0.000000000000000000 ) ) ;
#670 = CARTESIAN_POINT ( 'NONE',  ( 4.000000000000000000, -0.3499999999999999778, 4.500000000000000888 ) ) ;
#671 = FACE_OUTER_BOUND ( 'NONE', #1886, .T. ) ;
#672 = AXIS2_PLACEMENT_3D ( 'NONE', #1173, #1417, #3076 ) ;
#673 =( BOUNDED_CURVE ( )  B_SPLINE_CURVE ( 3, ( #3554, #788, #1337, #2145 ),
 .UNSPECIFIED., .F., .T. ) 
 B_SPLINE_CURVE_WITH_KNOTS ( ( 4, 4 ),
 ( 4.712388980384689674, 6.283185307179586232 ),
 .UNSPECIFIED. ) 
 CURVE ( )  GEOMETRIC_REPRESENTATION_ITEM ( )  RATIONAL_B_SPLINE_CURVE ( ( 1.000000000000000000, 0.8047378541243649375, 0.8047378541243649375, 1.000000000000000000 ) ) 
 REPRESENTATION_ITEM ( '' )  );
#674 = LINE ( 'NONE', #451, #3126 ) ;
#675 = EDGE_CURVE ( 'NONE', #718, #1527, #3102, .T. ) ;
#676 = DIRECTION ( 'NONE',  ( 0.000000000000000000, 0.7071067811865464625, -0.7071067811865486830 ) ) ;
#677 = DIRECTION ( 'NONE',  ( 0.000000000000000000, -0.7071067811865464625, 0.7071067811865486830 ) ) ;
#678 = EDGE_CURVE ( 'NONE', #1946, #1063, #445, .T. ) ;
#679 = EDGE_CURVE ( 'NONE', #3279, #1862, #1225, .T. ) ;
#680 = CARTESIAN_POINT ( 'NONE',  ( 4.850000000000000533, -0.5500000000000000444, 0.8207106781186535027 ) ) ;
#681 = CARTESIAN_POINT ( 'NONE',  ( -3.601833974541009731, -3.361118335963689422E-15, -0.5955245534975056598 ) ) ;
#682 = VERTEX_POINT ( 'NONE', #792 ) ;
#683 = CARTESIAN_POINT ( 'NONE',  ( -3.600000000000000089, -0.2000000000000000666, 0.8171572875253794166 ) ) ;
#684 = VERTEX_POINT ( 'NONE', #1582 ) ;
#685 = ORIENTED_EDGE ( 'NONE', *, *, #1008, .F. ) ;
#686 = CYLINDRICAL_SURFACE ( 'NONE', #1938, 0.1999999999999999556 ) ;
#687 = CIRCLE ( 'NONE', #2695, 0.8000000000000001554 ) ;
#688 = CARTESIAN_POINT ( 'NONE',  ( 3.600000000000000089, 0.000000000000000000, 0.000000000000000000 ) ) ;
#689 = AXIS2_PLACEMENT_3D ( 'NONE', #1435, #1941, #1745 ) ;
#690 = EDGE_CURVE ( 'NONE', #1555, #3080, #1546, .T. ) ;
#691 = DIRECTION ( 'NONE',  ( -0.000000000000000000, 0.7071067811865485719, 0.7071067811865465735 ) ) ;
#692 = EDGE_CURVE ( 'NONE', #1624, #3008, #3519, .T. ) ;
#693 = DIRECTION ( 'NONE',  ( 1.000000000000000000, -0.000000000000000000, -0.000000000000000000 ) ) ;
#694 = DIRECTION ( 'NONE',  ( 1.000000000000000000, -0.000000000000000000, -0.000000000000000000 ) ) ;
#696 =( BOUNDED_CURVE ( )  B_SPLINE_CURVE ( 3, ( #1493, #1223, #1309, #979 ),
 .UNSPECIFIED., .F., .T. ) 
 B_SPLINE_CURVE_WITH_KNOTS ( ( 4, 4 ),
 ( 4.324019685411306213, 4.712388980384689674 ),
 .UNSPECIFIED. ) 
 CURVE ( )  GEOMETRIC_REPRESENTATION_ITEM ( )  RATIONAL_B_SPLINE_CURVE ( ( 1.000000000000000000, 0.9874702209755055193, 0.9874702209755055193, 1.000000000000000000 ) ) 
 REPRESENTATION_ITEM ( '' )  );
#695 = CIRCLE ( 'NONE', #433, 0.1999999999999999833 ) ;
#697 = CARTESIAN_POINT ( 'NONE',  ( 4.650000000000000355, -0.4343145750507612091, 0.3000000000000004330 ) ) ;
#698 = DIRECTION ( 'NONE',  ( -1.000000000000000000, 0.000000000000000000, 0.000000000000000000 ) ) ;
#699 = EDGE_CURVE ( 'NONE', #3496, #2099, #1603, .T. ) ;
#700 = DIRECTION ( 'NONE',  ( 0.000000000000000000, 0.000000000000000000, 1.000000000000000000 ) ) ;
#701 = VECTOR ( 'NONE', #2220, 1000.000000000000000 ) ;
#702 = DIRECTION ( 'NONE',  ( -1.000000000000000000, 0.000000000000000000, 0.000000000000000000 ) ) ;
#703 = DIRECTION ( 'NONE',  ( 0.000000000000000000, 0.000000000000000000, 1.000000000000000000 ) ) ;
#704 = VERTEX_POINT ( 'NONE', #739 ) ;
#705 = CARTESIAN_POINT ( 'NONE',  ( -4.600000000000000533, 0.000000000000000000, -0.2908529287547365061 ) ) ;
#706 = ORIENTED_EDGE ( 'NONE', *, *, #2988, .T. ) ;
#707 = FACE_OUTER_BOUND ( 'NONE', #3488, .T. ) ;
#708 = B_SPLINE_CURVE_WITH_KNOTS ( 'NONE', 3,
 ( #396, #2330, #94, #380 ),
 .UNSPECIFIED., .F., .F.,
 ( 4, 4 ),
 ( 0.000000000000000000, 0.0007070939763864881548 ),
 .UNSPECIFIED. ) ;
#709 = FACE_OUTER_BOUND ( 'NONE', #1279, .T. ) ;
#710 = DIRECTION ( 'NONE',  ( 0.000000000000000000, 0.000000000000000000, 1.000000000000000000 ) ) ;
#711 = B_SPLINE_CURVE_WITH_KNOTS ( 'NONE', 3,
 ( #1336, #2430, #172, #3238 ),
 .UNSPECIFIED., .F., .F.,
 ( 4, 4 ),
 ( 0.000000000000000000, 0.0007070939763864884800 ),
 .UNSPECIFIED. ) ;
#712 = CARTESIAN_POINT ( 'NONE',  ( -3.399999999999999911, 2.710505431213761085E-17, -0.2171572875253784118 ) ) ;
#713 = DIRECTION ( 'NONE',  ( -1.239088197126291063E-16, 0.000000000000000000, -1.000000000000000000 ) ) ;
#714 = CARTESIAN_POINT ( 'NONE',  ( 5.000000000000000000, -0.3499999999999999778, 4.500000000000000888 ) ) ;
#715 = DIRECTION ( 'NONE',  ( 0.000000000000000000, 0.000000000000000000, -1.000000000000000000 ) ) ;
#716 = CARTESIAN_POINT ( 'NONE',  ( -4.650000000000000355, -0.3499999999999999778, -0.7863961030678897624 ) ) ;
#717 = CIRCLE ( 'NONE', #311, 0.2000000000000000944 ) ;
#718 = VERTEX_POINT ( 'NONE', #2452 ) ;
#719 =( NAMED_UNIT ( * ) SI_UNIT ( $, .STERADIAN. ) SOLID_ANGLE_UNIT ( ) );
#720 = CARTESIAN_POINT ( 'NONE',  ( -1.499999999999999556, -0.3499999999999999778, 4.500000000000001776 ) ) ;
#721 = ORIENTED_EDGE ( 'NONE', *, *, #1151, .F. ) ;
#722 = DIRECTION ( 'NONE',  ( 0.000000000000000000, -0.7071067811865485719, 0.7071067811865465735 ) ) ;
#723 = DIRECTION ( 'NONE',  ( 0.000000000000000000, 0.7071067811865485719, 0.7071067811865465735 ) ) ;
#724 = EDGE_CURVE ( 'NONE', #704, #249, #1081, .T. ) ;
#725 = DIRECTION ( 'NONE',  ( 1.000000000000000000, 0.000000000000000000, -0.000000000000000000 ) ) ;
#726 = CARTESIAN_POINT ( 'NONE',  ( -4.481405719810958033, 0.000000000000000000, -0.6501643803987665615 ) ) ;
#727 = DIRECTION ( 'NONE',  ( 0.000000000000000000, 0.000000000000000000, -1.000000000000000000 ) ) ;
#728 = DIRECTION ( 'NONE',  ( 0.000000000000000000, 0.000000000000000000, 1.000000000000000000 ) ) ;
#729 = FACE_OUTER_BOUND ( 'NONE', #3381, .T. ) ;
#730 = ORIENTED_EDGE ( 'NONE', *, *, #364, .T. ) ;
#731 = CYLINDRICAL_SURFACE ( 'NONE', #3353, 0.1999999999999996503 ) ;
#732 = CARTESIAN_POINT ( 'NONE',  ( 1.500000000000000222, -0.3499999999999999778, 10.00000000000000000 ) ) ;
#733 = ORIENTED_EDGE ( 'NONE', *, *, #942, .T. ) ;
#734 = CARTESIAN_POINT ( 'NONE',  ( 0.000000000000000000, -1.107106781186548927, 1.042893218813454093 ) ) ;
#735 = CIRCLE ( 'NONE', #1144, 0.1999999999999998168 ) ;
#736 = CARTESIAN_POINT ( 'NONE',  ( -3.341205285072434972, -0.3500000000000000333, -0.7254303605162735202 ) ) ;
#737 = ORIENTED_EDGE ( 'NONE', *, *, #2963, .F. ) ;
#738 = ORIENTED_EDGE ( 'NONE', *, *, #291, .T. ) ;
#739 = CARTESIAN_POINT ( 'NONE',  ( -4.400000000000000355, -0.1999999999999999278, -0.2171572875253786616 ) ) ;
#740 = FACE_OUTER_BOUND ( 'NONE', #2969, .T. ) ;
#741 = LINE ( 'NONE', #2417, #2181 ) ;
#742 = VECTOR ( 'NONE', #3007, 1000.000000000000000 ) ;
#743 = ADVANCED_FACE ( 'NONE', ( #2645 ), #2126, .T. ) ;
#744 = EDGE_CURVE ( 'NONE', #1063, #501, #111, .T. ) ;
#745 = CARTESIAN_POINT ( 'NONE',  ( -4.349996704795933589, 0.000000000000000000, -0.8477483107084126113 ) ) ;
#746 = CARTESIAN_POINT ( 'NONE',  ( 4.274907409300103822, -0.01885987435814893975, -0.7878908717727103328 ) ) ;
#747 = CARTESIAN_POINT ( 'NONE',  ( -1.999999999999999556, -0.3499999999999999778, 5.000000000000000888 ) ) ;
#748 = ORIENTED_EDGE ( 'NONE', *, *, #430, .F. ) ;
#749 = CARTESIAN_POINT ( 'NONE',  ( -4.570211121993538406, -0.2000000000000000111, -0.4313708498984710205 ) ) ;
#750 = CARTESIAN_POINT ( 'NONE',  ( 4.400000000000000355, -0.1999999999999999833, 0.8171572875253796386 ) ) ;
#751 = ORIENTED_EDGE ( 'NONE', *, *, #54, .F. ) ;
#752 = CARTESIAN_POINT ( 'NONE',  ( 0.000000000000000000, 0.000000000000000000, 2.564213562373101496 ) ) ;
#754 = CIRCLE ( 'NONE', #3405, 0.1999999999999996503 ) ;
#753 = CARTESIAN_POINT ( 'NONE',  ( -4.850000000000000533, -0.3499999999999999778, -0.5520815280171281758 ) ) ;
#755 = ORIENTED_EDGE ( 'NONE', *, *, #2483, .T. ) ;
#756 = CARTESIAN_POINT ( 'NONE',  ( 4.567157287525381193, -0.4085786437626907630, 1.244974746830580736 ) ) ;
#757 = LINE ( 'NONE', #1342, #3168 ) ;
#758 = FACE_OUTER_BOUND ( 'NONE', #2263, .T. ) ;
#759 = VERTEX_POINT ( 'NONE', #1052 ) ;
#760 = AXIS2_PLACEMENT_3D ( 'NONE', #2338, #1256, #1648 ) ;
#761 = CIRCLE ( 'NONE', #1841, 0.2000000000000000111 ) ;
#762 = CARTESIAN_POINT ( 'NONE',  ( 4.424201983197443511, 3.388131789017201356E-17, -0.3891285509743925841 ) ) ;
#763 = CARTESIAN_POINT ( 'NONE',  ( 4.450000000000001066, -0.8939339828220164152, -0.1596194077712558002 ) ) ;
#764 = ORIENTED_EDGE ( 'NONE', *, *, #2811, .F. ) ;
#765 = DIRECTION ( 'NONE',  ( 0.2779153920969852920, 0.000000000000000000, -0.9606055563214170867 ) ) ;
#766 = DIRECTION ( 'NONE',  ( 0.000000000000000000, 0.000000000000000000, -1.000000000000000000 ) ) ;
#767 = VERTEX_POINT ( 'NONE', #2729 ) ;
#768 = EDGE_CURVE ( 'NONE', #2342, #3441, #1091, .T. ) ;
#769 = CARTESIAN_POINT ( 'NONE',  ( 4.650000000000000355, -0.5500000000000000444, -0.2207106781186526645 ) ) ;
#770 = DIRECTION ( 'NONE',  ( 1.000000000000000000, 0.000000000000000000, 2.478176394252581141E-16 ) ) ;
#771 = ORIENTED_EDGE ( 'NONE', *, *, #450, .T. ) ;
#772 = VERTEX_POINT ( 'NONE', #503 ) ;
#773 = AXIS2_PLACEMENT_3D ( 'NONE', #2000, #2260, #896 ) ;
#774 = ORIENTED_EDGE ( 'NONE', *, *, #2981, .F. ) ;
#775 = DIRECTION ( 'NONE',  ( 0.000000000000000000, -0.7071067811865464625, 0.7071067811865486830 ) ) ;
#776 = DIRECTION ( 'NONE',  ( 1.000000000000000000, 0.000000000000000000, 0.000000000000000000 ) ) ;
#777 = EDGE_CURVE ( 'NONE', #2288, #1177, #3486, .T. ) ;
#778 = AXIS2_PLACEMENT_3D ( 'NONE', #1851, #193, #2663 ) ;
#779 = ORIENTED_EDGE ( 'NONE', *, *, #1744, .T. ) ;
#780 = CARTESIAN_POINT ( 'NONE',  ( 4.237575121571434345, -2.710505431213761085E-17, -0.9086493549246098533 ) ) ;
#781 = EDGE_CURVE ( 'NONE', #2323, #1621, #3530, .T. ) ;
#782 = ORIENTED_EDGE ( 'NONE', *, *, #1567, .F. ) ;
#783 = DIRECTION ( 'NONE',  ( 0.000000000000000000, 0.000000000000000000, -1.000000000000000000 ) ) ;
#784 = CARTESIAN_POINT ( 'NONE',  ( -3.614894439003230708, -0.1464466094067267965, -0.3778174593051978891 ) ) ;
#785 = EDGE_CURVE ( 'NONE', #2086, #2099, #3508, .T. ) ;
#786 = EDGE_LOOP ( 'NONE', ( #484, #3369, #1645, #1210 ) ) ;
#787 = CARTESIAN_POINT ( 'NONE',  ( -3.399999999999999911, 0.000000000000000000, -0.2171572875253783841 ) ) ;
#788 = CARTESIAN_POINT ( 'NONE',  ( -3.349999999999999645, -0.4671572875253811596, -0.4692388155425090690 ) ) ;
#789 = ADVANCED_FACE ( 'NONE', ( #239, #2097 ), #3274, .T. ) ;
#790 = ORIENTED_EDGE ( 'NONE', *, *, #1209, .T. ) ;
#791 = ORIENTED_EDGE ( 'NONE', *, *, #2331, .F. ) ;
#792 = CARTESIAN_POINT ( 'NONE',  ( -3.399999999999999911, 0.000000000000000000, 0.8171572875253796386 ) ) ;
#793 = ORIENTED_EDGE ( 'NONE', *, *, #2327, .T. ) ;
#794 = LINE ( 'NONE', #1822, #3022 ) ;
#795 = DIRECTION ( 'NONE',  ( 0.000000000000000000, -0.7071067811865485719, 0.7071067811865465735 ) ) ;
#796 = SURFACE_STYLE_USAGE ( .BOTH. , #3307 ) ;
#797 = EDGE_LOOP ( 'NONE', ( #2434, #1787, #1442, #3390, #3491, #2209, #195, #738 ) ) ;
#798 = DIRECTION ( 'NONE',  ( 0.000000000000000000, 0.7071067811865465735, -0.7071067811865485719 ) ) ;
#799 = CARTESIAN_POINT ( 'NONE',  ( -3.429788878006462038, 1.626303258728256651E-16, 1.031370849898472386 ) ) ;
#800 = AXIS2_PLACEMENT_3D ( 'NONE', #2187, #3298, #596 ) ;
#801 = AXIS2_PLACEMENT_3D ( 'NONE', #3423, #3458, #2387 ) ;
#802 = ORIENTED_EDGE ( 'NONE', *, *, #744, .F. ) ;
#803 = CARTESIAN_POINT ( 'NONE',  ( -4.200000000000000178, -0.09289321881345360965, -0.3242640687119245357 ) ) ;
#804 = CARTESIAN_POINT ( 'NONE',  ( 4.570211121993539294, -0.1999999999999999001, -0.4313708498984708539 ) ) ;
#805 = ADVANCED_FACE ( 'NONE', ( #994, #1623 ), #2760, .T. ) ;
#806 = CARTESIAN_POINT ( 'NONE',  ( 1.999999999999999556, -0.3499999999999999778, 4.500000000000001776 ) ) ;
#807 = ORIENTED_EDGE ( 'NONE', *, *, #1425, .T. ) ;
#808 = ORIENTED_EDGE ( 'NONE', *, *, #1168, .T. ) ;
#809 = ORIENTED_EDGE ( 'NONE', *, *, #2578, .T. ) ;
#810 = CIRCLE ( 'NONE', #2768, 2.157106781186552968 ) ;
#811 = DIRECTION ( 'NONE',  ( 0.000000000000000000, 0.000000000000000000, 1.000000000000000000 ) ) ;
#812 = CARTESIAN_POINT ( 'NONE',  ( -3.799999999999999822, -0.8000000000000000444, -1.031370849898473052 ) ) ;
#813 = CIRCLE ( 'NONE', #233, 0.5000000000000004441 ) ;
#814 = CARTESIAN_POINT ( 'NONE',  ( -3.410055620707573620, 1.355252715606880543E-16, 0.9631634848345874689 ) ) ;
#815 = CARTESIAN_POINT ( 'NONE',  ( 3.400000000071563111, 0.000000000000000000, -0.2904155744463459699 ) ) ;
#816 = VECTOR ( 'NONE', #530, 1000.000000000000000 ) ;
#817 = EDGE_LOOP ( 'NONE', ( #214, #1679, #2807, #2777 ) ) ;
#818 = DIRECTION ( 'NONE',  ( 1.000000000000000000, 0.000000000000000000, -0.000000000000000000 ) ) ;
#819 = CYLINDRICAL_SURFACE ( 'NONE', #972, 0.2000000000000000111 ) ;
#820 = EDGE_CURVE ( 'NONE', #3518, #157, #2444, .T. ) ;
#821 = CARTESIAN_POINT ( 'NONE',  ( -3.576391637591376238, 7.163660431808373748E-15, 1.084045729742863617 ) ) ;
#822 = VECTOR ( 'NONE', #590, 1000.000000000000000 ) ;
#823 = CARTESIAN_POINT ( 'NONE',  ( 0.000000000000000000, 0.000000000000000000, 1.631370849898473807 ) ) ;
#824 = DIRECTION ( 'NONE',  ( 0.000000000000000000, 1.000000000000000000, 0.000000000000000000 ) ) ;
#825 = ORIENTED_EDGE ( 'NONE', *, *, #258, .T. ) ;
#826 = ORIENTED_EDGE ( 'NONE', *, *, #2347, .F. ) ;
#827 = CYLINDRICAL_SURFACE ( 'NONE', #1354, 0.2000000000000000111 ) ;
#828 = CARTESIAN_POINT ( 'NONE',  ( 4.394972189646215277, -0.1634984506726981091, -0.3266619355072840070 ) ) ;
#829 = ORIENTED_EDGE ( 'NONE', *, *, #3549, .T. ) ;
#830 = CARTESIAN_POINT ( 'NONE',  ( 3.149999999999999467, -0.5500000000000000444, 0.8207106781186536137 ) ) ;
#831 = CARTESIAN_POINT ( 'NONE',  ( -4.599999999999999645, -0.2000000000000000111, -0.2171572875253784951 ) ) ;
#832 = ADVANCED_FACE ( 'NONE', ( #1550 ), #2155, .T. ) ;
#833 = DIRECTION ( 'NONE',  ( 0.000000000000000000, -0.7071067811865486830, -0.7071067811865464625 ) ) ;
#834 = CARTESIAN_POINT ( 'NONE',  ( -3.614894439003230708, -0.1464466094067267410, 0.9778174593051989216 ) ) ;
#835 = FACE_BOUND ( 'NONE', #1422, .T. ) ;
#836 = CARTESIAN_POINT ( 'NONE',  ( -3.399999999999999911, 1.626303258728256651E-16, 0.8171572875253795276 ) ) ;
#837 = CARTESIAN_POINT ( 'NONE',  ( -4.400000000000001243, -0.1816882751459908685, -0.2720924620873969024 ) ) ;
#838 = ORIENTED_EDGE ( 'NONE', *, *, #421, .F. ) ;
#839 = CARTESIAN_POINT ( 'NONE',  ( -3.614894439003234705, -0.1464466094067265745, 0.9778174593051971453 ) ) ;
#840 = CARTESIAN_POINT ( 'NONE',  ( -3.666582176486214095, -0.06832627184090997452, -0.5920224551494259746 ) ) ;
#841 = ADVANCED_FACE ( 'NONE', ( #2158 ), #1409, .T. ) ;
#842 = FACE_OUTER_BOUND ( 'NONE', #902, .T. ) ;
#843 = ORIENTED_EDGE ( 'NONE', *, *, #3230, .F. ) ;
#844 = DIRECTION ( 'NONE',  ( -0.000000000000000000, 0.000000000000000000, -1.000000000000000000 ) ) ;
#845 = ORIENTED_EDGE ( 'NONE', *, *, #2214, .T. ) ;
#846 = VECTOR ( 'NONE', #3129, 1000.000000000000000 ) ;
#847 = CARTESIAN_POINT ( 'NONE',  ( 5.000000000000000000, -0.3499999999999999778, 4.500000000000000888 ) ) ;
#848 = ORIENTED_EDGE ( 'NONE', *, *, #1827, .T. ) ;
#849 = CARTESIAN_POINT ( 'NONE',  ( -3.399999999999999911, 1.355252715606880543E-16, 0.8908529287547376496 ) ) ;
#850 = CARTESIAN_POINT ( 'NONE',  ( -3.799999999999999822, -0.5757359312880705460, 0.4414213562373100475 ) ) ;
#851 = CARTESIAN_POINT ( 'NONE',  ( -4.450000000000001066, -0.3499999999999999778, 1.386396103067890850 ) ) ;
#852 = CARTESIAN_POINT ( 'NONE',  ( 4.450000000000001066, -0.4085786437626907075, -0.6449747468305802034 ) ) ;
#853 = TOROIDAL_SURFACE ( 'NONE', #1761, 0.4499999999999997891, 0.2000000000000000111 ) ;
#854 = DIRECTION ( 'NONE',  ( -0.000000000000000000, 0.000000000000000000, -1.000000000000000000 ) ) ;
#855 =( NAMED_UNIT ( * ) SI_UNIT ( $, .STERADIAN. ) SOLID_ANGLE_UNIT ( ) );
#856 = CARTESIAN_POINT ( 'NONE',  ( -4.650000000000001243, -0.5128719982746071659, 0.9320946832948325822 ) ) ;
#857 = CARTESIAN_POINT ( 'NONE',  ( -4.000000000000000888, -0.3499999999999999778, -4.499999999999999112 ) ) ;
#858 = ORIENTED_EDGE ( 'NONE', *, *, #2048, .T. ) ;
#859 = DIRECTION ( 'NONE',  ( 0.000000000000000000, 0.000000000000000000, -1.000000000000000000 ) ) ;
#860 = LINE ( 'NONE', #1968, #3248 ) ;
#861 = ORIENTED_EDGE ( 'NONE', *, *, #3483, .T. ) ;
#862 = DIRECTION ( 'NONE',  ( 0.000000000000000000, -1.000000000000000000, 0.000000000000000000 ) ) ;
#863 = EDGE_LOOP ( 'NONE', ( #2400, #1475, #3221, #3205 ) ) ;
#864 = CIRCLE ( 'NONE', #175, 0.2000000000000000111 ) ;
#865 = CARTESIAN_POINT ( 'NONE',  ( 3.600000000000000089, -0.1816882751459910073, -0.2720924620873985122 ) ) ;
#866 = CIRCLE ( 'NONE', #178, 0.1999999999999999556 ) ;
#867 = CARTESIAN_POINT ( 'NONE',  ( -3.475655974253964775, -0.3499999999999687805, 1.303553389938405749 ) ) ;
#868 = CARTESIAN_POINT ( 'NONE',  ( 3.429788878006462038, -0.1999999999999999833, 1.031370849898472608 ) ) ;
#869 = FACE_OUTER_BOUND ( 'NONE', #3232, .T. ) ;
#870 = VERTEX_POINT ( 'NONE', #3287 ) ;
#871 = DIRECTION ( 'NONE',  ( 0.000000000000000000, 0.7071067811865490160, -0.7071067811865461294 ) ) ;
#872 = FACE_OUTER_BOUND ( 'NONE', #1192, .T. ) ;
#873 = ADVANCED_FACE ( 'NONE', ( #1675 ), #587, .T. ) ;
#874 = ORIENTED_EDGE ( 'NONE', *, *, #3525, .T. ) ;
#875 = DIRECTION ( 'NONE',  ( 0.000000000000000000, -0.7071067811865487940, 0.7071067811865462405 ) ) ;
#876 = DIRECTION ( 'NONE',  ( 0.000000000000000000, 0.7071067811865485719, 0.7071067811865465735 ) ) ;
#877 = AXIS2_PLACEMENT_3D ( 'NONE', #2176, #818, #1346 ) ;
#878 = EDGE_CURVE ( 'NONE', #1122, #2518, #1028, .T. ) ;
#879 = VERTEX_POINT ( 'NONE', #1380 ) ;
#880 = FACE_OUTER_BOUND ( 'NONE', #2932, .T. ) ;
#881 = EDGE_LOOP ( 'NONE', ( #122 ) ) ;
#882 = ORIENTED_EDGE ( 'NONE', *, *, #2796, .F. ) ;
#883 = LINE ( 'NONE', #75, #3385 ) ;
#884 = LINE ( 'NONE', #1657, #3 ) ;
#885 = CARTESIAN_POINT ( 'NONE',  ( -4.200000000000000178, 1.067258967350033450, 2.367258967350027721 ) ) ;
#886 = ADVANCED_FACE ( 'NONE', ( #543, #2507 ), #1112, .F. ) ;
#887 = CARTESIAN_POINT ( 'NONE',  ( 9.293161478447181743E-17, -0.3499999999999999778, 10.00000000000000178 ) ) ;
#888 = AXIS2_PLACEMENT_3D ( 'NONE', #1359, #1375, #1067 ) ;
#889 = CARTESIAN_POINT ( 'NONE',  ( -4.850000000000000533, -0.3499999999999999778, 0.000000000000000000 ) ) ;
#890 = EDGE_LOOP ( 'NONE', ( #2840 ) ) ;
#891 = FACE_OUTER_BOUND ( 'NONE', #1604, .T. ) ;
#892 = ADVANCED_FACE ( 'NONE', ( #3070 ), #819, .F. ) ;
#893 = ORIENTED_EDGE ( 'NONE', *, *, #450, .F. ) ;
#894 = CARTESIAN_POINT ( 'NONE',  ( 4.450000000000001066, -0.7525126265847069673, -0.01819805153394622385 ) ) ;
#895 = CARTESIAN_POINT ( 'NONE',  ( 4.200000000000000178, 1.067258967350033450, 2.367258967350027721 ) ) ;
#896 = DIRECTION ( 'NONE',  ( 0.000000000000000000, 0.7071067811865485719, 0.7071067811865465735 ) ) ;
#897 = CARTESIAN_POINT ( 'NONE',  ( 4.385105560996770180, -0.1464466094067266300, -0.3778174593051976671 ) ) ;
#898 = EDGE_LOOP ( 'NONE', ( #1887, #791, #496 ) ) ;
#899 = EDGE_CURVE ( 'NONE', #1369, #3279, #3399, .T. ) ;
#900 = DIRECTION ( 'NONE',  ( -1.000000000000000000, 0.000000000000000000, 0.000000000000000000 ) ) ;
#901 = EDGE_CURVE ( 'NONE', #879, #3441, #2764, .T. ) ;
#902 = EDGE_LOOP ( 'NONE', ( #1507, #1558, #580, #861 ) ) ;
#903 = ORIENTED_EDGE ( 'NONE', *, *, #1323, .F. ) ;
#904 = VECTOR ( 'NONE', #2336, 1000.000000000000000 ) ;
#905 = FACE_OUTER_BOUND ( 'NONE', #3462, .T. ) ;
#906 = CARTESIAN_POINT ( 'NONE',  ( 3.445602642536217175, -0.4238200794005870242, -0.5992504399168716578 ) ) ;
#907 = DIRECTION ( 'NONE',  ( -0.000000000000000000, -1.000000000000000000, -0.000000000000000000 ) ) ;
#908 = DIRECTION ( 'NONE',  ( -0.000000000000000000, -1.000000000000000000, -0.000000000000000000 ) ) ;
#909 = CIRCLE ( 'NONE', #2096, 0.4499999999999997891 ) ;
#910 = CARTESIAN_POINT ( 'NONE',  ( 3.549999999999999822, -0.3499999999999999778, -0.7863961030678897624 ) ) ;
#911 = LINE ( 'NONE', #2908, #1430 ) ;
#912 = CARTESIAN_POINT ( 'NONE',  ( -4.849999999854892607, -0.3500000000000001443, 0.9692226850195249099 ) ) ;
#913 = AXIS2_PLACEMENT_3D ( 'NONE', #2183, #1156, #575 ) ;
#914 = DIRECTION ( 'NONE',  ( -0.000000000000000000, 0.7071067811865485719, 0.7071067811865465735 ) ) ;
#915 = LINE ( 'NONE', #895, #3537 ) ;
#916 = LINE ( 'NONE', #2897, #2349 ) ;
#917 = ORIENTED_EDGE ( 'NONE', *, *, #2215, .T. ) ;
#918 = AXIS2_PLACEMENT_3D ( 'NONE', #1032, #3210, #1845 ) ;
#919 = DIRECTION ( 'NONE',  ( 0.000000000000000000, 0.7071067811865485719, -0.7071067811865465735 ) ) ;
#920 = ORIENTED_EDGE ( 'NONE', *, *, #2816, .F. ) ;
#921 = ORIENTED_EDGE ( 'NONE', *, *, #2748, .F. ) ;
#922 = DIRECTION ( 'NONE',  ( 0.000000000000000000, 0.000000000000000000, 1.000000000000000000 ) ) ;
#923 = DIRECTION ( 'NONE',  ( 0.000000000000000000, 1.000000000000000000, 0.000000000000000000 ) ) ;
#924 = CARTESIAN_POINT ( 'NONE',  ( 3.429788878006462038, -0.2000000000000000111, -0.4313708498984715201 ) ) ;
#926 =( BOUNDED_CURVE ( )  B_SPLINE_CURVE ( 3, ( #323, #1421, #372, #85 ),
 .UNSPECIFIED., .F., .F. ) 
 B_SPLINE_CURVE_WITH_KNOTS ( ( 4, 4 ),
 ( 3.141592653589793116, 4.712388980384689674 ),
 .UNSPECIFIED. ) 
 CURVE ( )  GEOMETRIC_REPRESENTATION_ITEM ( )  RATIONAL_B_SPLINE_CURVE ( ( 1.000000000000000000, 0.8047378541243649375, 0.8047378541243649375, 1.000000000000000000 ) ) 
 REPRESENTATION_ITEM ( '' )  );
#925 = VECTOR ( 'NONE', #1852, 1000.000000000000000 ) ;
#927 = CARTESIAN_POINT ( 'NONE',  ( 3.349999999999999645, -0.5500000000000000444, 0.8207106781186536137 ) ) ;
#928 = EDGE_CURVE ( 'NONE', #3279, #1438, #280, .T. ) ;
#929 = CARTESIAN_POINT ( 'NONE',  ( -4.000000000000000888, -0.3499999999999999778, -3.499999999999998668 ) ) ;
#930 = CARTESIAN_POINT ( 'NONE',  ( 4.650000000000000355, -0.7525126265847069673, 0.6181980515339470239 ) ) ;
#931 = CARTESIAN_POINT ( 'NONE',  ( 3.445602642536214066, -0.4238200794005891336, 1.199250439916866418 ) ) ;
#932 = EDGE_CURVE ( 'NONE', #2342, #3026, #1095, .T. ) ;
#933 = CARTESIAN_POINT ( 'NONE',  ( -3.576394495499654713, 1.019870903047049143E-14, -0.4845096093138826499 ) ) ;
#934 = VERTEX_POINT ( 'NONE', #2459 ) ;
#935 = CARTESIAN_POINT ( 'NONE',  ( 4.333429441719943043, -0.06833824153861479955, 1.191982760026368826 ) ) ;
#936 = ORIENTED_EDGE ( 'NONE', *, *, #2739, .T. ) ;
#937 = ORIENTED_EDGE ( 'NONE', *, *, #3220, .T. ) ;
#938 = CARTESIAN_POINT ( 'NONE',  ( 3.549999999999999822, -0.4085786437626907630, 1.244974746830581180 ) ) ;
#939 = CARTESIAN_POINT ( 'NONE',  ( 3.799999999999999822, -1.355252715606880543E-17, -1.031370849898473052 ) ) ;
#940 = DIRECTION ( 'NONE',  ( -1.000000000000000000, 0.000000000000000000, 0.000000000000000000 ) ) ;
#941 = EDGE_CURVE ( 'NONE', #1946, #934, #1919, .T. ) ;
#942 = EDGE_CURVE ( 'NONE', #2574, #2591, #1517, .T. ) ;
#943 = VECTOR ( 'NONE', #1717, 1000.000000000000000 ) ;
#944 = CARTESIAN_POINT ( 'NONE',  ( 4.524344025746017017, -0.3500000000000085820, -0.7035533899384445178 ) ) ;
#945 = CARTESIAN_POINT ( 'NONE',  ( -4.400000000000000355, -0.2085786437626889755, -0.2085786437626895584 ) ) ;
#946 = DIRECTION ( 'NONE',  ( 1.000000000000000000, 0.000000000000000000, -0.000000000000000000 ) ) ;
#947 = LINE ( 'NONE', #68, #2871 ) ;
#948 = DIRECTION ( 'NONE',  ( -1.000000000000000000, 0.000000000000000000, -0.000000000000000000 ) ) ;
#949 = CARTESIAN_POINT ( 'NONE',  ( 3.614894439003230708, -0.1464466094067267687, 0.9778174593051991437 ) ) ;
#950 = ORIENTED_EDGE ( 'NONE', *, *, #2033, .T. ) ;
#951 = EDGE_CURVE ( 'NONE', #1290, #1624, #2246, .T. ) ;
#952 = CARTESIAN_POINT ( 'NONE',  ( 4.200000000000000178, -1.000000000000000000, 0.3000000000000007661 ) ) ;
#953 = ORIENTED_EDGE ( 'NONE', *, *, #692, .T. ) ;
#954 = ORIENTED_EDGE ( 'NONE', *, *, #307, .F. ) ;
#955 = EDGE_CURVE ( 'NONE', #1043, #2151, #2354, .T. ) ;
#956 = DIRECTION ( 'NONE',  ( 0.000000000000000000, 1.000000000000000000, 0.000000000000000000 ) ) ;
#957 = CARTESIAN_POINT ( 'NONE',  ( 3.315764363091265654, -0.3499999999999739986, -0.3234176966986148649 ) ) ;
#958 = CARTESIAN_POINT ( 'NONE',  ( 3.549999999999999822, -1.035355339059327529, 0.2646446609406733486 ) ) ;
#959 = ADVANCED_FACE ( 'NONE', ( #1121 ), #2815, .F. ) ;
#960 = DIRECTION ( 'NONE',  ( 0.000000000000000000, -0.7071067811865464625, -0.7071067811865486830 ) ) ;
#961 = CARTESIAN_POINT ( 'NONE',  ( 4.450000000000001066, -0.3500000000000001443, 1.303553390593271688 ) ) ;
#962 = CARTESIAN_POINT ( 'NONE',  ( 4.589825535998384609, 2.710505431213761085E-17, -0.3635742625348741264 ) ) ;
#963 = DIRECTION ( 'NONE',  ( 1.000000000000000000, 0.000000000000000000, -0.000000000000000000 ) ) ;
#964 = CIRCLE ( 'NONE', #1313, 0.4999999999999995559 ) ;
#965 = CARTESIAN_POINT ( 'NONE',  ( -4.450000000000001066, -0.4085786437626906520, -0.6449747468305802034 ) ) ;
#966 = CARTESIAN_POINT ( 'NONE',  ( -3.799999999999999822, 0.000000000000000000, -1.031370849898473052 ) ) ;
#967 = ORIENTED_EDGE ( 'NONE', *, *, #955, .F. ) ;
#968 = LINE ( 'NONE', #628, #86 ) ;
#969 = EDGE_LOOP ( 'NONE', ( #1831, #3046, #2304, #487 ) ) ;
#970 = VERTEX_POINT ( 'NONE', #556 ) ;
#971 = FACE_OUTER_BOUND ( 'NONE', #1630, .T. ) ;
#972 = AXIS2_PLACEMENT_3D ( 'NONE', #1918, #2239, #47 ) ;
#973 = CARTESIAN_POINT ( 'NONE',  ( 5.000000000000000000, -0.3499999999999999778, -3.499999999999999556 ) ) ;
#974 = AXIS2_PLACEMENT_3D ( 'NONE', #2229, #1389, #2499 ) ;
#975 = CARTESIAN_POINT ( 'NONE',  ( 4.850000000000001421, -0.3499999999999999778, 1.152081528017129042 ) ) ;
#976 = CARTESIAN_POINT ( 'NONE',  ( -4.423608362408598893, 3.396522645184874420E-15, -0.4840457297428530370 ) ) ;
#977 = AXIS2_PLACEMENT_3D ( 'NONE', #1625, #27, #2733 ) ;
#978 = DIRECTION ( 'NONE',  ( 0.000000000000000000, 0.000000000000000000, 1.000000000000000000 ) ) ;
#979 = CARTESIAN_POINT ( 'NONE',  ( 3.600000000000000089, -0.2000000000000000111, -0.2171572875253784396 ) ) ;
#980 = FACE_OUTER_BOUND ( 'NONE', #1847, .T. ) ;
#981 = EDGE_CURVE ( 'NONE', #2790, #3326, #3317, .T. ) ;
#982 = VERTEX_POINT ( 'NONE', #303 ) ;
#983 = AXIS2_PLACEMENT_3D ( 'NONE', #1199, #1453, #2273 ) ;
#984 = VERTEX_POINT ( 'NONE', #734 ) ;
#985 = UNCERTAINTY_MEASURE_WITH_UNIT (LENGTH_MEASURE( 1.000000000000000082E-05 ), #1955, 'distance_accuracy_value', 'NONE');
#986 = ORIENTED_EDGE ( 'NONE', *, *, #1784, .T. ) ;
#987 = ORIENTED_EDGE ( 'NONE', *, *, #572, .F. ) ;
#988 = CARTESIAN_POINT ( 'NONE',  ( 4.650000000000000355, -0.5500000000000000444, 0.8207106781186535027 ) ) ;
#989 = CARTESIAN_POINT ( 'NONE',  ( 3.743841869936557210, -4.932995514413251602E-05, -0.9243795116963807734 ) ) ;
#990 = CIRCLE ( 'NONE', #1287, 0.6499999999999998002 ) ;
#991 = CYLINDRICAL_SURFACE ( 'NONE', #888, 0.1999999999999996503 ) ;
#992 = EDGE_CURVE ( 'NONE', #2790, #2226, #926, .T. ) ;
#993 = CARTESIAN_POINT ( 'NONE',  ( 4.502506923578164511, -0.4085786440527602315, -0.6449747465405105684 ) ) ;
#994 = FACE_OUTER_BOUND ( 'NONE', #2929, .T. ) ;
#995 = CARTESIAN_POINT ( 'NONE',  ( 1.999999999999999556, 0.000000000000000000, 5.000000000000001776 ) ) ;
#996 = CARTESIAN_POINT ( 'NONE',  ( -3.614894439003230708, -0.1464466094067267410, 0.9778174593051989216 ) ) ;
#997 = ORIENTED_EDGE ( 'NONE', *, *, #517, .F. ) ;
#998 = DIRECTION ( 'NONE',  ( -1.000000000000000000, 0.000000000000000000, 0.000000000000000000 ) ) ;
#999 = CARTESIAN_POINT ( 'NONE',  ( -4.524344025746054321, -0.3500000000000141887, -0.7035533899384389667 ) ) ;
#1000 = CIRCLE ( 'NONE', #1469, 0.2000000000000000944 ) ;
#1001 = VERTEX_POINT ( 'NONE', #3337 ) ;
#1002 = CARTESIAN_POINT ( 'NONE',  ( 0.000000000000000000, -1.500000000000000222, 0.6257359312880735880 ) ) ;
#1003 = EDGE_CURVE ( 'NONE', #1001, #3279, #2306, .T. ) ;
#1004 = DIRECTION ( 'NONE',  ( 0.000000000000000000, -0.7071067811865485719, -0.7071067811865465735 ) ) ;
#1005 = ORIENTED_EDGE ( 'NONE', *, *, #1957, .F. ) ;
#1006 = ORIENTED_EDGE ( 'NONE', *, *, #1628, .T. ) ;
#1007 = CIRCLE ( 'NONE', #778, 0.1999999999999999833 ) ;
#1008 = EDGE_CURVE ( 'NONE', #1621, #2196, #909, .T. ) ;
#1009 = CARTESIAN_POINT ( 'NONE',  ( 3.686077918000818965, 1.355252715606880543E-17, 1.412949545542733221 ) ) ;
#1010 = CARTESIAN_POINT ( 'NONE',  ( 4.450000000000001066, -0.3499999999999999778, 1.386396103067890850 ) ) ;
#1011 = DIRECTION ( 'NONE',  ( 0.000000000000000000, -0.7071067811865487940, 0.7071067811865463515 ) ) ;
#1012 = CARTESIAN_POINT ( 'NONE',  ( 4.502506923578162734, -0.4085786440527645613, 1.244974746540507438 ) ) ;
#1013 = CIRCLE ( 'NONE', #1794, 0.2000000000000000111 ) ;
#1014 = CARTESIAN_POINT ( 'NONE',  ( -3.605027810353786943, -0.1634984506726979703, -0.3266619355072843955 ) ) ;
#1015 = CARTESIAN_POINT ( 'NONE',  ( 4.417531505494793898, 1.273408495682772912E-16, -0.2697518592398923110 ) ) ;
#1016 = EDGE_LOOP ( 'NONE', ( #2644, #1965, #1388, #1671, #533 ) ) ;
#1017 = CYLINDRICAL_SURFACE ( 'NONE', #2537, 0.2000000000000000944 ) ;
#1018 = CARTESIAN_POINT ( 'NONE',  ( -4.650000000000001243, -0.3500000000000000333, -0.2207106781186520816 ) ) ;
#1019 = VERTEX_POINT ( 'NONE', #2879 ) ;
#1020 = VERTEX_POINT ( 'NONE', #1058 ) ;
#1021 = CARTESIAN_POINT ( 'NONE',  ( -3.150000000145075862, -0.3500000000000000333, -0.3692226850195191590 ) ) ;
#1022 = ORIENTED_EDGE ( 'NONE', *, *, #1123, .T. ) ;
#1023 = VERTEX_POINT ( 'NONE', #2001 ) ;
#1024 = CARTESIAN_POINT ( 'NONE',  ( 3.799999999999999822, -0.8000000000000000444, -1.031370849898473052 ) ) ;
#1025 = CARTESIAN_POINT ( 'NONE',  ( 3.601833974540982641, 1.355252715606880543E-17, 1.195524553497519848 ) ) ;
#1026 = FACE_OUTER_BOUND ( 'NONE', #315, .T. ) ;
#1027 = AXIS2_PLACEMENT_3D ( 'NONE', #2317, #3109, #1456 ) ;
#1028 = CIRCLE ( 'NONE', #1714, 0.9999999999999995559 ) ;
#1029 = ORIENTED_EDGE ( 'NONE', *, *, #498, .F. ) ;
#1030 = CARTESIAN_POINT ( 'NONE',  ( 4.200000000000000178, -1.355252715606880543E-17, 1.631370849898473807 ) ) ;
#1031 = ADVANCED_FACE ( 'NONE', ( #1241 ), #3295, .T. ) ;
#1032 = CARTESIAN_POINT ( 'NONE',  ( 0.000000000000000000, -1.000000000000000000, -0.2999999999999981570 ) ) ;
#1033 = ORIENTED_EDGE ( 'NONE', *, *, #1522, .T. ) ;
#1034 = DIRECTION ( 'NONE',  ( 0.000000000000000000, 1.000000000000000000, 0.000000000000000000 ) ) ;
#1035 = VERTEX_POINT ( 'NONE', #3150 ) ;
#1038 =( BOUNDED_CURVE ( )  B_SPLINE_CURVE ( 3, ( #3494, #1037, #2990, #475 ),
 .UNSPECIFIED., .F., .F. ) 
 B_SPLINE_CURVE_WITH_KNOTS ( ( 4, 4 ),
 ( 0.000000000000000000, 1.570796326794896780 ),
 .UNSPECIFIED. ) 
 CURVE ( )  GEOMETRIC_REPRESENTATION_ITEM ( )  RATIONAL_B_SPLINE_CURVE ( ( 1.000000000000000000, 0.8047378541243649375, 0.8047378541243649375, 1.000000000000000000 ) ) 
 REPRESENTATION_ITEM ( '' )  );
#1037 = CARTESIAN_POINT ( 'NONE',  ( -3.315685424949237792, -0.3499999999999999778, -0.7863961030678897624 ) ) ;
#1036 = AXIS2_PLACEMENT_3D ( 'NONE', #2411, #1611, #3517 ) ;
#1039 = EDGE_CURVE ( 'NONE', #1419, #1001, #2021, .T. ) ;
#1040 = VERTEX_POINT ( 'NONE', #119 ) ;
#1041 = ORIENTED_EDGE ( 'NONE', *, *, #878, .F. ) ;
#1042 = DIRECTION ( 'NONE',  ( 0.000000000000000000, -0.000000000000000000, 1.000000000000000000 ) ) ;
#1043 = VERTEX_POINT ( 'NONE', #3165 ) ;
#1044 = CARTESIAN_POINT ( 'NONE',  ( -4.450000000000001066, 1.031903628290706143, 2.402614306409355471 ) ) ;
#1045 = CARTESIAN_POINT ( 'NONE',  ( 1.084202172485504434E-15, -0.3499999999999999778, 11.50000000000000000 ) ) ;
#1046 = EDGE_CURVE ( 'NONE', #3294, #2622, #2320, .T. ) ;
#1047 = CARTESIAN_POINT ( 'NONE',  ( 0.000000000000000000, 0.000000000000000000, -1.031370849898473052 ) ) ;
#1048 = EDGE_CURVE ( 'NONE', #426, #426, #51, .T. ) ;
#1049 = VERTEX_POINT ( 'NONE', #3424 ) ;
#1050 = VECTOR ( 'NONE', #3468, 1000.000000000000000 ) ;
#1051 = DIRECTION ( 'NONE',  ( 0.000000000000000000, 0.000000000000000000, 1.000000000000000000 ) ) ;
#1052 = CARTESIAN_POINT ( 'NONE',  ( 4.000000000000000000, -0.3499999999999999778, 4.500000000000000888 ) ) ;
#1053 = EDGE_CURVE ( 'NONE', #3080, #1125, #916, .T. ) ;
#1054 = EDGE_CURVE ( 'NONE', #3008, #218, #964, .T. ) ;
#1055 = VERTEX_POINT ( 'NONE', #2080 ) ;
#1056 = CARTESIAN_POINT ( 'NONE',  ( -4.400000000000000355, -0.5500000000000000444, -0.7863961030678897624 ) ) ;
#1057 = ORIENTED_EDGE ( 'NONE', *, *, #2257, .T. ) ;
#1058 = CARTESIAN_POINT ( 'NONE',  ( 0.000000000000000000, -1.382842712474619651, -1.508578643762688687 ) ) ;
#1059 = CARTESIAN_POINT ( 'NONE',  ( -4.400000000000000355, -0.8939339828220161932, 0.7596194077712569159 ) ) ;
#1060 = ORIENTED_EDGE ( 'NONE', *, *, #430, .T. ) ;
#1061 = EDGE_LOOP ( 'NONE', ( #1461, #246, #2468 ) ) ;
#1062 = AXIS2_PLACEMENT_3D ( 'NONE', #3193, #2958, #2348 ) ;
#1063 = VERTEX_POINT ( 'NONE', #486 ) ;
#1064 = FACE_OUTER_BOUND ( 'NONE', #4, .T. ) ;
#1065 = EDGE_CURVE ( 'NONE', #168, #1378, #1307, .T. ) ;
#1066 = FACE_BOUND ( 'NONE', #1510, .T. ) ;
#1067 = DIRECTION ( 'NONE',  ( 1.000000000000000000, 0.000000000000000000, 0.000000000000000000 ) ) ;
#1068 = AXIS2_PLACEMENT_3D ( 'NONE', #2978, #2683, #196 ) ;
#1069 = ORIENTED_EDGE ( 'NONE', *, *, #3220, .F. ) ;
#1070 = CARTESIAN_POINT ( 'NONE',  ( 4.398350337764293627, 3.271123759449055112E-15, 1.194951367919565577 ) ) ;
#1071 = EDGE_CURVE ( 'NONE', #2288, #2151, #1758, .T. ) ;
#1072 = CARTESIAN_POINT ( 'NONE',  ( 4.200000000000000178, -1.355252715606880543E-17, -1.031370849898473052 ) ) ;
#1073 = ORIENTED_EDGE ( 'NONE', *, *, #1046, .F. ) ;
#1074 = CARTESIAN_POINT ( 'NONE',  ( 4.450000000000001066, -0.8939339828220163042, 0.7596194077712569159 ) ) ;
#1075 = CIRCLE ( 'NONE', #3090, 1.000000000000000000 ) ;
#1076 = CARTESIAN_POINT ( 'NONE',  ( 3.600000000000000089, -0.2000000000000000111, -0.2171572875253784396 ) ) ;
#1077 = PRODUCT_CONTEXT ( 'NONE', #549, 'mechanical' ) ;
#1078 = CARTESIAN_POINT ( 'NONE',  ( 0.000000000000000000, -1.382842712474619651, -0.2999999999999981570 ) ) ;
#1079 = ORIENTED_EDGE ( 'NONE', *, *, #1054, .T. ) ;
#1080 = ORIENTED_EDGE ( 'NONE', *, *, #1039, .F. ) ;
#1081 = LINE ( 'NONE', #3206, #3159 ) ;
#1082 = FACE_OUTER_BOUND ( 'NONE', #1856, .T. ) ;
#1083 = ORIENTED_EDGE ( 'NONE', *, *, #1251, .T. ) ;
#1084 = CYLINDRICAL_SURFACE ( 'NONE', #2907, 0.1999999999999996503 ) ;
#1085 = DIRECTION ( 'NONE',  ( 0.000000000000000000, -0.7071067811865462405, -0.7071067811865489050 ) ) ;
#1086 = CARTESIAN_POINT ( 'NONE',  ( 4.450000000000001066, -0.7525126265847069673, 0.6181980515339470239 ) ) ;
#1087 = CIRCLE ( 'NONE', #2104, 1.208578643762690641 ) ;
#1088 = ORIENTED_EDGE ( 'NONE', *, *, #690, .T. ) ;
#1089 = CARTESIAN_POINT ( 'NONE',  ( -3.410174464001671790, 0.000000000000000000, -0.3635742625348428181 ) ) ;
#1090 = CARTESIAN_POINT ( 'NONE',  ( -4.400000000000000355, -0.2343145750507628633, 1.065685424949235349 ) ) ;
#1091 = CIRCLE ( 'NONE', #1436, 0.8000000000000001554 ) ;
#1092 = CARTESIAN_POINT ( 'NONE',  ( -4.385105560996769292, -0.1464466094067267965, -0.3778174593051978336 ) ) ;
#1093 = CARTESIAN_POINT ( 'NONE',  ( -3.799999999999999822, -2.710505431213761085E-17, 1.631370849898473807 ) ) ;
#1094 = CARTESIAN_POINT ( 'NONE',  ( 3.799999999999999822, -0.2343145750507628633, -0.4656854249492342057 ) ) ;
#1095 = B_SPLINE_CURVE_WITH_KNOTS ( 'NONE', 3,
 ( #2492, #3017, #1396, #1363, #23, #1130 ),
 .UNSPECIFIED., .F., .F.,
 ( 4, 2, 4 ),
 ( -5.736216187291327435E-06, 0.0003452807999648866517, 0.0006962978161170645715 ),
 .UNSPECIFIED. ) ;
#1096 = CARTESIAN_POINT ( 'NONE',  ( -4.650000000000000355, -0.7525126265847070783, -0.01819805153394635916 ) ) ;
#1097 = EDGE_LOOP ( 'NONE', ( #3009, #3041, #774, #2413, #2138 ) ) ;
#1098 = ORIENTED_EDGE ( 'NONE', *, *, #287, .T. ) ;
#1099 = ADVANCED_FACE ( 'NONE', ( #2927, #1552 ), #2919, .T. ) ;
#1100 = PLANE ( 'NONE',  #424 ) ;
#1101 = CARTESIAN_POINT ( 'NONE',  ( 1.499999999999999556, -0.3499999999999999778, 4.500000000000001776 ) ) ;
#1102 = CARTESIAN_POINT ( 'NONE',  ( 1.500000000000000222, -0.3499999999999999778, 10.00000000000000000 ) ) ;
#1103 = ORIENTED_EDGE ( 'NONE', *, *, #2600, .T. ) ;
#1104 = AXIS2_PLACEMENT_3D ( 'NONE', #720, #2106, #770 ) ;
#1105 = PLANE ( 'NONE',  #319 ) ;
#1106 = FACE_OUTER_BOUND ( 'NONE', #567, .T. ) ;
#1107 = CIRCLE ( 'NONE', #1951, 0.2000000000000000389 ) ;
#1108 = CARTESIAN_POINT ( 'NONE',  ( 3.650192591691934663, -0.000000000000000000, 1.447977797931323973 ) ) ;
#1109 = CARTESIAN_POINT ( 'NONE',  ( 3.429788878006462483, 2.710505431213761085E-17, 1.031370849898474162 ) ) ;
#1110 = ORIENTED_EDGE ( 'NONE', *, *, #692, .F. ) ;
#1111 = DIRECTION ( 'NONE',  ( 0.000000000000000000, -0.7071067811865464625, -0.7071067811865484609 ) ) ;
#1112 = CYLINDRICAL_SURFACE ( 'NONE', #504, 0.7500000000000006661 ) ;
#1113 = CARTESIAN_POINT ( 'NONE',  ( -3.605027810353786943, -0.1634984506726979425, 0.9266619355072852615 ) ) ;
#1114 = ORIENTED_EDGE ( 'NONE', *, *, #2067, .F. ) ;
#1115 = CARTESIAN_POINT ( 'NONE',  ( -3.601649662235679727, 4.244758761606110744E-15, 1.194951367919552920 ) ) ;
#1116 = AXIS2_PLACEMENT_3D ( 'NONE', #924, #3131, #2570 ) ;
#1117 = CARTESIAN_POINT ( 'NONE',  ( -3.349999999999999645, -0.3499999999999999778, 1.386396103067890850 ) ) ;
#1118 = CARTESIAN_POINT ( 'NONE',  ( 4.200000000000000178, -0.09289321881345358189, 0.9242640687119256793 ) ) ;
#1119 = ORIENTED_EDGE ( 'NONE', *, *, #3078, .T. ) ;
#1120 = CARTESIAN_POINT ( 'NONE',  ( -3.429788878006462038, -0.2000000000000000111, 1.031370849898472608 ) ) ;
#1121 = FACE_OUTER_BOUND ( 'NONE', #1973, .T. ) ;
#1122 = VERTEX_POINT ( 'NONE', #2874 ) ;
#1123 = EDGE_CURVE ( 'NONE', #1720, #704, #2298, .T. ) ;
#1124 = DIRECTION ( 'NONE',  ( 0.000000000000000000, 0.000000000000000000, -1.000000000000000000 ) ) ;
#1125 = VERTEX_POINT ( 'NONE', #656 ) ;
#1126 = ADVANCED_FACE ( 'NONE', ( #3161 ), #1490, .T. ) ;
#1127 = DIRECTION ( 'NONE',  ( -0.000000000000000000, 0.7071067811865486830, 0.7071067811865464625 ) ) ;
#1128 = CARTESIAN_POINT ( 'NONE',  ( -3.444986152837973936, -0.3500000000000000333, 1.386396102487726267 ) ) ;
#1129 = AXIS2_PLACEMENT_3D ( 'NONE', #847, #2190, #1124 ) ;
#1130 = CARTESIAN_POINT ( 'NONE',  ( -3.614894439003230708, -0.1464466094067267410, 0.9778174593051989216 ) ) ;
#1131 = ORIENTED_EDGE ( 'NONE', *, *, #2491, .T. ) ;
#1132 = CARTESIAN_POINT ( 'NONE',  ( -4.234255825041963739, -1.143494478793304965E-16, -0.9194917937727030699 ) ) ;
#1133 = CARTESIAN_POINT ( 'NONE',  ( -4.450000000000001066, -0.3499999999999998668, -0.7035533905932708221 ) ) ;
#1134 = DIRECTION ( 'NONE',  ( 0.000000000000000000, -0.7071067811865485719, 0.7071067811865465735 ) ) ;
#1135 = ORIENTED_EDGE ( 'NONE', *, *, #1790, .T. ) ;
#1136 = CARTESIAN_POINT ( 'NONE',  ( -4.000000000000000000, -0.3499999999999999778, 4.500000000000000888 ) ) ;
#1137 = CARTESIAN_POINT ( 'NONE',  ( 4.400000000000000355, -0.2000000000000000111, -0.2171572875253784396 ) ) ;
#1138 = VERTEX_POINT ( 'NONE', #132 ) ;
#1139 = VECTOR ( 'NONE', #3127, 1000.000000000000000 ) ;
#1140 = CARTESIAN_POINT ( 'NONE',  ( 3.429788878006462038, 0.000000000000000000, -0.4313708498984715201 ) ) ;
#1141 = ORIENTED_EDGE ( 'NONE', *, *, #494, .T. ) ;
#1142 = SURFACE_STYLE_FILL_AREA ( #2193 ) ;
#1143 = DIRECTION ( 'NONE',  ( -0.000000000000000000, 0.000000000000000000, -1.000000000000000000 ) ) ;
#1144 = AXIS2_PLACEMENT_3D ( 'NONE', #367, #1473, #2567 ) ;
#1145 = DIRECTION ( 'NONE',  ( 0.000000000000000000, 0.000000000000000000, 1.000000000000000000 ) ) ;
#1146 = EDGE_CURVE ( 'NONE', #2494, #1862, #115, .T. ) ;
#1147 = CARTESIAN_POINT ( 'NONE',  ( -3.599999999999999645, 1.626303258728256651E-16, 0.8171572875253796386 ) ) ;
#1148 = DIRECTION ( 'NONE',  ( 0.000000000000000000, -0.7071067811865464625, 0.7071067811865486830 ) ) ;
#1149 = ORIENTED_EDGE ( 'NONE', *, *, #1364, .F. ) ;
#1150 = CARTESIAN_POINT ( 'NONE',  ( -3.631265345856577120, -0.1131032455349844645, 1.067746332769200057 ) ) ;
#1151 = EDGE_CURVE ( 'NONE', #2883, #772, #3329, .T. ) ;
#1152 = VECTOR ( 'NONE', #824, 1000.000000000000000 ) ;
#1153 = CARTESIAN_POINT ( 'NONE',  ( 0.000000000000000000, 0.000000000000000000, -1.031370849898473052 ) ) ;
#1154 = AXIS2_PLACEMENT_3D ( 'NONE', #1901, #2762, #3545 ) ;
#1155 = ORIENTED_EDGE ( 'NONE', *, *, #2373, .T. ) ;
#1156 = DIRECTION ( 'NONE',  ( 0.000000000000000000, 0.000000000000000000, -1.000000000000000000 ) ) ;
#1157 = ORIENTED_EDGE ( 'NONE', *, *, #1689, .F. ) ;
#1158 = CARTESIAN_POINT ( 'NONE',  ( 3.497493076421828828, -0.4085786440527846008, 1.244974746540487454 ) ) ;
#1159 = ORIENTED_EDGE ( 'NONE', *, *, #2921, .F. ) ;
#1160 = CARTESIAN_POINT ( 'NONE',  ( 3.634559005639783180, -0.1063949393351378281, -0.4858390673899072865 ) ) ;
#1161 = EDGE_CURVE ( 'NONE', #2720, #3577, #1898, .T. ) ;
#1162 = EDGE_LOOP ( 'NONE', ( #647, #2913, #1326 ) ) ;
#1163 = VECTOR ( 'NONE', #2112, 1000.000000000000000 ) ;
#1164 = CARTESIAN_POINT ( 'NONE',  ( 3.605089425251786661, -0.1633919657439006912, -0.3269813903364676699 ) ) ;
#1165 = CARTESIAN_POINT ( 'NONE',  ( -3.549999999999999822, -0.8939339828220161932, -0.1596194077712560500 ) ) ;
#1166 = AXIS2_PLACEMENT_3D ( 'NONE', #316, #1940, #1680 ) ;
#1167 = CARTESIAN_POINT ( 'NONE',  ( -3.341205285072423870, -0.3499999999999999778, 1.325430360516277162 ) ) ;
#1168 = EDGE_CURVE ( 'NONE', #684, #2429, #911, .T. ) ;
#1169 = CARTESIAN_POINT ( 'NONE',  ( 4.589825535998278916, 1.084202172485504434E-16, 0.9635742625348054924 ) ) ;
#1170 = EDGE_CURVE ( 'NONE', #1481, #3241, #735, .T. ) ;
#1171 = DIRECTION ( 'NONE',  ( 0.000000000000000000, 0.000000000000000000, -1.000000000000000000 ) ) ;
#1172 = ADVANCED_FACE ( 'NONE', ( #97 ), #3402, .T. ) ;
#1173 = CARTESIAN_POINT ( 'NONE',  ( -4.450000000000001066, -0.4343145750507612091, 0.3000000000000004330 ) ) ;
#1174 = LINE ( 'NONE', #2017, #220 ) ;
#1175 = CARTESIAN_POINT ( 'NONE',  ( 0.000000000000000000, -0.8000000000000000444, -1.031370849898473052 ) ) ;
#1176 = PLANE ( 'NONE',  #773 ) ;
#1177 = VERTEX_POINT ( 'NONE', #1653 ) ;
#1178 = FACE_OUTER_BOUND ( 'NONE', #490, .T. ) ;
#1179 = VERTEX_POINT ( 'NONE', #2756 ) ;
#1180 = ORIENTED_EDGE ( 'NONE', *, *, #2163, .F. ) ;
#1181 = CARTESIAN_POINT ( 'NONE',  ( 4.570211121993538406, 0.000000000000000000, 1.031370849898472164 ) ) ;
#1182 = DIRECTION ( 'NONE',  ( 0.000000000000000000, 0.7071067811865487940, -0.7071067811865463515 ) ) ;
#1183 = PRESENTATION_LAYER_ASSIGNMENT (  '', '', ( #2078 ) ) ;
#1184 = DIRECTION ( 'NONE',  ( -0.000000000000000000, -0.7071067811865485719, 0.7071067811865465735 ) ) ;
#1185 =( BOUNDED_SURFACE ( )  B_SPLINE_SURFACE ( 3, 2, ( 
 ( #1327, #1030, #2476 ),
 ( #3309, #502, #1589 ),
 ( #1900, #542, #1641 ),
 ( #2443, #1070, #3000 ),
 ( #219, #2422, #1362 ),
 ( #1605, #275, #2746 ) ),
 .UNSPECIFIED., .F., .F., .F. ) 
 B_SPLINE_SURFACE_WITH_KNOTS ( ( 4, 2, 4 ),
 ( 3, 3 ),
 ( -0.0003989844109213100138, -4.586235773285256604E-05, 0.0003072596954556048817 ),
 ( 0.000000000000000000, 1.000000000000000000 ),
 .UNSPECIFIED. ) 
 GEOMETRIC_REPRESENTATION_ITEM ( )  RATIONAL_B_SPLINE_SURFACE ( (
 ( 1.000000000000000000, 1.000000000000000000, 1.000000000000000000),
 ( 1.000000000000000000, 1.000404339199754578, 1.000000000000000000),
 ( 1.000000000000000000, 0.9768286432007777798, 1.000000000000000000),
 ( 1.000000000000000000, 0.9003806316999307668, 1.000000000000000000),
 ( 1.000000000000000000, 0.8485292421051365830, 1.000000000000000000),
 ( 1.000000000000000000, 0.7961679951387039544, 1.000000000000000000) ) ) 
 REPRESENTATION_ITEM ( '' )  SURFACE ( )  );
#1186 = VECTOR ( 'NONE', #560, 1000.000000000000000 ) ;
#1187 = DIRECTION ( 'NONE',  ( 1.000000000000000000, 0.000000000000000000, -0.000000000000000000 ) ) ;
#1188 = DIRECTION ( 'NONE',  ( -0.000000000000000000, 0.7071067811865485719, -0.7071067811865465735 ) ) ;
#1189 = CARTESIAN_POINT ( 'NONE',  ( 0.000000000000000000, 0.000000000000000000, -0.2999999999999981570 ) ) ;
#1190 = CARTESIAN_POINT ( 'NONE',  ( 4.200000000000000178, -0.09289321881345355414, -0.3242640687119244802 ) ) ;
#1191 = DIRECTION ( 'NONE',  ( 0.000000000000000000, 1.000000000000000000, 0.000000000000000000 ) ) ;
#1192 = EDGE_LOOP ( 'NONE', ( #285, #2964, #3403, #34 ) ) ;
#1193 = VERTEX_POINT ( 'NONE', #1888 ) ;
#1194 = ORIENTED_EDGE ( 'NONE', *, *, #2007, .T. ) ;
#1195 = CARTESIAN_POINT ( 'NONE',  ( 4.349067381014957157, 0.000000000000000000, 1.448799057414247082 ) ) ;
#1196 = CARTESIAN_POINT ( 'NONE',  ( 3.150000000145075862, -0.3500000000000000333, -0.3692226850195209353 ) ) ;
#1197 = ADVANCED_FACE ( 'NONE', ( #1082 ), #1633, .F. ) ;
#1198 = CARTESIAN_POINT ( 'NONE',  ( 4.400000000000001243, -0.2000000000000005107, 0.8171572875253779733 ) ) ;
#1199 = CARTESIAN_POINT ( 'NONE',  ( 2.168404344971008868E-16, -0.3499999999999999778, 10.00000000000000000 ) ) ;
#1200 = ORIENTED_EDGE ( 'NONE', *, *, #1003, .F. ) ;
#1201 = CIRCLE ( 'NONE', #2925, 0.3999999999999998002 ) ;
#1202 = LINE ( 'NONE', #930, #3506 ) ;
#1203 = CARTESIAN_POINT ( 'NONE',  ( 3.193109289978337095, -0.3500000000000001443, 1.115990995721042767 ) ) ;
#1204 = CARTESIAN_POINT ( 'NONE',  ( -4.426393330307960561, 4.445612012020618009E-15, 0.9299067456550260680 ) ) ;
#1205 = CARTESIAN_POINT ( 'NONE',  ( 3.605027810353786943, -0.1634984506726979980, 0.9266619355072850395 ) ) ;
#1206 = ORIENTED_EDGE ( 'NONE', *, *, #2857, .F. ) ;
#1207 = AXIS2_PLACEMENT_3D ( 'NONE', #1288, #2367, #727 ) ;
#1208 = CARTESIAN_POINT ( 'NONE',  ( 3.549999999999999822, -1.176776695296636754, 0.1232233047033636647 ) ) ;
#1209 = EDGE_CURVE ( 'NONE', #1353, #1290, #1371, .T. ) ;
#1210 = ORIENTED_EDGE ( 'NONE', *, *, #3483, .F. ) ;
#1211 = ORIENTED_EDGE ( 'NONE', *, *, #1514, .F. ) ;
#1212 = ADVANCED_FACE ( 'NONE', ( #2188 ), #2866, .T. ) ;
#1213 = EDGE_CURVE ( 'NONE', #1908, #684, #2525, .T. ) ;
#1214 = CARTESIAN_POINT ( 'NONE',  ( 3.444986152837953064, -0.3500000000000000333, -0.7863961024877594852 ) ) ;
#1215 = CARTESIAN_POINT ( 'NONE',  ( 3.575798016802561374, 0.000000000000000000, -0.3891285509743909743 ) ) ;
#1216 = CARTESIAN_POINT ( 'NONE',  ( 4.600000000000000533, 1.355252715606880543E-16, 0.8171572875253776402 ) ) ;
#1217 = CIRCLE ( 'NONE', #1392, 0.8000000000000000444 ) ;
#1218 = EDGE_CURVE ( 'NONE', #3026, #121, #2056, .T. ) ;
#1219 = CARTESIAN_POINT ( 'NONE',  ( 4.650000000000001243, -0.5500000000000000444, -0.2207106781186526367 ) ) ;
#1220 = CARTESIAN_POINT ( 'NONE',  ( 4.600000000000000533, 1.355252715606880543E-16, 0.8908529287547379827 ) ) ;
#1221 = CYLINDRICAL_SURFACE ( 'NONE', #2744, 0.1999999999999999556 ) ;
#1222 = EDGE_CURVE ( 'NONE', #59, #1767, #2699, .T. ) ;
#1223 = CARTESIAN_POINT ( 'NONE',  ( 3.605027810353786943, -0.1634984506726979980, -0.3266619355072843955 ) ) ;
#1224 = CARTESIAN_POINT ( 'NONE',  ( 3.475655974253945235, -0.3499999999999858780, 1.303553389938371554 ) ) ;
#1225 = B_SPLINE_CURVE_WITH_KNOTS ( 'NONE', 3,
 ( #3223, #1837, #2953, #2414, #1615, #2994 ),
 .UNSPECIFIED., .F., .F.,
 ( 4, 2, 4 ),
 ( 0.000000000000000000, 0.0003505093907976066653, 0.0007010187815952133306 ),
 .UNSPECIFIED. ) ;
#1226 = VERTEX_POINT ( 'NONE', #1136 ) ;
#1227 = CARTESIAN_POINT ( 'NONE',  ( 5.000000000000000000, -0.3499999999999999778, 4.500000000000000888 ) ) ;
#1228 = ORIENTED_EDGE ( 'NONE', *, *, #345, .F. ) ;
#1229 = CIRCLE ( 'NONE', #2129, 0.1999999999999998723 ) ;
#1230 = EDGE_LOOP ( 'NONE', ( #411 ) ) ;
#1231 = AXIS2_PLACEMENT_3D ( 'NONE', #3357, #876, #2552 ) ;
#1232 = CARTESIAN_POINT ( 'NONE',  ( -4.268339768842325910, -0.01509821264205207271, 1.409103971625233598 ) ) ;
#1233 = CARTESIAN_POINT ( 'NONE',  ( -4.200000000000000178, -1.000000000000000000, 0.3000000000000007661 ) ) ;
#1234 = CARTESIAN_POINT ( 'NONE',  ( 4.850000000000000533, -0.3499999999999999778, -0.2207106781186526645 ) ) ;
#1235 = CARTESIAN_POINT ( 'NONE',  ( -4.200000000000000178, -0.2343145750507628633, -0.4656854249492342057 ) ) ;
#1236 = VECTOR ( 'NONE', #2865, 1000.000000000000000 ) ;
#1237 = CARTESIAN_POINT ( 'NONE',  ( -4.424201983197439070, 0.000000000000000000, -0.3891285509743906967 ) ) ;
#1238 = CARTESIAN_POINT ( 'NONE',  ( 3.429788878006462038, 0.000000000000000000, -0.4313708498984715201 ) ) ;
#1239 = CARTESIAN_POINT ( 'NONE',  ( 4.537116768436892933, 0.000000000000000000, -0.5457604116622383206 ) ) ;
#1240 = CARTESIAN_POINT ( 'NONE',  ( 4.400000000000000355, -0.7171572875253795498, 0.01715728752538117630 ) ) ;
#1241 = FACE_OUTER_BOUND ( 'NONE', #1260, .T. ) ;
#1242 = TOROIDAL_SURFACE ( 'NONE', #3194, 2.407106781186551192, 0.3999999999999998002 ) ;
#1243 = ORIENTED_EDGE ( 'NONE', *, *, #1704, .T. ) ;
#1244 = CARTESIAN_POINT ( 'NONE',  ( 4.234255825041984167, -1.124436237480083454E-16, 1.519491793772710153 ) ) ;
#1245 = ORIENTED_EDGE ( 'NONE', *, *, #1894, .F. ) ;
#1246 = VERTEX_POINT ( 'NONE', #1165 ) ;
#1247 = CARTESIAN_POINT ( 'NONE',  ( 0.000000000000000000, -0.4000000000000001887, -0.2999999999999981570 ) ) ;
#1248 = CYLINDRICAL_SURFACE ( 'NONE', #2419, 0.2000000000000000944 ) ;
#1249 = CARTESIAN_POINT ( 'NONE',  ( 3.518594280189041967, 2.710505431213761085E-17, -0.6501643803987473547 ) ) ;
#1250 = PLANE ( 'NONE',  #1062 ) ;
#1251 = EDGE_CURVE ( 'NONE', #2151, #879, #617, .T. ) ;
#1252 = CARTESIAN_POINT ( 'NONE',  ( 4.850000000000001421, -0.3500000000000000333, 0.8207106781186536137 ) ) ;
#1253 = DIRECTION ( 'NONE',  ( 0.000000000000000000, 1.000000000000000000, 0.000000000000000000 ) ) ;
#1254 = CARTESIAN_POINT ( 'NONE',  ( 0.000000000000000000, -0.8000000000000000444, 1.631370849898473807 ) ) ;
#1255 = FACE_OUTER_BOUND ( 'NONE', #2737, .T. ) ;
#1256 = DIRECTION ( 'NONE',  ( -0.000000000000000000, 0.7071067811865486830, 0.7071067811865464625 ) ) ;
#1257 = ORIENTED_EDGE ( 'NONE', *, *, #3164, .T. ) ;
#1258 = CIRCLE ( 'NONE', #1027, 0.1999999999999996503 ) ;
#1259 = CARTESIAN_POINT ( 'NONE',  ( 4.650000000000000355, -0.4085786437626907630, -0.6449747468305802034 ) ) ;
#1260 = EDGE_LOOP ( 'NONE', ( #1302, #593, #2127 ) ) ;
#1261 = ORIENTED_EDGE ( 'NONE', *, *, #1771, .F. ) ;
#1262 = CARTESIAN_POINT ( 'NONE',  ( -3.149999999999999467, -0.5500000000000000444, -0.2207106781186526923 ) ) ;
#1263 = ADVANCED_FACE ( 'NONE', ( #2252 ), #1437, .F. ) ;
#1264 = CARTESIAN_POINT ( 'NONE',  ( -4.650000000000000355, -0.5500000000000000444, 0.8207106781186536137 ) ) ;
#1265 = ADVANCED_BREP_SHAPE_REPRESENTATION ( 'Bat pos', ( #439, #1915 ), #2388 ) ;
#1266 = DIRECTION ( 'NONE',  ( -1.000000000000000000, 0.000000000000000000, -0.000000000000000000 ) ) ;
#1267 = FACE_OUTER_BOUND ( 'NONE', #1932, .T. ) ;
#1268 = CARTESIAN_POINT ( 'NONE',  ( 4.554397357463795259, -0.4238200794005869132, -0.5992504399168531171 ) ) ;
#1269 = AXIS2_PLACEMENT_3D ( 'NONE', #2207, #36, #577 ) ;
#1270 = CIRCLE ( 'NONE', #1036, 0.8000000000000000444 ) ;
#1271 = DIRECTION ( 'NONE',  ( 0.000000000000000000, 0.000000000000000000, -1.000000000000000000 ) ) ;
#1272 = ORIENTED_EDGE ( 'NONE', *, *, #1689, .T. ) ;
#1273 = PLANE ( 'NONE',  #2365 ) ;
#1274 = ADVANCED_FACE ( 'NONE', ( #2520 ), #2797, .T. ) ;
#1275 = EDGE_CURVE ( 'NONE', #282, #759, #341, .T. ) ;
#1276 = AXIS2_PLACEMENT_3D ( 'NONE', #1382, #2461, #3568 ) ;
#1277 = EDGE_CURVE ( 'NONE', #1035, #870, #161, .T. ) ;
#1278 = FACE_OUTER_BOUND ( 'NONE', #2698, .T. ) ;
#1279 = EDGE_LOOP ( 'NONE', ( #2670, #2691, #89, #2435 ) ) ;
#1280 = CIRCLE ( 'NONE', #3005, 0.2000000000000000944 ) ;
#1281 = CARTESIAN_POINT ( 'NONE',  ( -4.000000000000000000, -0.3499999999999999778, 4.500000000000000888 ) ) ;
#1282 = CARTESIAN_POINT ( 'NONE',  ( 0.000000000000000000, -0.2928932188134506509, -0.2999999999999981570 ) ) ;
#1283 = VERTEX_POINT ( 'NONE', #1764 ) ;
#1284 = CARTESIAN_POINT ( 'NONE',  ( -4.650000000000000355, -0.5500000000000000444, 0.000000000000000000 ) ) ;
#1285 = AXIS2_PLACEMENT_3D ( 'NONE', #1468, #46, #1958 ) ;
#1286 = CARTESIAN_POINT ( 'NONE',  ( 3.614894439003234705, -0.1464466094067266577, -0.3778174593051960017 ) ) ;
#1287 = AXIS2_PLACEMENT_3D ( 'NONE', #3106, #1728, #3371 ) ;
#1288 = CARTESIAN_POINT ( 'NONE',  ( 4.400000000000000355, -0.4343145750507612091, 0.3000000000000004330 ) ) ;
#1289 = DIRECTION ( 'NONE',  ( 0.000000000000000000, -0.7071067811865485719, -0.7071067811865465735 ) ) ;
#1290 = VERTEX_POINT ( 'NONE', #732 ) ;
#1291 = CARTESIAN_POINT ( 'NONE',  ( -4.650000000000001243, -0.5500000000000002665, -0.2207106781186520816 ) ) ;
#1292 = ORIENTED_EDGE ( 'NONE', *, *, #2659, .T. ) ;
#1293 = CYLINDRICAL_SURFACE ( 'NONE', #3484, 0.1999999999999999833 ) ;
#1294 = PLANE ( 'NONE',  #1104 ) ;
#1295 = EDGE_LOOP ( 'NONE', ( #2433, #1057, #809, #2175 ) ) ;
#1296 = EDGE_LOOP ( 'NONE', ( #2934, #98, #3443, #2608 ) ) ;
#1297 = VECTOR ( 'NONE', #1930, 1000.000000000000000 ) ;
#1298 = CYLINDRICAL_SURFACE ( 'NONE', #1411, 0.7999999999999999334 ) ;
#1299 = DIRECTION ( 'NONE',  ( -1.000000000000000000, 0.000000000000000000, 0.000000000000000000 ) ) ;
#1300 = DIRECTION ( 'NONE',  ( -1.000000000000000000, 0.000000000000000000, 0.000000000000000000 ) ) ;
#1301 = ADVANCED_FACE ( 'NONE', ( #2085 ), #1780, .T. ) ;
#1302 = ORIENTED_EDGE ( 'NONE', *, *, #363, .T. ) ;
#1303 = CARTESIAN_POINT ( 'NONE',  ( -3.400000000071563111, 2.710505431213761085E-17, -0.2904155744463493560 ) ) ;
#1304 = VECTOR ( 'NONE', #2580, 1000.000000000000000 ) ;
#1305 = CARTESIAN_POINT ( 'NONE',  ( 4.650000000000000355, -0.5500000000000000444, 0.000000000000000000 ) ) ;
#1306 = ADVANCED_FACE ( 'NONE', ( #980 ), #2669, .F. ) ;
#1307 = LINE ( 'NONE', #763, #500 ) ;
#1308 = EDGE_LOOP ( 'NONE', ( #921, #1707, #2308, #428 ) ) ;
#1309 = CARTESIAN_POINT ( 'NONE',  ( 3.600000000000000089, -0.1815760896926604528, -0.2724290184473971421 ) ) ;
#1310 = DIRECTION ( 'NONE',  ( 1.000000000000000000, -0.000000000000000000, 2.478176394252581141E-16 ) ) ;
#1311 = EDGE_LOOP ( 'NONE', ( #265, #2757, #2800, #3152 ) ) ;
#1312 = FILL_AREA_STYLE ('',( #210 ) ) ;
#1313 = AXIS2_PLACEMENT_3D ( 'NONE', #995, #1571, #2962 ) ;
#1314 = DIRECTION ( 'NONE',  ( -1.000000000000000000, -0.000000000000000000, -0.000000000000000000 ) ) ;
#1315 = ORIENTED_EDGE ( 'NONE', *, *, #2472, .T. ) ;
#1316 = VERTEX_POINT ( 'NONE', #3490 ) ;
#1317 = DIRECTION ( 'NONE',  ( 0.000000000000000000, 1.761828530288944705E-15, -1.000000000000000000 ) ) ;
#1318 = ORIENTED_EDGE ( 'NONE', *, *, #1784, .F. ) ;
#1319 =( BOUNDED_SURFACE ( )  B_SPLINE_SURFACE ( 3, 2, ( 
 ( #2855, #1402, #3332 ),
 ( #912, #622, #856 ),
 ( #1944, #3058, #2822 ),
 ( #1700, #320, #2512 ),
 ( #53, #1997, #349 ),
 ( #1454, #3197, #133 ) ),
 .UNSPECIFIED., .F., .F., .T. ) 
 B_SPLINE_SURFACE_WITH_KNOTS ( ( 4, 2, 4 ),
 ( 3, 3 ),
 ( 4.712388980384689674, 5.497787143782137953, 6.283185307179586232 ),
 ( 0.000000000000000000, 1.000000000000000000 ),
 .UNSPECIFIED. ) 
 GEOMETRIC_REPRESENTATION_ITEM ( )  RATIONAL_B_SPLINE_SURFACE ( (
 ( 1.000000000000000000, 0.7071067811865473507, 1.000000000000000000),
 ( 1.000000000000000000, 0.7727933219847865631, 1.000000000000000000),
 ( 1.000000000000000000, 0.8282379279634421998, 1.000000000000000000),
 ( 1.000000000000000000, 0.9038128796054341052, 1.000000000000000000),
 ( 1.000000000000000000, 0.9240296925887202528, 1.000000000000000000),
 ( 1.000000000000000000, 0.9238795325112865164, 1.000000000000000000) ) ) 
 REPRESENTATION_ITEM ( '' )  SURFACE ( )  );
#1320 = DIRECTION ( 'NONE',  ( 0.000000000000000000, 0.000000000000000000, -1.000000000000000000 ) ) ;
#1321 = DIRECTION ( 'NONE',  ( 0.000000000000000000, 0.000000000000000000, -1.000000000000000000 ) ) ;
#1322 = CIRCLE ( 'NONE', #2294, 0.2000000000000000111 ) ;
#1323 = EDGE_CURVE ( 'NONE', #1316, #1651, #1814, .T. ) ;
#1324 = ADVANCED_FACE ( 'NONE', ( #473 ), #457, .F. ) ;
#1325 = DIRECTION ( 'NONE',  ( 0.000000000000000000, 0.000000000000000000, 1.000000000000000000 ) ) ;
#1326 = ORIENTED_EDGE ( 'NONE', *, *, #1218, .F. ) ;
#1327 = CARTESIAN_POINT ( 'NONE',  ( 4.200000000000000178, 0.000000000000000000, 1.631370849898473807 ) ) ;
#1328 = CARTESIAN_POINT ( 'NONE',  ( 4.340547558475434720, -0.07614218056547363001, -0.5673905355568775732 ) ) ;
#1329 = ORIENTED_EDGE ( 'NONE', *, *, #1251, .F. ) ;
#1330 = CARTESIAN_POINT ( 'NONE',  ( -3.399999999999999911, -0.2000000000000000111, 0.8171572875253796386 ) ) ;
#1331 = ADVANCED_FACE ( 'NONE', ( #1278 ), #1800, .T. ) ;
#1332 = CARTESIAN_POINT ( 'NONE',  ( 3.399999999999999911, 0.000000000000000000, -0.2171572875253784396 ) ) ;
#1333 = VERTEX_POINT ( 'NONE', #1539 ) ;
#1334 = EDGE_CURVE ( 'NONE', #2168, #982, #2278, .T. ) ;
#1335 =( BOUNDED_CURVE ( )  B_SPLINE_CURVE ( 3, ( #2488, #3322, #1407, #938 ),
 .UNSPECIFIED., .F., .F. ) 
 B_SPLINE_CURVE_WITH_KNOTS ( ( 4, 4 ),
 ( 1.570796326794896780, 3.141592653589793116 ),
 .UNSPECIFIED. ) 
 CURVE ( )  GEOMETRIC_REPRESENTATION_ITEM ( )  RATIONAL_B_SPLINE_CURVE ( ( 1.000000000000000000, 0.8047378541243650485, 0.8047378541243650485, 1.000000000000000000 ) ) 
 REPRESENTATION_ITEM ( '' )  );
#1336 = CARTESIAN_POINT ( 'NONE',  ( -4.570211121993538406, 0.000000000000000000, -0.4313708498984710205 ) ) ;
#1338 = AXIS2_PLACEMENT_3D ( 'NONE', #2636, #438, #1538 ) ;
#1337 = CARTESIAN_POINT ( 'NONE',  ( -3.432842712474618363, -0.4085786437626907630, -0.6449747468305802034 ) ) ;
#1339 = ORIENTED_EDGE ( 'NONE', *, *, #1567, .T. ) ;
#1340 = EDGE_LOOP ( 'NONE', ( #3236, #2307, #3523, #802 ) ) ;
#1341 = LINE ( 'NONE', #3207, #661 ) ;
#1342 = CARTESIAN_POINT ( 'NONE',  ( 5.000000000000000000, 0.000000000000000000, 4.500000000000000888 ) ) ;
#1343 = EDGE_CURVE ( 'NONE', #1600, #2323, #2945, .T. ) ;
#1344 = ORIENTED_EDGE ( 'NONE', *, *, #1620, .T. ) ;
#1345 = AXIS2_PLACEMENT_3D ( 'NONE', #292, #63, #3069 ) ;
#1346 = DIRECTION ( 'NONE',  ( 0.000000000000000000, 0.000000000000000000, -1.000000000000000000 ) ) ;
#1347 = DIRECTION ( 'NONE',  ( 0.000000000000000000, 0.000000000000000000, 1.000000000000000000 ) ) ;
#1348 = VERTEX_POINT ( 'NONE', #2621 ) ;
#1349 = CARTESIAN_POINT ( 'NONE',  ( -3.575798016802561374, -6.776263578034402713E-18, 0.9891285509743921178 ) ) ;
#1350 = CARTESIAN_POINT ( 'NONE',  ( -3.799999999999999822, 0.000000000000000000, -1.031370849898473052 ) ) ;
#1351 = DIRECTION ( 'NONE',  ( 1.000000000000000000, -0.000000000000000000, -0.000000000000000000 ) ) ;
#1352 = ORIENTED_EDGE ( 'NONE', *, *, #2690, .F. ) ;
#1353 = VERTEX_POINT ( 'NONE', #2660 ) ;
#1354 = AXIS2_PLACEMENT_3D ( 'NONE', #535, #555, #1632 ) ;
#1355 = DIRECTION ( 'NONE',  ( 0.000000000000000000, -0.7071067811865485719, 0.7071067811865465735 ) ) ;
#1356 = ORIENTED_EDGE ( 'NONE', *, *, #413, .F. ) ;
#1357 = PLANE ( 'NONE',  #1129 ) ;
#1358 = PLANE ( 'NONE',  #2309 ) ;
#1359 = CARTESIAN_POINT ( 'NONE',  ( 4.599999999999999645, -0.2000000000000000111, 0.000000000000000000 ) ) ;
#1360 = AXIS2_PLACEMENT_3D ( 'NONE', #107, #900, #339 ) ;
#1361 = ORIENTED_EDGE ( 'NONE', *, *, #1530, .T. ) ;
#1362 = CARTESIAN_POINT ( 'NONE',  ( 4.368734654143418439, -0.1131032455350086396, 1.067746332769198059 ) ) ;
#1363 = CARTESIAN_POINT ( 'NONE',  ( -3.666570558280056513, -0.06833824153861470241, 1.191982760026369048 ) ) ;
#1364 = EDGE_CURVE ( 'NONE', #157, #3186, #2486, .T. ) ;
#1365 = CARTESIAN_POINT ( 'NONE',  ( -3.429788878006462038, 0.000000000000000000, -0.4313708498984713535 ) ) ;
#1366 = AXIS2_PLACEMENT_3D ( 'NONE', #1696, #2218, #1148 ) ;
#1367 = CARTESIAN_POINT ( 'NONE',  ( 4.600000000000000533, 2.710505431213761085E-17, -0.2908529287547365616 ) ) ;
#1368 = CYLINDRICAL_SURFACE ( 'NONE', #2755, 0.2000000000000000389 ) ;
#1369 = VERTEX_POINT ( 'NONE', #2606 ) ;
#1370 = EDGE_LOOP ( 'NONE', ( #987, #2772, #1783, #1073 ) ) ;
#1371 = LINE ( 'NONE', #1102, #1929 ) ;
#1372 = EDGE_LOOP ( 'NONE', ( #3475 ) ) ;
#1373 = DIRECTION ( 'NONE',  ( 0.000000000000000000, 1.000000000000000000, 0.000000000000000000 ) ) ;
#1374 = CARTESIAN_POINT ( 'NONE',  ( -3.549999999999999822, -0.7525126265847069673, -0.01819805153394630365 ) ) ;
#1375 = DIRECTION ( 'NONE',  ( 0.000000000000000000, -0.000000000000000000, 1.000000000000000000 ) ) ;
#1376 = CARTESIAN_POINT ( 'NONE',  ( 3.410174464001670458, -2.710505431213761085E-17, -0.3635742625348452606 ) ) ;
#1377 = AXIS2_PLACEMENT_3D ( 'NONE', #1649, #609, #2752 ) ;
#1378 = VERTEX_POINT ( 'NONE', #170 ) ;
#1379 = CARTESIAN_POINT ( 'NONE',  ( -3.410055620707573620, 2.710505431213761085E-17, -0.3631634848345865474 ) ) ;
#1380 = CARTESIAN_POINT ( 'NONE',  ( -4.200000000000000178, -0.2343145750507628633, 1.065685424949235349 ) ) ;
#1381 = CARTESIAN_POINT ( 'NONE',  ( -4.589825535998381945, 2.710505431213761085E-17, -0.3635742625348697410 ) ) ;
#1382 = CARTESIAN_POINT ( 'NONE',  ( 3.799999999999999822, -0.4343145750507612091, 0.3000000000000004330 ) ) ;
#1383 = DIRECTION ( 'NONE',  ( -0.2779153920969852920, 0.000000000000000000, 0.9606055563214170867 ) ) ;
#1384 = EDGE_CURVE ( 'NONE', #1283, #1179, #2318, .T. ) ;
#1385 = EDGE_CURVE ( 'NONE', #3118, #334, #2314, .T. ) ;
#1386 = ADVANCED_FACE ( 'NONE', ( #2986 ), #1881, .T. ) ;
#1387 = DIRECTION ( 'NONE',  ( 0.000000000000000000, 0.7071067811865464625, -0.7071067811865484609 ) ) ;
#1388 = ORIENTED_EDGE ( 'NONE', *, *, #3525, .F. ) ;
#1389 = DIRECTION ( 'NONE',  ( 0.000000000000000000, 1.000000000000000000, 0.000000000000000000 ) ) ;
#1390 = CARTESIAN_POINT ( 'NONE',  ( -3.462883231563107955, 0.000000000000000000, -0.5457604116622392088 ) ) ;
#1391 = ORIENTED_EDGE ( 'NONE', *, *, #1277, .T. ) ;
#1392 = AXIS2_PLACEMENT_3D ( 'NONE', #3203, #1351, #443 ) ;
#1393 = FACE_BOUND ( 'NONE', #3244, .T. ) ;
#1394 = FACE_OUTER_BOUND ( 'NONE', #2265, .T. ) ;
#1395 = CARTESIAN_POINT ( 'NONE',  ( -3.400856014933661076, -0.3500000000000099698, 1.243236400998722457 ) ) ;
#1396 = CARTESIAN_POINT ( 'NONE',  ( -3.731652791803163005, -0.01510183105585943299, 1.409080095977721880 ) ) ;
#1397 = CARTESIAN_POINT ( 'NONE',  ( -4.423605504500489616, 1.882626475056122552E-15, 1.084509609313911049 ) ) ;
#1398 = AXIS2_PLACEMENT_3D ( 'NONE', #680, #2676, #2372 ) ;
#1399 = ORIENTED_EDGE ( 'NONE', *, *, #2067, .T. ) ;
#1400 = DIRECTION ( 'NONE',  ( 0.000000000000000000, -0.7071067811865463515, -0.7071067811865486830 ) ) ;
#1401 = CARTESIAN_POINT ( 'NONE',  ( 4.567157287525381193, -0.4085786437626907630, -0.6449747468305802034 ) ) ;
#1402 = CARTESIAN_POINT ( 'NONE',  ( -4.650000000000001243, -0.3500000000000001998, 0.8207106781186533917 ) ) ;
#1403 = EDGE_LOOP ( 'NONE', ( #2952, #3025, #2147, #1867 ) ) ;
#1404 = ORIENTED_EDGE ( 'NONE', *, *, #3549, .F. ) ;
#1405 = CARTESIAN_POINT ( 'NONE',  ( 3.731652791803163005, -0.01510183105585944166, -0.8090800959777209034 ) ) ;
#1406 = ORIENTED_EDGE ( 'NONE', *, *, #324, .T. ) ;
#1407 = CARTESIAN_POINT ( 'NONE',  ( 3.432842712474618363, -0.4085786437626907075, 1.244974746830581180 ) ) ;
#1408 = EDGE_CURVE ( 'NONE', #2099, #2574, #2937, .T. ) ;
#1409 =( BOUNDED_SURFACE ( )  B_SPLINE_SURFACE ( 3, 2, ( 
 ( #799, #1877, #527 ),
 ( #1570, #2672, #1937 ),
 ( #2747, #276, #3051 ),
 ( #836, #1147, #313 ) ),
 .UNSPECIFIED., .F., .F., .T. ) 
 B_SPLINE_SURFACE_WITH_KNOTS ( ( 4, 4 ),
 ( 3, 3 ),
 ( 1.182427031821513319, 1.570796326794896558 ),
 ( 0.000000000000000000, 1.000000000000000000 ),
 .UNSPECIFIED. ) 
 GEOMETRIC_REPRESENTATION_ITEM ( )  RATIONAL_B_SPLINE_SURFACE ( (
 ( 1.000000000000000000, 0.7961679951387037324, 1.000000000000000000),
 ( 1.000000000000000000, 0.7695742800711173892, 1.000000000000000000),
 ( 1.000000000000000000, 0.7394810956956733294, 1.000000000000000000),
 ( 1.000000000000000000, 0.7071067811865475727, 1.000000000000000000) ) ) 
 REPRESENTATION_ITEM ( '' )  SURFACE ( )  );
#1410 = CARTESIAN_POINT ( 'NONE',  ( -3.193109289978337095, -0.3499999999999999778, 1.115990995721028112 ) ) ;
#1411 = AXIS2_PLACEMENT_3D ( 'NONE', #497, #3028, #612 ) ;
#1412 = DIRECTION ( 'NONE',  ( 0.000000000000000000, 0.000000000000000000, 1.000000000000000000 ) ) ;
#1413 = CARTESIAN_POINT ( 'NONE',  ( -4.398166025458936979, -4.953586077431150992E-15, 1.195524553497465226 ) ) ;
#1414 = DIRECTION ( 'NONE',  ( 0.000000000000000000, -0.7071067811865464625, -0.7071067811865486830 ) ) ;
#1415 = CARTESIAN_POINT ( 'NONE',  ( 4.650000000000000355, -0.5500000000000000444, -0.2207106781186526645 ) ) ;
#1416 = EDGE_CURVE ( 'NONE', #2502, #934, #1229, .T. ) ;
#1417 = DIRECTION ( 'NONE',  ( 1.000000000000000000, -0.000000000000000000, -0.000000000000000000 ) ) ;
#1418 = CARTESIAN_POINT ( 'NONE',  ( 4.200000000000000178, 0.000000000000000000, -1.031370849898473052 ) ) ;
#1419 = VERTEX_POINT ( 'NONE', #1076 ) ;
#1420 = CARTESIAN_POINT ( 'NONE',  ( 3.550000000000001155, -0.3500000000000001443, 1.303553390593271688 ) ) ;
#1421 = CARTESIAN_POINT ( 'NONE',  ( -3.432842712474618363, -0.4085786437626907630, 1.244974746830580736 ) ) ;
#1422 = EDGE_LOOP ( 'NONE', ( #2793 ) ) ;
#1423 = DIRECTION ( 'NONE',  ( -1.000000000000000000, 0.000000000000000000, 0.000000000000000000 ) ) ;
#1424 = EDGE_LOOP ( 'NONE', ( #325, #1444, #3170 ) ) ;
#1425 = EDGE_CURVE ( 'NONE', #2679, #1651, #1678, .T. ) ;
#1426 = EDGE_CURVE ( 'NONE', #254, #2323, #2887, .T. ) ;
#1427 = CARTESIAN_POINT ( 'NONE',  ( -4.385105560996770180, -0.1464466094067267965, -0.3778174593051978891 ) ) ;
#1428 = CARTESIAN_POINT ( 'NONE',  ( 3.399999999999999911, 2.710505431213761085E-17, 0.8171572875253793056 ) ) ;
#1429 = DIRECTION ( 'NONE',  ( -1.000000000000000000, 0.000000000000000000, 0.000000000000000000 ) ) ;
#1430 = VECTOR ( 'NONE', #641, 1000.000000000000000 ) ;
#1431 = EDGE_CURVE ( 'NONE', #2118, #3083, #182, .T. ) ;
#1432 = DIRECTION ( 'NONE',  ( 0.000000000000000000, 0.000000000000000000, 1.000000000000000000 ) ) ;
#1433 =( BOUNDED_CURVE ( )  B_SPLINE_CURVE ( 3, ( #2804, #1885, #3333, #3059 ),
 .UNSPECIFIED., .F., .F. ) 
 B_SPLINE_CURVE_WITH_KNOTS ( ( 4, 4 ),
 ( 3.141592653589793116, 4.712388980384689674 ),
 .UNSPECIFIED. ) 
 CURVE ( )  GEOMETRIC_REPRESENTATION_ITEM ( )  RATIONAL_B_SPLINE_CURVE ( ( 1.000000000000000000, 0.8047378541243649375, 0.8047378541243649375, 1.000000000000000000 ) ) 
 REPRESENTATION_ITEM ( '' )  );
#1434 = CARTESIAN_POINT ( 'NONE',  ( -4.400000000000001243, -0.2000000000000000389, -0.2171572875253783841 ) ) ;
#1435 = CARTESIAN_POINT ( 'NONE',  ( 4.400000000000000355, 1.067258967350033450, 2.367258967350027721 ) ) ;
#1436 = AXIS2_PLACEMENT_3D ( 'NONE', #2116, #1826, #2136 ) ;
#1437 = TOROIDAL_SURFACE ( 'NONE', #2993, 1.000000000000000000, 0.2000000000000000111 ) ;
#1438 = VERTEX_POINT ( 'NONE', #548 ) ;
#1439 = CARTESIAN_POINT ( 'NONE',  ( 4.349807408308065781, -0.000000000000000000, -0.8479777979313228853 ) ) ;
#1440 = CARTESIAN_POINT ( 'NONE',  ( -3.600000000000000089, -0.2000000000000000111, 0.000000000000000000 ) ) ;
#1441 = LINE ( 'NONE', #2535, #2139 ) ;
#1442 = ORIENTED_EDGE ( 'NONE', *, *, #2204, .F. ) ;
#1443 = DIRECTION ( 'NONE',  ( 0.000000000000000000, 0.000000000000000000, 1.000000000000000000 ) ) ;
#1444 = ORIENTED_EDGE ( 'NONE', *, *, #3306, .F. ) ;
#1445 = ORIENTED_EDGE ( 'NONE', *, *, #291, .F. ) ;
#1446 = AXIS2_PLACEMENT_3D ( 'NONE', #3174, #3156, #710 ) ;
#1447 = CARTESIAN_POINT ( 'NONE',  ( -4.200000000000000178, -2.710505431213761085E-17, 1.631370849898473807 ) ) ;
#1448 = CARTESIAN_POINT ( 'NONE',  ( 3.605089425251793323, -0.1633919657439213691, 0.9269813903364734209 ) ) ;
#1449 = EDGE_CURVE ( 'NONE', #2502, #1770, #2650, .T. ) ;
#1450 = AXIS2_PLACEMENT_3D ( 'NONE', #803, #3037, #589 ) ;
#1451 = CARTESIAN_POINT ( 'NONE',  ( -3.349999999999999645, -0.5500000000000002665, 0.8207106781186529476 ) ) ;
#1452 = DIRECTION ( 'NONE',  ( -1.000000000000000000, -0.000000000000000000, 0.000000000000000000 ) ) ;
#1453 = DIRECTION ( 'NONE',  ( -0.000000000000000000, -1.000000000000000000, -0.000000000000000000 ) ) ;
#1454 = CARTESIAN_POINT ( 'NONE',  ( -4.450000000000000178, -0.3500000000000001443, 1.386396103067890850 ) ) ;
#1455 = VECTOR ( 'NONE', #1494, 1000.000000000000000 ) ;
#1456 = DIRECTION ( 'NONE',  ( 1.000000000000000000, 0.000000000000000000, 0.000000000000000000 ) ) ;
#1457 = CARTESIAN_POINT ( 'NONE',  ( 5.000000000000000000, -0.3499999999999999778, -4.499999999999999112 ) ) ;
#1458 = CARTESIAN_POINT ( 'NONE',  ( 5.000000000000000000, 0.000000000000000000, -4.499999999999999112 ) ) ;
#1459 = AXIS2_PLACEMENT_3D ( 'NONE', #655, #2222, #1171 ) ;
#1460 = CARTESIAN_POINT ( 'NONE',  ( -3.429788878006462038, 0.000000000000000000, -0.4313708498984713535 ) ) ;
#1461 = ORIENTED_EDGE ( 'NONE', *, *, #41, .F. ) ;
#1462 = CARTESIAN_POINT ( 'NONE',  ( -4.200000000000000178, -0.4343145750507612091, 0.3000000000000004330 ) ) ;
#1463 = EDGE_CURVE ( 'NONE', #1055, #3518, #1564, .T. ) ;
#1464 = ORIENTED_EDGE ( 'NONE', *, *, #1988, .F. ) ;
#1465 = EDGE_LOOP ( 'NONE', ( #2450, #737, #455 ) ) ;
#1466 = CARTESIAN_POINT ( 'NONE',  ( 4.385105560996770180, -0.1464466094067267410, 0.9778174593051991437 ) ) ;
#1467 = CARTESIAN_POINT ( 'NONE',  ( -4.570211121993538406, 0.000000000000000000, 1.031370849898473052 ) ) ;
#1468 = CARTESIAN_POINT ( 'NONE',  ( 4.200000000000000178, -0.8000000000000000444, -1.031370849898473052 ) ) ;
#1469 = AXIS2_PLACEMENT_3D ( 'NONE', #2561, #2885, #3139 ) ;
#1470 = CARTESIAN_POINT ( 'NONE',  ( 3.549999999999999822, -0.4085786437626907630, -0.6449747468305802034 ) ) ;
#1471 = TOROIDAL_SURFACE ( 'NONE', #1360, 0.4499999999999997891, 0.2000000000000000111 ) ;
#1472 = EDGE_CURVE ( 'NONE', #1812, #2740, #2693, .T. ) ;
#1473 = DIRECTION ( 'NONE',  ( -1.000000000000000000, 0.000000000000000000, 0.000000000000000000 ) ) ;
#1474 = COLOUR_RGB ( '',0.7921568627450980005, 0.8196078431372548767, 0.9333333333333333481 ) ;
#1475 = ORIENTED_EDGE ( 'NONE', *, *, #768, .T. ) ;
#1476 = DIRECTION ( 'NONE',  ( 0.000000000000000000, 1.000000000000000000, 0.000000000000000000 ) ) ;
#1477 = FACE_OUTER_BOUND ( 'NONE', #2464, .T. ) ;
#1478 = CARTESIAN_POINT ( 'NONE',  ( -3.725092590699897066, -0.01885987435814121677, -0.7878908717727290956 ) ) ;
#1479 = VERTEX_POINT ( 'NONE', #3272 ) ;
#1480 = CARTESIAN_POINT ( 'NONE',  ( 0.000000000000000000, -0.8000000000000000444, 1.631370849898473807 ) ) ;
#1481 = VERTEX_POINT ( 'NONE', #2203 ) ;
#1482 = ORIENTED_EDGE ( 'NONE', *, *, #1620, .F. ) ;
#1483 = DIRECTION ( 'NONE',  ( 0.000000000000000000, 0.7071067811865485719, -0.7071067811865465735 ) ) ;
#1484 = CARTESIAN_POINT ( 'NONE',  ( 3.193109289978313559, -0.3500000000000000333, -0.5159909957210263576 ) ) ;
#1485 = EDGE_CURVE ( 'NONE', #2880, #3409, #3417, .T. ) ;
#1486 = CARTESIAN_POINT ( 'NONE',  ( 3.149999999999999467, -0.3499999999999999778, 0.8207106781186536137 ) ) ;
#1487 = DIRECTION ( 'NONE',  ( 0.000000000000000000, 0.000000000000000000, 1.000000000000000000 ) ) ;
#1488 = VECTOR ( 'NONE', #2335, 1000.000000000000000 ) ;
#1489 = CARTESIAN_POINT ( 'NONE',  ( 4.450000000000001066, -0.3500000000000000333, 1.386396103067890850 ) ) ;
#1490 = PLANE ( 'NONE',  #273 ) ;
#1491 = DIRECTION ( 'NONE',  ( 0.000000000000000000, 0.000000000000000000, -1.000000000000000000 ) ) ;
#1492 = AXIS2_PLACEMENT_3D ( 'NONE', #3092, #1476, #2275 ) ;
#1493 = CARTESIAN_POINT ( 'NONE',  ( 3.614894439003230708, -0.1464466094067267965, -0.3778174593051978891 ) ) ;
#1494 = DIRECTION ( 'NONE',  ( -0.000000000000000000, -0.000000000000000000, -1.000000000000000000 ) ) ;
#1495 = CARTESIAN_POINT ( 'NONE',  ( -3.686077918000794096, 3.072636539438946743E-15, -0.8129495455427446782 ) ) ;
#1496 = ORIENTED_EDGE ( 'NONE', *, *, #2164, .F. ) ;
#1497 = VECTOR ( 'NONE', #3557, 1000.000000000000000 ) ;
#1498 = CARTESIAN_POINT ( 'NONE',  ( -4.599999999999999645, 0.000000000000000000, 0.8171572875253794166 ) ) ;
#1499 = ORIENTED_EDGE ( 'NONE', *, *, #2858, .F. ) ;
#1500 = ORIENTED_EDGE ( 'NONE', *, *, #699, .T. ) ;
#1501 = DIRECTION ( 'NONE',  ( 0.000000000000000000, 0.000000000000000000, 1.000000000000000000 ) ) ;
#1502 = CARTESIAN_POINT ( 'NONE',  ( 4.850000000000000533, -0.3499999999999999778, 0.8207106781186535027 ) ) ;
#1503 = AXIS2_PLACEMENT_3D ( 'NONE', #850, #1127, #2251 ) ;
#1504 = CARTESIAN_POINT ( 'NONE',  ( 4.658794714927575242, -0.3500000000000000333, -0.7254303605162699675 ) ) ;
#1505 = CARTESIAN_POINT ( 'NONE',  ( -4.681576424209525022, -0.3500000000000000333, -0.4567130058152816807 ) ) ;
#1506 = CARTESIAN_POINT ( 'NONE',  ( 3.600000000000000089, -0.1815760896926604806, 0.8724290184473978416 ) ) ;
#1507 = ORIENTED_EDGE ( 'NONE', *, *, #3562, .T. ) ;
#1508 = LINE ( 'NONE', #3378, #2150 ) ;
#1509 = ORIENTED_EDGE ( 'NONE', *, *, #2054, .T. ) ;
#1510 = EDGE_LOOP ( 'NONE', ( #2531, #1060, #2184, #1141, #2588, #2457, #1006, #2626, #177, #986, #1990, #1697 ) ) ;
#1511 = VECTOR ( 'NONE', #21, 1000.000000000000000 ) ;
#1512 = DIRECTION ( 'NONE',  ( 0.000000000000000000, 0.000000000000000000, 1.000000000000000000 ) ) ;
#1513 = FACE_OUTER_BOUND ( 'NONE', #1370, .T. ) ;
#1514 = EDGE_CURVE ( 'NONE', #3577, #2168, #3120, .T. ) ;
#1515 = EDGE_CURVE ( 'NONE', #1226, #648, #3313, .T. ) ;
#1516 = DIRECTION ( 'NONE',  ( -0.9606055563214168647, 0.000000000000000000, 0.2779153920969853475 ) ) ;
#1517 = B_SPLINE_CURVE_WITH_KNOTS ( 'NONE', 3,
 ( #1985, #2554, #3095, #2230, #1390, #1460 ),
 .UNSPECIFIED., .F., .F.,
 ( 4, 2, 4 ),
 ( -4.898979485728898145E-06, 0.0003499935496626663972, 0.0007048860788110616806 ),
 .UNSPECIFIED. ) ;
#1518 = CARTESIAN_POINT ( 'NONE',  ( 4.681576424209464626, -0.3499999999999963696, 1.056713005815273831 ) ) ;
#1519 = CARTESIAN_POINT ( 'NONE',  ( 3.349999999999999645, 0.000000000000000000, 0.000000000000000000 ) ) ;
#1520 = DIRECTION ( 'NONE',  ( 0.000000000000000000, -0.7071067811865486830, 0.7071067811865463515 ) ) ;
#1521 = DIRECTION ( 'NONE',  ( -0.000000000000000000, 0.000000000000000000, -1.000000000000000000 ) ) ;
#1522 = EDGE_CURVE ( 'NONE', #2342, #425, #2407, .T. ) ;
#1523 = VECTOR ( 'NONE', #2232, 1000.000000000000000 ) ;
#1524 = ORIENTED_EDGE ( 'NONE', *, *, #2319, .F. ) ;
#1525 = CARTESIAN_POINT ( 'NONE',  ( 0.000000000000000000, -1.400000000000000133, 0.3357864376269078521 ) ) ;
#1526 = UNCERTAINTY_MEASURE_WITH_UNIT (LENGTH_MEASURE( 1.000000000000000082E-05 ), #3571, 'distance_accuracy_value', 'NONE');
#1527 = VERTEX_POINT ( 'NONE', #1094 ) ;
#1528 = ORIENTED_EDGE ( 'NONE', *, *, #3447, .F. ) ;
#1529 = FACE_OUTER_BOUND ( 'NONE', #2060, .T. ) ;
#1530 = EDGE_CURVE ( 'NONE', #192, #704, #2018, .T. ) ;
#1531 = CARTESIAN_POINT ( 'NONE',  ( 3.762391717723684081, -2.710505431213761085E-17, -0.9085410510495014469 ) ) ;
#1532 = CIRCLE ( 'NONE', #3493, 0.2000000000000000111 ) ;
#1533 = EDGE_CURVE ( 'NONE', #168, #3518, #1660, .T. ) ;
#1534 = ADVANCED_FACE ( 'NONE', ( #1608 ), #2831, .F. ) ;
#1535 = EDGE_CURVE ( 'NONE', #3355, #2226, #1280, .T. ) ;
#1536 = CARTESIAN_POINT ( 'NONE',  ( 4.450000000000001066, -0.4085786437626907075, -0.6449747468305800924 ) ) ;
#1537 = ORIENTED_EDGE ( 'NONE', *, *, #3301, .T. ) ;
#1538 = DIRECTION ( 'NONE',  ( 0.000000000000000000, 0.000000000000000000, 1.000000000000000000 ) ) ;
#1539 = CARTESIAN_POINT ( 'NONE',  ( 5.000000000000000000, -0.3499999999999999778, -3.499999999999999556 ) ) ;
#1540 = EDGE_LOOP ( 'NONE', ( #3010, #541, #240, #2341 ) ) ;
#1541 = AXIS2_PLACEMENT_3D ( 'NONE', #1189, #2279, #3387 ) ;
#1542 = CARTESIAN_POINT ( 'NONE',  ( -3.315764363091268319, -0.3499999999999702793, -0.3234176966986088142 ) ) ;
#1543 = VERTEX_POINT ( 'NONE', #2530 ) ;
#1544 = ORIENTED_EDGE ( 'NONE', *, *, #981, .T. ) ;
#1545 = DIRECTION ( 'NONE',  ( -1.000000000000000000, -0.000000000000000000, 0.000000000000000000 ) ) ;
#1546 = CIRCLE ( 'NONE', #1821, 1.499999999999999556 ) ;
#1547 = PLANE ( 'NONE',  #256 ) ;
#1548 = FACE_OUTER_BOUND ( 'NONE', #1061, .T. ) ;
#1549 = CARTESIAN_POINT ( 'NONE',  ( -4.398350337764348694, -5.028658383578168390E-15, -0.5949513679195659321 ) ) ;
#1550 = FACE_OUTER_BOUND ( 'NONE', #376, .T. ) ;
#1551 = CIRCLE ( 'NONE', #1503, 0.1999999999999999556 ) ;
#1552 = FACE_OUTER_BOUND ( 'NONE', #229, .T. ) ;
#1553 = CARTESIAN_POINT ( 'NONE',  ( 3.399999999999999911, 2.710505431213761085E-17, 0.8908529287547374276 ) ) ;
#1554 =( BOUNDED_CURVE ( )  B_SPLINE_CURVE ( 3, ( #3117, #2845, #388, #1498 ),
 .UNSPECIFIED., .F., .F. ) 
 B_SPLINE_CURVE_WITH_KNOTS ( ( 4, 4 ),
 ( 4.324019685411304437, 4.712388980384689674 ),
 .UNSPECIFIED. ) 
 CURVE ( )  GEOMETRIC_REPRESENTATION_ITEM ( )  RATIONAL_B_SPLINE_CURVE ( ( 1.000000000000000000, 0.9874702209755055193, 0.9874702209755055193, 1.000000000000000000 ) ) 
 REPRESENTATION_ITEM ( '' )  );
#1555 = VERTEX_POINT ( 'NONE', #3128 ) ;
#1556 = CARTESIAN_POINT ( 'NONE',  ( -4.349807408308065781, -0.000000000000000000, 1.447977797931323751 ) ) ;
#1557 = CARTESIAN_POINT ( 'NONE',  ( 2.168404344971008868E-16, -0.3499999999999999778, 10.00000000000000000 ) ) ;
#1558 = ORIENTED_EDGE ( 'NONE', *, *, #1065, .T. ) ;
#1559 = VECTOR ( 'NONE', #2449, 1000.000000000000000 ) ;
#1560 = ORIENTED_EDGE ( 'NONE', *, *, #1463, .F. ) ;
#1561 =( BOUNDED_CURVE ( )  B_SPLINE_CURVE ( 3, ( #996, #1113, #3567, #3531 ),
 .UNSPECIFIED., .F., .F. ) 
 B_SPLINE_CURVE_WITH_KNOTS ( ( 4, 4 ),
 ( 1.182427031821513097, 1.570796326794897668 ),
 .UNSPECIFIED. ) 
 CURVE ( )  GEOMETRIC_REPRESENTATION_ITEM ( )  RATIONAL_B_SPLINE_CURVE ( ( 1.000000000000000000, 0.9874702209755055193, 0.9874702209755055193, 1.000000000000000000 ) ) 
 REPRESENTATION_ITEM ( '' )  );
#1562 = CARTESIAN_POINT ( 'NONE',  ( 3.659452441524564836, -0.07614218056547680802, 1.167390535556871889 ) ) ;
#1563 = EDGE_CURVE ( 'NONE', #1353, #3008, #348, .T. ) ;
#1564 = CIRCLE ( 'NONE', #2192, 0.1999999999999996503 ) ;
#1565 = VECTOR ( 'NONE', #3383, 1000.000000000000000 ) ;
#1566 = CARTESIAN_POINT ( 'NONE',  ( 4.268339768842325910, -0.01509821264205218547, -0.8091039716252319547 ) ) ;
#1567 = EDGE_CURVE ( 'NONE', #1290, #1555, #3291, .T. ) ;
#1568 = EDGE_LOOP ( 'NONE', ( #268, #733, #1272, #1708, #771, #2844, #1033, #2555, #2826, #1850, #666, #630 ) ) ;
#1569 = CARTESIAN_POINT ( 'NONE',  ( -5.000000000000000000, 0.000000000000000000, -3.499999999999999556 ) ) ;
#1570 = CARTESIAN_POINT ( 'NONE',  ( -3.410174464001669570, 1.626303258728256651E-16, 0.9635742625348477919 ) ) ;
#1571 = DIRECTION ( 'NONE',  ( -0.000000000000000000, -1.000000000000000000, -0.000000000000000000 ) ) ;
#1572 = ORIENTED_EDGE ( 'NONE', *, *, #1644, .F. ) ;
#1573 = AXIS2_PLACEMENT_3D ( 'NONE', #3395, #667, #159 ) ;
#1574 = DIRECTION ( 'NONE',  ( 0.000000000000000000, 0.000000000000000000, 1.000000000000000000 ) ) ;
#1575 = ORIENTED_EDGE ( 'NONE', *, *, #781, .T. ) ;
#1576 = APPLICATION_PROTOCOL_DEFINITION ( 'draft international standard', 'automotive_design', 1998, #549 ) ;
#1577 = EDGE_CURVE ( 'NONE', #1246, #3118, #990, .T. ) ;
#1578 = CARTESIAN_POINT ( 'NONE',  ( -3.349999999999999645, -0.5500000000000000444, -0.2207106781186525535 ) ) ;
#1579 = EDGE_CURVE ( 'NONE', #3294, #2360, #582, .T. ) ;
#1580 = VERTEX_POINT ( 'NONE', #2784 ) ;
#1581 = EDGE_LOOP ( 'NONE', ( #1854 ) ) ;
#1582 = CARTESIAN_POINT ( 'NONE',  ( 4.000000000000000000, 0.000000000000000000, -4.499999999999999112 ) ) ;
#1583 = ORIENTED_EDGE ( 'NONE', *, *, #1698, .F. ) ;
#1584 = CARTESIAN_POINT ( 'NONE',  ( -4.570211121993537517, -0.2000000000000001499, 1.031370849898472608 ) ) ;
#1585 = DIRECTION ( 'NONE',  ( 0.000000000000000000, 0.000000000000000000, 1.000000000000000000 ) ) ;
#1586 = ADVANCED_FACE ( 'NONE', ( #3091 ), #28, .T. ) ;
#1587 = ORIENTED_EDGE ( 'NONE', *, *, #2277, .T. ) ;
#1588 = ADVANCED_FACE ( 'NONE', ( #872 ), #3401, .T. ) ;
#1589 = CARTESIAN_POINT ( 'NONE',  ( 4.237608282276284832, -2.710505431213761085E-17, 1.508541051049507420 ) ) ;
#1590 = CARTESIAN_POINT ( 'NONE',  ( 4.423605504500733865, -9.826249493604115329E-15, -0.4845096093138698268 ) ) ;
#1591 = ORIENTED_EDGE ( 'NONE', *, *, #1840, .T. ) ;
#1592 = DIRECTION ( 'NONE',  ( -1.000000000000000000, 0.000000000000000000, 0.000000000000000000 ) ) ;
#1593 = DIRECTION ( 'NONE',  ( 0.000000000000000000, 0.000000000000000000, -1.000000000000000000 ) ) ;
#1594 = ORIENTED_EDGE ( 'NONE', *, *, #1218, .T. ) ;
#1595 = ADVANCED_FACE ( 'NONE', ( #3055 ), #2379, .F. ) ;
#1596 = CARTESIAN_POINT ( 'NONE',  ( 3.799999999999999822, -0.5757359312880704350, 0.4414213562373099919 ) ) ;
#1597 = LINE ( 'NONE', #2718, #3110 ) ;
#1598 = ORIENTED_EDGE ( 'NONE', *, *, #245, .F. ) ;
#1599 = DIRECTION ( 'NONE',  ( 1.000000000000000000, 0.000000000000000000, -0.000000000000000000 ) ) ;
#1600 = VERTEX_POINT ( 'NONE', #927 ) ;
#1601 = FACE_OUTER_BOUND ( 'NONE', #629, .T. ) ;
#1602 = CARTESIAN_POINT ( 'NONE',  ( -3.149999999999999467, -0.3499999999999999778, -0.7035533905932706000 ) ) ;
#1603 = CIRCLE ( 'NONE', #3573, 0.2000000000000000111 ) ;
#1604 = EDGE_LOOP ( 'NONE', ( #2025, #2121, #1640, #2426 ) ) ;
#1605 = CARTESIAN_POINT ( 'NONE',  ( 4.570211121993535741, 0.000000000000000000, 1.031370849898470388 ) ) ;
#1606 = ORIENTED_EDGE ( 'NONE', *, *, #2200, .T. ) ;
#1607 = FACE_OUTER_BOUND ( 'NONE', #1961, .T. ) ;
#1608 = FACE_OUTER_BOUND ( 'NONE', #1816, .T. ) ;
#1609 = VECTOR ( 'NONE', #3543, 1000.000000000000000 ) ;
#1610 = ORIENTED_EDGE ( 'NONE', *, *, #2044, .T. ) ;
#1612 = CIRCLE ( 'NONE', #2886, 0.2000000000000000944 ) ;
#1611 = DIRECTION ( 'NONE',  ( 1.000000000000000000, 0.000000000000000000, -0.000000000000000000 ) ) ;
#1613 = ORIENTED_EDGE ( 'NONE', *, *, #2868, .T. ) ;
#1614 = ORIENTED_EDGE ( 'NONE', *, *, #2792, .F. ) ;
#1615 = CARTESIAN_POINT ( 'NONE',  ( 3.765793714223999888, -1.084202172485504434E-16, 1.519653588337997352 ) ) ;
#1616 = ORIENTED_EDGE ( 'NONE', *, *, #2646, .F. ) ;
#1617 = CARTESIAN_POINT ( 'NONE',  ( 3.725118389730881496, 0.000000000000000000, 1.539658835386207070 ) ) ;
#1618 = CARTESIAN_POINT ( 'NONE',  ( 0.000000000000000000, 0.000000000000000000, 0.000000000000000000 ) ) ;
#1619 = ADVANCED_FACE ( 'NONE', ( #891 ), #1964, .T. ) ;
#1620 = EDGE_CURVE ( 'NONE', #1023, #2679, #2821, .T. ) ;
#1621 = VERTEX_POINT ( 'NONE', #1682 ) ;
#1622 = CARTESIAN_POINT ( 'NONE',  ( 4.400000000000000355, -0.2343145750507628633, -0.4656854249492342057 ) ) ;
#1623 = FACE_BOUND ( 'NONE', #2178, .T. ) ;
#1624 = VERTEX_POINT ( 'NONE', #1699 ) ;
#1625 = CARTESIAN_POINT ( 'NONE',  ( -4.000000000000000888, -0.3499999999999999778, -3.499999999999998668 ) ) ;
#1626 = CARTESIAN_POINT ( 'NONE',  ( 3.399999999999999911, 0.000000000000000000, -0.2908529287547367836 ) ) ;
#1627 = DIRECTION ( 'NONE',  ( 0.000000000000000000, 0.000000000000000000, -1.000000000000000000 ) ) ;
#1628 = EDGE_CURVE ( 'NONE', #718, #2992, #1979, .T. ) ;
#1629 = ORIENTED_EDGE ( 'NONE', *, *, #1840, .F. ) ;
#1630 = EDGE_LOOP ( 'NONE', ( #1721 ) ) ;
#1631 = MECHANICAL_DESIGN_GEOMETRIC_PRESENTATION_REPRESENTATION (  '', ( #2078 ), #3480 ) ;
#1632 = DIRECTION ( 'NONE',  ( 0.000000000000000000, 0.7071067811865464625, 0.7071067811865485719 ) ) ;
#1633 = CYLINDRICAL_SURFACE ( 'NONE', #2402, 0.2000000000000000944 ) ;
#1634 = VERTEX_POINT ( 'NONE', #3074 ) ;
#1635 = CARTESIAN_POINT ( 'NONE',  ( 4.450000000000001066, -0.5500000000000000444, 1.386396103067890850 ) ) ;
#1636 = DIRECTION ( 'NONE',  ( 0.000000000000000000, 0.000000000000000000, 1.000000000000000000 ) ) ;
#1637 = VECTOR ( 'NONE', #2723, 1000.000000000000000 ) ;
#1638 = DIRECTION ( 'NONE',  ( -0.000000000000000000, 0.000000000000000000, -1.000000000000000000 ) ) ;
#1639 = ADVANCED_FACE ( 'NONE', ( #606 ), #2399, .T. ) ;
#1640 = ORIENTED_EDGE ( 'NONE', *, *, #1643, .F. ) ;
#1641 = CARTESIAN_POINT ( 'NONE',  ( 4.274998334959650315, -0.01890673622238709869, 1.387601081442077611 ) ) ;
#1642 = DIRECTION ( 'NONE',  ( 0.9606055563214167536, 0.000000000000000000, -0.2779153920969859026 ) ) ;
#1643 = EDGE_CURVE ( 'NONE', #26, #3198, #674, .T. ) ;
#1644 = EDGE_CURVE ( 'NONE', #1580, #2108, #2334, .T. ) ;
#1645 = ORIENTED_EDGE ( 'NONE', *, *, #1426, .F. ) ;
#1646 = CARTESIAN_POINT ( 'NONE',  ( -3.429788878006465591, 0.000000000000000000, 1.031370849898470832 ) ) ;
#1647 = VECTOR ( 'NONE', #693, 1000.000000000000000 ) ;
#1648 = DIRECTION ( 'NONE',  ( 0.000000000000000000, -0.7071067811865464625, 0.7071067811865486830 ) ) ;
#1649 = CARTESIAN_POINT ( 'NONE',  ( 3.549999999999999822, -0.4343145750507612091, 0.3000000000000004330 ) ) ;
#1650 = ORIENTED_EDGE ( 'NONE', *, *, #3107, .F. ) ;
#1651 = VERTEX_POINT ( 'NONE', #382 ) ;
#1652 = DIRECTION ( 'NONE',  ( -1.000000000000000000, 0.000000000000000000, 0.000000000000000000 ) ) ;
#1653 = CARTESIAN_POINT ( 'NONE',  ( -3.799999999999999822, -0.7171572875253795498, 0.01715728752538117630 ) ) ;
#1654 = ORIENTED_EDGE ( 'NONE', *, *, #3434, .T. ) ;
#1655 = LINE ( 'NONE', #2501, #2735 ) ;
#1656 = DIRECTION ( 'NONE',  ( -0.000000000000000000, -1.000000000000000000, -0.000000000000000000 ) ) ;
#1657 = CARTESIAN_POINT ( 'NONE',  ( 4.850000000000000533, -0.3499999999999999778, 0.000000000000000000 ) ) ;
#1658 = CIRCLE ( 'NONE', #3569, 0.1999999999999999833 ) ;
#1659 = B_SPLINE_CURVE_WITH_KNOTS ( 'NONE', 3,
 ( #2173, #2705, #1872, #1566, #2456, #2742 ),
 .UNSPECIFIED., .F., .F.,
 ( 4, 2, 4 ),
 ( 6.060874397576350385E-20, 0.0003505093907976066653, 0.0007010187815952133306 ),
 .UNSPECIFIED. ) ;
#1660 =( BOUNDED_CURVE ( )  B_SPLINE_CURVE ( 3, ( #2162, #1401, #365, #1415 ),
 .UNSPECIFIED., .F., .F. ) 
 B_SPLINE_CURVE_WITH_KNOTS ( ( 4, 4 ),
 ( 3.141592653589793116, 4.712388980384689674 ),
 .UNSPECIFIED. ) 
 CURVE ( )  GEOMETRIC_REPRESENTATION_ITEM ( )  RATIONAL_B_SPLINE_CURVE ( ( 1.000000000000000000, 0.8047378541243649375, 0.8047378541243649375, 1.000000000000000000 ) ) 
 REPRESENTATION_ITEM ( '' )  );
#1661 = CARTESIAN_POINT ( 'NONE',  ( 4.200000000000000178, -0.2343145750507628633, 1.065685424949235349 ) ) ;
#1662 = CARTESIAN_POINT ( 'NONE',  ( 4.000000000000000000, 0.000000000000000000, 3.500000000000000888 ) ) ;
#1663 = CARTESIAN_POINT ( 'NONE',  ( -4.313922081999256974, 4.697046235672796549E-15, 1.412949545542780738 ) ) ;
#1664 = CYLINDRICAL_SURFACE ( 'NONE', #290, 0.1999999999999999833 ) ;
#1665 = DIRECTION ( 'NONE',  ( 0.9606055563214169757, 0.000000000000000000, 0.2779153920969849034 ) ) ;
#1666 = DIRECTION ( 'NONE',  ( 0.000000000000000000, -0.7071067811865485719, -0.7071067811865465735 ) ) ;
#1667 = ORIENTED_EDGE ( 'NONE', *, *, #3057, .F. ) ;
#1668 = DIRECTION ( 'NONE',  ( 0.2779153920969856806, -0.000000000000000000, -0.9606055563214168647 ) ) ;
#1669 = EDGE_LOOP ( 'NONE', ( #56, #2558, #2405, #1110 ) ) ;
#1670 = DIRECTION ( 'NONE',  ( 0.000000000000000000, 0.000000000000000000, -1.000000000000000000 ) ) ;
#1671 = ORIENTED_EDGE ( 'NONE', *, *, #2956, .F. ) ;
#1672 = CARTESIAN_POINT ( 'NONE',  ( -3.550000000000000266, -0.4085786437626907630, -0.6449747468305800924 ) ) ;
#1673 = ADVANCED_FACE ( 'NONE', ( #184 ), #3535, .F. ) ;
#1674 = CARTESIAN_POINT ( 'NONE',  ( -3.349999999999999645, -0.3500000000000000333, 0.8207106781186530586 ) ) ;
#1675 = FACE_OUTER_BOUND ( 'NONE', #3316, .T. ) ;
#1676 =( BOUNDED_CURVE ( )  B_SPLINE_CURVE ( 3, ( #1760, #187, #1553, #2909 ),
 .UNSPECIFIED., .F., .F. ) 
 B_SPLINE_CURVE_WITH_KNOTS ( ( 4, 4 ),
 ( 1.182427031821513319, 1.570796326794896780 ),
 .UNSPECIFIED. ) 
 CURVE ( )  GEOMETRIC_REPRESENTATION_ITEM ( )  RATIONAL_B_SPLINE_CURVE ( ( 1.000000000000000000, 0.9874702209755055193, 0.9874702209755055193, 1.000000000000000000 ) ) 
 REPRESENTATION_ITEM ( '' )  );
#1677 = CARTESIAN_POINT ( 'NONE',  ( -4.368649990328520971, -0.1129307955199293501, 1.068211420519811661 ) ) ;
#1678 = CIRCLE ( 'NONE', #127, 0.1999999999999999833 ) ;
#1679 = ORIENTED_EDGE ( 'NONE', *, *, #3301, .F. ) ;
#1680 = DIRECTION ( 'NONE',  ( 0.000000000000000000, 0.000000000000000000, 1.000000000000000000 ) ) ;
#1681 = CIRCLE ( 'NONE', #2437, 0.2000000000000000111 ) ;
#1682 = CARTESIAN_POINT ( 'NONE',  ( 3.349999999999999645, -0.7525126265847069673, -0.01819805153394626202 ) ) ;
#1683 = ADVANCED_FACE ( 'NONE', ( #1795 ), #2769, .F. ) ;
#1684 = CARTESIAN_POINT ( 'NONE',  ( -3.799999999999999822, -0.4343145750507612091, 0.3000000000000004330 ) ) ;
#1685 = ORIENTED_EDGE ( 'NONE', *, *, #2868, .F. ) ;
#1686 = ADVANCED_FACE ( 'NONE', ( #3452 ), #2039, .T. ) ;
#1687 = CARTESIAN_POINT ( 'NONE',  ( 3.444986152837972160, -0.3500000000000000888, 1.386396102487726267 ) ) ;
#1688 = ORIENTED_EDGE ( 'NONE', *, *, #30, .T. ) ;
#1689 = EDGE_CURVE ( 'NONE', #2591, #3520, #1785, .T. ) ;
#1690 = CARTESIAN_POINT ( 'NONE',  ( 1.999999999999999556, -0.3499999999999999778, 5.000000000000001776 ) ) ;
#1691 = EDGE_CURVE ( 'NONE', #155, #155, #595, .T. ) ;
#1692 = ORIENTED_EDGE ( 'NONE', *, *, #901, .T. ) ;
#1693 = AXIS2_PLACEMENT_3D ( 'NONE', #2289, #429, #922 ) ;
#1694 = DIRECTION ( 'NONE',  ( -2.395770963567763863E-16, 0.7071067811865485719, 0.7071067811865465735 ) ) ;
#1695 = CIRCLE ( 'NONE', #1068, 0.7500000000000006661 ) ;
#1696 = CARTESIAN_POINT ( 'NONE',  ( -4.450000000000001066, -0.7525126265847069673, 0.6181980515339471349 ) ) ;
#1697 = ORIENTED_EDGE ( 'NONE', *, *, #201, .T. ) ;
#1698 = EDGE_CURVE ( 'NONE', #49, #1527, #2728, .T. ) ;
#1699 = CARTESIAN_POINT ( 'NONE',  ( 1.499999999999999556, -0.3499999999999999778, 5.000000000000001776 ) ) ;
#1700 = CARTESIAN_POINT ( 'NONE',  ( -4.658794714927593006, -0.3500000000000001443, 1.325430360516281381 ) ) ;
#1701 = PLANE ( 'NONE',  #393 ) ;
#1702 = AXIS2_PLACEMENT_3D ( 'NONE', #2051, #383, #1271 ) ;
#1703 = CARTESIAN_POINT ( 'NONE',  ( -1.999999999999999556, -0.3499999999999999778, 5.000000000000000888 ) ) ;
#1704 = EDGE_CURVE ( 'NONE', #615, #223, #358, .T. ) ;
#1705 = ORIENTED_EDGE ( 'NONE', *, *, #634, .T. ) ;
#1706 = DIRECTION ( 'NONE',  ( 1.000000000000000000, 0.000000000000000000, 0.000000000000000000 ) ) ;
#1707 = ORIENTED_EDGE ( 'NONE', *, *, #414, .T. ) ;
#1708 = ORIENTED_EDGE ( 'NONE', *, *, #3451, .T. ) ;
#1709 = DIRECTION ( 'NONE',  ( 1.000000000000000000, 0.000000000000000000, -0.000000000000000000 ) ) ;
#1710 = CARTESIAN_POINT ( 'NONE',  ( 0.000000000000000000, -1.107106781186548927, -0.2999999999999981570 ) ) ;
#1711 = VECTOR ( 'NONE', #914, 1000.000000000000000 ) ;
#1712 = CARTESIAN_POINT ( 'NONE',  ( -1.499999999999999556, 0.000000000000000000, 4.500000000000001776 ) ) ;
#1713 = CARTESIAN_POINT ( 'NONE',  ( -4.256158130063666611, -4.932995514426102108E-05, -0.9243795116965128900 ) ) ;
#1714 = AXIS2_PLACEMENT_3D ( 'NONE', #1662, #3034, #1412 ) ;
#1715 = CARTESIAN_POINT ( 'NONE',  ( 3.349999999999999645, -0.7525126265847070783, 0.6181980515339471349 ) ) ;
#1716 = CARTESIAN_POINT ( 'NONE',  ( -3.549999999999999822, 0.8904822720533968061, 2.544035662646665141 ) ) ;
#1717 = DIRECTION ( 'NONE',  ( -6.195440985631454085E-17, 0.000000000000000000, 1.000000000000000000 ) ) ;
#1718 = ORIENTED_EDGE ( 'NONE', *, *, #899, .T. ) ;
#1719 = DIRECTION ( 'NONE',  ( -1.000000000000000000, 0.000000000000000000, 0.000000000000000000 ) ) ;
#1720 = VERTEX_POINT ( 'NONE', #1844 ) ;
#1721 = ORIENTED_EDGE ( 'NONE', *, *, #1829, .F. ) ;
#1722 = CARTESIAN_POINT ( 'NONE',  ( 4.503932208426185468, 0.000000000000000000, 1.260461769114374686 ) ) ;
#1723 = CYLINDRICAL_SURFACE ( 'NONE', #607, 0.3999999999999998002 ) ;
#1724 = CIRCLE ( 'NONE', #1338, 1.000000000000000000 ) ;
#1725 = CARTESIAN_POINT ( 'NONE',  ( -3.318423575790505176, -0.3499999999999890421, 1.056713005815296480 ) ) ;
#1726 = ADVANCED_FACE ( 'NONE', ( #3547 ), #1185, .T. ) ;
#1727 = CARTESIAN_POINT ( 'NONE',  ( -3.349999999999999645, -0.6853553390593261074, 0.6853553390593279948 ) ) ;
#1728 = DIRECTION ( 'NONE',  ( -1.000000000000000000, 0.000000000000000000, 0.000000000000000000 ) ) ;
#1729 = DIRECTION ( 'NONE',  ( 1.000000000000000000, 0.000000000000000000, -0.000000000000000000 ) ) ;
#1730 = AXIS2_PLACEMENT_3D ( 'NONE', #467, #2711, #1051 ) ;
#1731 = CARTESIAN_POINT ( 'NONE',  ( -4.200000000000000178, -0.7171572875253795498, 0.01715728752538117630 ) ) ;
#1732 = PLANE ( 'NONE',  #3237 ) ;
#1733 = CARTESIAN_POINT ( 'NONE',  ( -4.599999999999999645, 0.000000000000000000, 0.8171572875253794166 ) ) ;
#1734 = CARTESIAN_POINT ( 'NONE',  ( 2.168404344971008868E-16, 0.000000000000000000, 10.00000000000000000 ) ) ;
#1735 = ORIENTED_EDGE ( 'NONE', *, *, #820, .F. ) ;
#1736 = CARTESIAN_POINT ( 'NONE',  ( 4.365440994360220373, -0.1063949393351378420, 1.085839067389908319 ) ) ;
#1737 = EDGE_LOOP ( 'NONE', ( #81 ) ) ;
#1738 = ORIENTED_EDGE ( 'NONE', *, *, #2706, .T. ) ;
#1739 = CARTESIAN_POINT ( 'NONE',  ( 3.549999999999999822, -0.3500000000000000333, -0.7863961030678898734 ) ) ;
#1740 = CARTESIAN_POINT ( 'NONE',  ( -4.333429441719943043, -0.06833824153861482731, -0.5919827600263678491 ) ) ;
#1741 = DIRECTION ( 'NONE',  ( 1.000000000000000000, 0.000000000000000000, 0.000000000000000000 ) ) ;
#1742 = CARTESIAN_POINT ( 'NONE',  ( -3.549999999999999822, -1.176776695296636754, 0.1232233047033636647 ) ) ;
#1743 = ADVANCED_FACE ( 'NONE', ( #5 ), #3268, .T. ) ;
#1744 = EDGE_CURVE ( 'NONE', #1928, #1527, #761, .T. ) ;
#1745 = DIRECTION ( 'NONE',  ( 0.000000000000000000, 0.7071067811865485719, 0.7071067811865465735 ) ) ;
#1746 = CARTESIAN_POINT ( 'NONE',  ( -3.600000000000000089, -0.09289321881345338761, 0.9242640687119259013 ) ) ;
#1747 = CARTESIAN_POINT ( 'NONE',  ( 3.149999999999999467, -0.3500000000000001443, 0.8207106781186536137 ) ) ;
#1748 = CARTESIAN_POINT ( 'NONE',  ( -4.570211121993538406, 0.000000000000000000, 1.031370849898473274 ) ) ;
#1749 = DIRECTION ( 'NONE',  ( 0.000000000000000000, 1.000000000000000000, 0.000000000000000000 ) ) ;
#1750 = ORIENTED_EDGE ( 'NONE', *, *, #1878, .T. ) ;
#1751 = DIRECTION ( 'NONE',  ( -0.000000000000000000, 0.000000000000000000, -1.000000000000000000 ) ) ;
#1752 = ORIENTED_EDGE ( 'NONE', *, *, #3082, .T. ) ;
#1753 = ORIENTED_EDGE ( 'NONE', *, *, #2922, .F. ) ;
#1754 = DIRECTION ( 'NONE',  ( 0.000000000000000000, 0.7071067811865464625, 0.7071067811865486830 ) ) ;
#1755 = DIRECTION ( 'NONE',  ( 1.000000000000000000, 0.000000000000000000, -0.000000000000000000 ) ) ;
#1756 = CARTESIAN_POINT ( 'NONE',  ( 3.576391637591375794, -1.509565620081928721E-15, -0.4840457297428836791 ) ) ;
#1757 = CARTESIAN_POINT ( 'NONE',  ( -4.650000000000000355, -0.4343145750507612091, 0.3000000000000004330 ) ) ;
#1758 = CIRCLE ( 'NONE', #3446, 0.3999999999999998002 ) ;
#1759 = CARTESIAN_POINT ( 'NONE',  ( 4.650000000000001243, -0.5128719982746037243, 0.9320946832948342475 ) ) ;
#1760 = CARTESIAN_POINT ( 'NONE',  ( 3.429788878006462038, 0.000000000000000000, 1.031370849898472608 ) ) ;
#1761 = AXIS2_PLACEMENT_3D ( 'NONE', #3438, #963, #422 ) ;
#1762 = DIRECTION ( 'NONE',  ( 1.000000000000000000, -0.000000000000000000, 2.478176394252581141E-16 ) ) ;
#1763 =( BOUNDED_CURVE ( )  B_SPLINE_CURVE ( 3, ( #194, #2950, #244, #2392 ),
 .UNSPECIFIED., .F., .F. ) 
 B_SPLINE_CURVE_WITH_KNOTS ( ( 4, 4 ),
 ( 3.141592653589793116, 4.712388980384689674 ),
 .UNSPECIFIED. ) 
 CURVE ( )  GEOMETRIC_REPRESENTATION_ITEM ( )  RATIONAL_B_SPLINE_CURVE ( ( 1.000000000000000000, 0.8047378541243649375, 0.8047378541243649375, 1.000000000000000000 ) ) 
 REPRESENTATION_ITEM ( '' )  );
#1764 = CARTESIAN_POINT ( 'NONE',  ( 4.200000000000000178, -0.7171572875253795498, 0.01715728752538117630 ) ) ;
#1765 = EDGE_CURVE ( 'NONE', #1543, #1049, #2197, .T. ) ;
#1766 = CARTESIAN_POINT ( 'NONE',  ( -3.518904917827525569, 2.710505431213761085E-17, -0.6506842306947236976 ) ) ;
#1767 = VERTEX_POINT ( 'NONE', #1569 ) ;
#1768 = PLANE ( 'NONE',  #31 ) ;
#1769 = ORIENTED_EDGE ( 'NONE', *, *, #2166, .F. ) ;
#1770 = VERTEX_POINT ( 'NONE', #526 ) ;
#1771 = EDGE_CURVE ( 'NONE', #2086, #1481, #255, .T. ) ;
#1772 = CARTESIAN_POINT ( 'NONE',  ( 3.149999999999999467, -0.3500000000000000333, -0.2207106781186527200 ) ) ;
#1773 = CARTESIAN_POINT ( 'NONE',  ( 3.799999999999999822, 0.000000000000000000, -1.031370849898473052 ) ) ;
#1774 = AXIS2_PLACEMENT_3D ( 'NONE', #3030, #289, #583 ) ;
#1775 = CARTESIAN_POINT ( 'NONE',  ( -3.429788878006462038, -0.2000000000000000389, -0.4313708498984712425 ) ) ;
#1776 = ADVANCED_FACE ( 'NONE', ( #2115 ), #2836, .F. ) ;
#1777 = CARTESIAN_POINT ( 'NONE',  ( 4.658794714927580571, -0.3500000000000000333, 1.325430360516285822 ) ) ;
#1778 = CARTESIAN_POINT ( 'NONE',  ( 4.450000000000001066, -0.3499999999999999778, 1.386396103067890850 ) ) ;
#1779 = DIRECTION ( 'NONE',  ( -0.000000000000000000, -0.000000000000000000, -1.000000000000000000 ) ) ;
#1780 = CYLINDRICAL_SURFACE ( 'NONE', #801, 0.2000000000000000111 ) ;
#1781 = ADVANCED_FACE ( 'NONE', ( #2960 ), #2798, .T. ) ;
#1782 = CARTESIAN_POINT ( 'NONE',  ( -3.725118389730917023, 0.000000000000000000, -0.9396588353861669018 ) ) ;
#1783 = ORIENTED_EDGE ( 'NONE', *, *, #3345, .F. ) ;
#1784 = EDGE_CURVE ( 'NONE', #1770, #2720, #1917, .T. ) ;
#1785 =( BOUNDED_CURVE ( )  B_SPLINE_CURVE ( 3, ( #3565, #1379, #485, #1876 ),
 .UNSPECIFIED., .F., .F. ) 
 B_SPLINE_CURVE_WITH_KNOTS ( ( 4, 4 ),
 ( 4.324019685411306213, 4.712388980384689674 ),
 .UNSPECIFIED. ) 
 CURVE ( )  GEOMETRIC_REPRESENTATION_ITEM ( )  RATIONAL_B_SPLINE_CURVE ( ( 1.000000000000000000, 0.9874702209755055193, 0.9874702209755055193, 1.000000000000000000 ) ) 
 REPRESENTATION_ITEM ( '' )  );
#1786 = ORIENTED_EDGE ( 'NONE', *, *, #668, .F. ) ;
#1787 = ORIENTED_EDGE ( 'NONE', *, *, #1472, .T. ) ;
#1788 = VECTOR ( 'NONE', #1741, 1000.000000000000000 ) ;
#1789 = CARTESIAN_POINT ( 'NONE',  ( -4.365446934690471181, -0.1064070382616897348, 1.085806435904132616 ) ) ;
#1790 = EDGE_CURVE ( 'NONE', #218, #1122, #2270, .T. ) ;
#1791 = DIRECTION ( 'NONE',  ( 0.000000000000000000, 0.7071067811865485719, 0.7071067811865465735 ) ) ;
#1792 = FACE_OUTER_BOUND ( 'NONE', #2206, .T. ) ;
#1793 = DIRECTION ( 'NONE',  ( 0.000000000000000000, 0.000000000000000000, 1.000000000000000000 ) ) ;
#1794 = AXIS2_PLACEMENT_3D ( 'NONE', #2565, #1011, #2133 ) ;
#1795 = FACE_OUTER_BOUND ( 'NONE', #2901, .T. ) ;
#1796 = DIRECTION ( 'NONE',  ( 0.000000000000000000, 0.000000000000000000, -1.000000000000000000 ) ) ;
#1797 = FACE_OUTER_BOUND ( 'NONE', #2786, .T. ) ;
#1798 = AXIS2_PLACEMENT_3D ( 'NONE', #1044, #723, #775 ) ;
#1799 = DIRECTION ( 'NONE',  ( -0.000000000000000000, -1.000000000000000000, -0.000000000000000000 ) ) ;
#1800 = CYLINDRICAL_SURFACE ( 'NONE', #14, 1.499999999999999556 ) ;
#1801 = ORIENTED_EDGE ( 'NONE', *, *, #2870, .T. ) ;
#1802 = CARTESIAN_POINT ( 'NONE',  ( -3.149999999999999467, -0.3500000000000000333, -0.2207106781186525535 ) ) ;
#1803 = ORIENTED_EDGE ( 'NONE', *, *, #3437, .F. ) ;
#1804 = ORIENTED_EDGE ( 'NONE', *, *, #2707, .F. ) ;
#1805 = CARTESIAN_POINT ( 'NONE',  ( -4.650000000000000355, 0.000000000000000000, 0.000000000000000000 ) ) ;
#1806 = CARTESIAN_POINT ( 'NONE',  ( -4.365440994360220373, -0.1063949393351378420, -0.4858390673899072865 ) ) ;
#1807 = CIRCLE ( 'NONE', #672, 0.6499999999999998002 ) ;
#1808 = CARTESIAN_POINT ( 'NONE',  ( -4.340702877343827204, -0.07631033142296568539, -0.5668530750422373643 ) ) ;
#1809 = VECTOR ( 'NONE', #3133, 1000.000000000000000 ) ;
#1810 = CARTESIAN_POINT ( 'NONE',  ( 4.385105560996770180, -0.1464466094067269075, -0.3778174593051977226 ) ) ;
#1811 = CARTESIAN_POINT ( 'NONE',  ( 3.650932618985240019, 0.000000000000000000, -0.8487990574140855671 ) ) ;
#1812 = VERTEX_POINT ( 'NONE', #851 ) ;
#1813 = DIRECTION ( 'NONE',  ( -1.000000000000000000, 0.000000000000000000, 0.000000000000000000 ) ) ;
#1814 = LINE ( 'NONE', #716, #2238 ) ;
#1815 = ADVANCED_FACE ( 'NONE', ( #835, #3367 ), #2662, .F. ) ;
#1816 = EDGE_LOOP ( 'NONE', ( #458, #1753, #2005 ) ) ;
#1817 = CIRCLE ( 'NONE', #2579, 0.3999999999999998002 ) ;
#1818 = LINE ( 'NONE', #2088, #3521 ) ;
#1819 = ORIENTED_EDGE ( 'NONE', *, *, #3512, .F. ) ;
#1820 = DIRECTION ( 'NONE',  ( 0.000000000000000000, 0.000000000000000000, -1.000000000000000000 ) ) ;
#1821 = AXIS2_PLACEMENT_3D ( 'NONE', #230, #1869, #2681 ) ;
#1822 = CARTESIAN_POINT ( 'NONE',  ( 4.650000000000000355, -0.3499999999999999778, 1.386396103067890850 ) ) ;
#1823 = DIRECTION ( 'NONE',  ( -0.000000000000000000, 0.7071067811865485719, 0.7071067811865465735 ) ) ;
#1824 = EDGE_CURVE ( 'NONE', #3441, #3026, #3297, .T. ) ;
#1825 = DIRECTION ( 'NONE',  ( 0.000000000000000000, 0.7071067811865485719, 0.7071067811865465735 ) ) ;
#1826 = DIRECTION ( 'NONE',  ( -1.000000000000000000, 0.000000000000000000, 0.000000000000000000 ) ) ;
#1827 = EDGE_CURVE ( 'NONE', #223, #1419, #2522, .T. ) ;
#1828 = AXIS2_PLACEMENT_3D ( 'NONE', #1858, #2939, #1085 ) ;
#1829 = EDGE_CURVE ( 'NONE', #984, #984, #417, .T. ) ;
#1830 = CARTESIAN_POINT ( 'NONE',  ( 4.426393330307992535, -3.896692094995095096E-15, -0.3299067456550389132 ) ) ;
#1831 = ORIENTED_EDGE ( 'NONE', *, *, #1146, .F. ) ;
#1832 = DIRECTION ( 'NONE',  ( -0.000000000000000000, -0.000000000000000000, -1.000000000000000000 ) ) ;
#1833 = CARTESIAN_POINT ( 'NONE',  ( -4.628445355010847528, -0.4761799205994040607, -0.4421709163204274873 ) ) ;
#1834 = EDGE_LOOP ( 'NONE', ( #1315, #1329, #967, #2590, #2666 ) ) ;
#1835 = CARTESIAN_POINT ( 'NONE',  ( -1.999999999999999556, 0.000000000000000000, 4.500000000000001776 ) ) ;
#1836 = ORIENTED_EDGE ( 'NONE', *, *, #2418, .T. ) ;
#1837 = CARTESIAN_POINT ( 'NONE',  ( 3.634553065309529263, -0.1064070382616897209, 1.085806435904132838 ) ) ;
#1838 = ADVANCED_FACE ( 'NONE', ( #1936 ), #3020, .F. ) ;
#1839 = DIRECTION ( 'NONE',  ( -0.000000000000000000, -0.000000000000000000, 1.000000000000000000 ) ) ;
#1840 = EDGE_CURVE ( 'NONE', #3326, #3063, #2490, .T. ) ;
#1841 = AXIS2_PLACEMENT_3D ( 'NONE', #3250, #3228, #1111 ) ;
#1842 = DIRECTION ( 'NONE',  ( 0.000000000000000000, 0.000000000000000000, -1.000000000000000000 ) ) ;
#1843 = ORIENTED_EDGE ( 'NONE', *, *, #2770, .F. ) ;
#1844 = CARTESIAN_POINT ( 'NONE',  ( -4.400000000000000355, -0.5757359312880704350, 0.1585786437626908185 ) ) ;
#1845 = DIRECTION ( 'NONE',  ( 0.000000000000000000, 0.000000000000000000, 1.000000000000000000 ) ) ;
#1846 = CARTESIAN_POINT ( 'NONE',  ( -4.400000000000001243, 2.710505431213760469E-17, -0.2171572875253784118 ) ) ;
#1847 = EDGE_LOOP ( 'NONE', ( #2673, #2848, #2250, #264 ) ) ;
#1848 = CIRCLE ( 'NONE', #137, 0.2000000000000000944 ) ;
#1849 = CARTESIAN_POINT ( 'NONE',  ( -4.600000000000000533, 0.000000000000000000, -0.2171572875253784951 ) ) ;
#1850 = ORIENTED_EDGE ( 'NONE', *, *, #44, .T. ) ;
#1851 = CARTESIAN_POINT ( 'NONE',  ( 3.549999999999999822, -0.5500000000000000444, -0.7863961030678897624 ) ) ;
#1852 = DIRECTION ( 'NONE',  ( 1.000000000000000000, -0.000000000000000000, 0.000000000000000000 ) ) ;
#1853 = ORIENTED_EDGE ( 'NONE', *, *, #3370, .F. ) ;
#1854 = ORIENTED_EDGE ( 'NONE', *, *, #2858, .T. ) ;
#1855 = TOROIDAL_SURFACE ( 'NONE', #3551, 0.1999999999999997891, 0.2000000000000000111 ) ;
#1856 = EDGE_LOOP ( 'NONE', ( #2412, #3072, #353, #2610 ) ) ;
#1857 = LINE ( 'NONE', #1284, #1637 ) ;
#1858 = CARTESIAN_POINT ( 'NONE',  ( 3.799999999999999822, -0.5757359312880704350, 0.1585786437626908185 ) ) ;
#1859 = ORIENTED_EDGE ( 'NONE', *, *, #364, .F. ) ;
#1860 = CARTESIAN_POINT ( 'NONE',  ( 4.200000000000000178, 0.000000000000000000, -1.031370849898473052 ) ) ;
#1861 = DIRECTION ( 'NONE',  ( -1.000000000000000000, 0.000000000000000000, 0.000000000000000000 ) ) ;
#1862 = VERTEX_POINT ( 'NONE', #2506 ) ;
#1863 = CARTESIAN_POINT ( 'NONE',  ( -4.481083054515562658, -0.000000000000000000, 1.250704453605159250 ) ) ;
#1864 = ORIENTED_EDGE ( 'NONE', *, *, #679, .F. ) ;
#1865 = DIRECTION ( 'NONE',  ( 0.000000000000000000, 0.000000000000000000, -1.000000000000000000 ) ) ;
#1866 = ORIENTED_EDGE ( 'NONE', *, *, #2329, .T. ) ;
#1867 = ORIENTED_EDGE ( 'NONE', *, *, #2204, .T. ) ;
#1868 = EDGE_CURVE ( 'NONE', #1043, #1720, #650, .T. ) ;
#1869 = DIRECTION ( 'NONE',  ( -0.000000000000000000, -1.000000000000000000, -0.000000000000000000 ) ) ;
#1870 = ORIENTED_EDGE ( 'NONE', *, *, #1209, .F. ) ;
#1871 = CARTESIAN_POINT ( 'NONE',  ( 4.599999999999999645, -0.2000000000000000111, -0.2171572875253784396 ) ) ;
#1872 = CARTESIAN_POINT ( 'NONE',  ( 4.333417823513788569, -0.06832627184090991901, -0.5920224551494260856 ) ) ;
#1873 = VECTOR ( 'NONE', #16, 1000.000000000000000 ) ;
#1874 = AXIS2_PLACEMENT_3D ( 'NONE', #1120, #1668, #2773 ) ;
#1875 = ORIENTED_EDGE ( 'NONE', *, *, #3328, .F. ) ;
#1876 = CARTESIAN_POINT ( 'NONE',  ( -3.399999999999999911, 0.000000000000000000, -0.2171572875253783841 ) ) ;
#1877 = CARTESIAN_POINT ( 'NONE',  ( -3.575798016802557822, 1.558540622947912624E-16, 0.9891285509743937832 ) ) ;
#1878 = EDGE_CURVE ( 'NONE', #1023, #2108, #1681, .T. ) ;
#1879 = ORIENTED_EDGE ( 'NONE', *, *, #2286, .T. ) ;
#1880 = CARTESIAN_POINT ( 'NONE',  ( 3.799999999999999822, -0.2085786437626889478, -0.2085786437626895307 ) ) ;
#1881 = CYLINDRICAL_SURFACE ( 'NONE', #3235, 0.2000000000000000389 ) ;
#1882 = AXIS2_PLACEMENT_3D ( 'NONE', #416, #2346, #2905 ) ;
#1883 = SURFACE_SIDE_STYLE ('',( #2410 ) ) ;
#1885 = CARTESIAN_POINT ( 'NONE',  ( -4.567157287525381193, -0.4085786437626907630, -0.6449747468305802034 ) ) ;
#1884 = AXIS2_PLACEMENT_3D ( 'NONE', #1056, #1592, #1574 ) ;
#1886 = EDGE_LOOP ( 'NONE', ( #3495, #474, #2004, #882 ) ) ;
#1887 = ORIENTED_EDGE ( 'NONE', *, *, #3231, .F. ) ;
#1888 = CARTESIAN_POINT ( 'NONE',  ( -5.000000000000000000, -0.3499999999999999778, -3.499999999999999556 ) ) ;
#1889 = VERTEX_POINT ( 'NONE', #1661 ) ;
#1890 = EDGE_CURVE ( 'NONE', #3538, #3538, #2948, .T. ) ;
#1891 = CARTESIAN_POINT ( 'NONE',  ( -4.400000000000000355, -0.2343145750507628633, -0.4656854249492342057 ) ) ;
#1892 = LINE ( 'NONE', #2438, #1609 ) ;
#1893 = EDGE_CURVE ( 'NONE', #1023, #1246, #3103, .T. ) ;
#1894 = EDGE_CURVE ( 'NONE', #3083, #3326, #2420, .T. ) ;
#1895 = EDGE_CURVE ( 'NONE', #3409, #1928, #2779, .T. ) ;
#1896 = FACE_OUTER_BOUND ( 'NONE', #304, .T. ) ;
#1897 = AXIS2_PLACEMENT_3D ( 'NONE', #3088, #1694, #3323 ) ;
#1898 =( BOUNDED_CURVE ( )  B_SPLINE_CURVE ( 3, ( #2633, #1220, #166, #436 ),
 .UNSPECIFIED., .F., .F. ) 
 B_SPLINE_CURVE_WITH_KNOTS ( ( 4, 4 ),
 ( 1.570796326794896780, 1.959165621768280463 ),
 .UNSPECIFIED. ) 
 CURVE ( )  GEOMETRIC_REPRESENTATION_ITEM ( )  RATIONAL_B_SPLINE_CURVE ( ( 1.000000000000000000, 0.9874702209755055193, 0.9874702209755055193, 1.000000000000000000 ) ) 
 REPRESENTATION_ITEM ( '' )  );
#1899 = ORIENTED_EDGE ( 'NONE', *, *, #2581, .T. ) ;
#1900 = CARTESIAN_POINT ( 'NONE',  ( 4.349996704795933589, -2.710505431213761085E-17, 1.447748310708406816 ) ) ;
#1901 = CARTESIAN_POINT ( 'NONE',  ( -3.600000000000000089, 0.000000000000000000, 0.000000000000000000 ) ) ;
#1902 = CARTESIAN_POINT ( 'NONE',  ( -4.394910574748222665, -0.1633919657438758777, -0.3269813903364630625 ) ) ;
#1903 = ORIENTED_EDGE ( 'NONE', *, *, #363, .F. ) ;
#1904 = CARTESIAN_POINT ( 'NONE',  ( 4.200000000000000178, 0.000000000000000000, 1.631370849898473807 ) ) ;
#1905 = CARTESIAN_POINT ( 'NONE',  ( -4.385105560996770180, -0.1464466094067267965, -0.3778174593051978891 ) ) ;
#1906 = PLANE ( 'NONE',  #110 ) ;
#1907 = ORIENTED_EDGE ( 'NONE', *, *, #1931, .T. ) ;
#1908 = VERTEX_POINT ( 'NONE', #57 ) ;
#1909 = CIRCLE ( 'NONE', #1573, 0.2000000000000000944 ) ;
#1910 = CARTESIAN_POINT ( 'NONE',  ( 4.000000000000000000, -0.3499999999999999778, 3.500000000000000888 ) ) ;
#1911 = ORIENTED_EDGE ( 'NONE', *, *, #621, .F. ) ;
#1912 = LINE ( 'NONE', #1891, #1186 ) ;
#1913 = DIRECTION ( 'NONE',  ( 0.000000000000000000, 0.000000000000000000, -1.000000000000000000 ) ) ;
#1914 = AXIS2_PLACEMENT_3D ( 'NONE', #1596, #2122, #2970 ) ;
#1915 = AXIS2_PLACEMENT_3D ( 'NONE', #573, #243, #32 ) ;
#1916 = DIRECTION ( 'NONE',  ( 0.000000000000000000, 0.000000000000000000, 1.000000000000000000 ) ) ;
#1917 = LINE ( 'NONE', #1976, #2130 ) ;
#1918 = CARTESIAN_POINT ( 'NONE',  ( -4.200000000000000178, -0.5085786437626893530, 0.5085786437626907963 ) ) ;
#1919 =( BOUNDED_CURVE ( )  B_SPLINE_CURVE ( 3, ( #1137, #1927, #828, #897 ),
 .UNSPECIFIED., .F., .F. ) 
 B_SPLINE_CURVE_WITH_KNOTS ( ( 4, 4 ),
 ( 4.712388980384689674, 5.100758275358072247 ),
 .UNSPECIFIED. ) 
 CURVE ( )  GEOMETRIC_REPRESENTATION_ITEM ( )  RATIONAL_B_SPLINE_CURVE ( ( 1.000000000000000000, 0.9874702209755056304, 0.9874702209755056304, 1.000000000000000000 ) ) 
 REPRESENTATION_ITEM ( '' )  );
#1920 = CARTESIAN_POINT ( 'NONE',  ( -1.499999999999999556, -0.3499999999999999778, 4.500000000000001776 ) ) ;
#1921 = ORIENTED_EDGE ( 'NONE', *, *, #2214, .F. ) ;
#1922 = CARTESIAN_POINT ( 'NONE',  ( -3.799999999999999822, 0.000000000000000000, -1.031370849898473052 ) ) ;
#1923 = DIRECTION ( 'NONE',  ( -1.000000000000000000, 0.000000000000000000, 0.000000000000000000 ) ) ;
#1924 = DIRECTION ( 'NONE',  ( -0.000000000000000000, 0.7071067811865465735, 0.7071067811865485719 ) ) ;
#1925 = ORIENTED_EDGE ( 'NONE', *, *, #690, .F. ) ;
#1926 = EDGE_CURVE ( 'NONE', #1889, #3198, #915, .T. ) ;
#1927 = CARTESIAN_POINT ( 'NONE',  ( 4.400000000000001243, -0.1815760896926605361, -0.2724290184473968646 ) ) ;
#1928 = VERTEX_POINT ( 'NONE', #3061 ) ;
#1929 = VECTOR ( 'NONE', #3299, 1000.000000000000000 ) ;
#1930 = DIRECTION ( 'NONE',  ( -0.000000000000000000, -1.000000000000000000, -0.000000000000000000 ) ) ;
#1931 = EDGE_CURVE ( 'NONE', #3118, #2790, #1999, .T. ) ;
#1932 = EDGE_LOOP ( 'NONE', ( #552, #1843, #1500 ) ) ;
#1933 = LINE ( 'NONE', #2473, #2328 ) ;
#1934 = CARTESIAN_POINT ( 'NONE',  ( 3.600000000000000533, -1.251854463851703304E-30, -0.2171572875253770241 ) ) ;
#1935 = CIRCLE ( 'NONE', #1541, 2.864213562373099542 ) ;
#1936 = FACE_OUTER_BOUND ( 'NONE', #1403, .T. ) ;
#1937 = CARTESIAN_POINT ( 'NONE',  ( -3.605089425251798207, -0.1633919657439333317, 0.9269813903364764185 ) ) ;
#1938 = AXIS2_PLACEMENT_3D ( 'NONE', #2936, #2395, #2701 ) ;
#1939 = ORIENTED_EDGE ( 'NONE', *, *, #2224, .T. ) ;
#1940 = DIRECTION ( 'NONE',  ( 0.000000000000000000, 1.000000000000000000, 0.000000000000000000 ) ) ;
#1941 = DIRECTION ( 'NONE',  ( 0.000000000000000000, 0.7071067811865465735, -0.7071067811865485719 ) ) ;
#1942 = ADVANCED_FACE ( 'NONE', ( #1477 ), #328, .F. ) ;
#1943 = ADVANCED_FACE ( 'NONE', ( #2019 ), #2842, .T. ) ;
#1944 = CARTESIAN_POINT ( 'NONE',  ( -4.806890710021647806, -0.3500000000000001443, 1.115990995721022117 ) ) ;
#1945 = LINE ( 'NONE', #1966, #569 ) ;
#1946 = VERTEX_POINT ( 'NONE', #3111 ) ;
#1947 = AXIS2_PLACEMENT_3D ( 'NONE', #688, #1755, #2061 ) ;
#1948 = CARTESIAN_POINT ( 'NONE',  ( -4.200000000000000178, -0.8000000000000000444, -1.031370849898473052 ) ) ;
#1949 = DIRECTION ( 'NONE',  ( 0.000000000000000000, -0.000000000000000000, 1.000000000000000000 ) ) ;
#1950 = ORIENTED_EDGE ( 'NONE', *, *, #1046, .T. ) ;
#1951 = AXIS2_PLACEMENT_3D ( 'NONE', #3350, #871, #1962 ) ;
#1952 = DIRECTION ( 'NONE',  ( -1.000000000000000000, -0.000000000000000000, 0.000000000000000000 ) ) ;
#1953 = ORIENTED_EDGE ( 'NONE', *, *, #2988, .F. ) ;
#1954 = ADVANCED_FACE ( 'NONE', ( #336 ), #1732, .T. ) ;
#1955 =( LENGTH_UNIT ( ) NAMED_UNIT ( * ) SI_UNIT ( .MILLI., .METRE. ) );
#1956 = PLANE ( 'NONE',  #3226 ) ;
#1957 = EDGE_CURVE ( 'NONE', #3478, #2086, #2789, .T. ) ;
#1958 = DIRECTION ( 'NONE',  ( 0.000000000000000000, 0.000000000000000000, -1.000000000000000000 ) ) ;
#1959 = DIRECTION ( 'NONE',  ( 0.000000000000000000, -0.7071067811865464625, 0.7071067811865484609 ) ) ;
#1960 = PLANE ( 'NONE',  #3148 ) ;
#1961 = EDGE_LOOP ( 'NONE', ( #874, #3003, #3412, #3580 ) ) ;
#1962 = DIRECTION ( 'NONE',  ( 0.000000000000000000, 0.7071067811865461294, 0.7071067811865489050 ) ) ;
#1963 = ADVANCED_FACE ( 'NONE', ( #2586 ), #15, .F. ) ;
#1964 = PLANE ( 'NONE',  #689 ) ;
#1965 = ORIENTED_EDGE ( 'NONE', *, *, #2011, .F. ) ;
#1966 = CARTESIAN_POINT ( 'NONE',  ( -4.400000000000000355, -0.5085786437626893530, 0.5085786437626907963 ) ) ;
#1967 = DIRECTION ( 'NONE',  ( 1.000000000000000000, -0.000000000000000000, 0.000000000000000000 ) ) ;
#1968 = CARTESIAN_POINT ( 'NONE',  ( 3.399999999999999911, 0.000000000000000000, 0.000000000000000000 ) ) ;
#1969 = ORIENTED_EDGE ( 'NONE', *, *, #941, .F. ) ;
#1970 = CARTESIAN_POINT ( 'NONE',  ( -4.450000000000001066, -0.4085786437626907630, 1.244974746830581180 ) ) ;
#1971 = ORIENTED_EDGE ( 'NONE', *, *, #1039, .T. ) ;
#1972 = AXIS2_PLACEMENT_3D ( 'NONE', #1086, #833, #1 ) ;
#1973 = EDGE_LOOP ( 'NONE', ( #3541, #3359, #1180, #3048 ) ) ;
#1974 = CARTESIAN_POINT ( 'NONE',  ( 1.999999999999999556, 0.000000000000000000, 4.500000000000001776 ) ) ;
#1975 = CARTESIAN_POINT ( 'NONE',  ( -3.799999999999999822, -0.8000000000000000444, 1.631370849898473807 ) ) ;
#1976 = CARTESIAN_POINT ( 'NONE',  ( 4.599999999999999645, 0.000000000000000000, 1.631370849898473807 ) ) ;
#1977 = CIRCLE ( 'NONE', #200, 0.2000000000000000944 ) ;
#1978 = LINE ( 'NONE', #130, #3202 ) ;
#1979 = LINE ( 'NONE', #1153, #2489 ) ;
#1980 = CARTESIAN_POINT ( 'NONE',  ( -3.799999999999999822, -0.7171572875253797719, 0.5828427124746197174 ) ) ;
#1981 = CARTESIAN_POINT ( 'NONE',  ( -3.549999999999999822, -0.3499999999999999778, 1.386396103067890850 ) ) ;
#1982 = CLOSED_SHELL ( 'NONE', ( #3354, #2391, #1954, #3352, #873, #1126, #147, #2876, #2813, #101, #3289, #405, #743, #2539, #1172, #1331, #1781, #886, #805, #469, #1815, #3499, #584, #789, #3346, #1099, #514, #2154, #1588, #106, #613, #1619, #664, #2973, #3075, #1324, #397, #2077, #3216, #3246, #2725, #1743, #2700, #58, #1274, #3124, #3456, #2593, #3189, #3305, #1306, #238, #40, #2445, #1301, #2101, #2432, #2968, #1838, #1197, #2228, #79, #3068, #2658, #1942, #3171, #2802, #3503, #3576, #1683, #1673, #3062, #1386, #1212, #62, #3278, #3415, #1943, #2548, #841, #1263, #1586, #1996, #1686, #959, #1031, #259, #366, #180, #3032, #505, #892, #2332, #3502, #136, #472, #1639, #1963, #832, #1776, #45, #554, #409, #2630, #234, #3035, #1726, #1595, #3184, #1534, #3013, #635, #3135, #2528, #2971, #2546, #2604, #2684 ) ) ;
#1983 = CARTESIAN_POINT ( 'NONE',  ( 3.341205285072424314, -0.3500000000000001443, 1.325430360516263839 ) ) ;
#1984 = CARTESIAN_POINT ( 'NONE',  ( -4.417531505494796562, -3.674194496443003923E-15, 0.8697518592399081649 ) ) ;
#1985 = CARTESIAN_POINT ( 'NONE',  ( -3.799999999999999822, 0.000000000000000000, -1.031370849898473052 ) ) ;
#1986 = ORIENTED_EDGE ( 'NONE', *, *, #1170, .T. ) ;
#1987 = CARTESIAN_POINT ( 'NONE',  ( -3.799999999999999822, -0.2343145750507628633, 1.065685424949235349 ) ) ;
#1988 = EDGE_CURVE ( 'NONE', #1378, #2864, #2534, .T. ) ;
#1989 = ORIENTED_EDGE ( 'NONE', *, *, #1579, .F. ) ;
#1990 = ORIENTED_EDGE ( 'NONE', *, *, #1161, .T. ) ;
#1991 = LINE ( 'NONE', #973, #3376 ) ;
#1992 = DIRECTION ( 'NONE',  ( 0.000000000000000000, 0.000000000000000000, 1.000000000000000000 ) ) ;
#1993 = CIRCLE ( 'NONE', #913, 0.2000000000000000944 ) ;
#1994 = CARTESIAN_POINT ( 'NONE',  ( 3.549999999999999822, -0.7525126265847069673, -0.01819805153394630365 ) ) ;
#1995 = CARTESIAN_POINT ( 'NONE',  ( 4.650000000000000355, 0.000000000000000000, 0.000000000000000000 ) ) ;
#1996 = ADVANCED_FACE ( 'NONE', ( #118 ), #69, .F. ) ;
#1997 = CARTESIAN_POINT ( 'NONE',  ( -4.524344025746007247, -0.3499999999999688360, 1.303553389938371554 ) ) ;
#1998 = CARTESIAN_POINT ( 'NONE',  ( 3.549999999999999822, -0.7525126265847069673, 0.6181980515339470239 ) ) ;
#1999 = LINE ( 'NONE', #1716, #242 ) ;
#2000 = CARTESIAN_POINT ( 'NONE',  ( 4.400000000000000355, 0.8904822720533968061, 2.544035662646665141 ) ) ;
#2001 = CARTESIAN_POINT ( 'NONE',  ( -4.450000000000001066, -0.8939339828220161932, -0.1596194077712560500 ) ) ;
#2002 = ORIENTED_EDGE ( 'NONE', *, *, #1449, .F. ) ;
#2003 = DIRECTION ( 'NONE',  ( -1.000000000000000000, 0.000000000000000000, 0.000000000000000000 ) ) ;
#2004 = ORIENTED_EDGE ( 'NONE', *, *, #2706, .F. ) ;
#2005 = ORIENTED_EDGE ( 'NONE', *, *, #928, .F. ) ;
#2006 = DIRECTION ( 'NONE',  ( 0.000000000000000000, 0.000000000000000000, 1.000000000000000000 ) ) ;
#2007 = EDGE_CURVE ( 'NONE', #2951, #648, #3067, .T. ) ;
#2008 = TOROIDAL_SURFACE ( 'NONE', #459, 1.000000000000000000, 0.2000000000000000111 ) ;
#2009 = DIRECTION ( 'NONE',  ( 0.000000000000000000, 0.000000000000000000, 1.000000000000000000 ) ) ;
#2010 = EDGE_CURVE ( 'NONE', #2358, #2358, #1935, .T. ) ;
#2011 = EDGE_CURVE ( 'NONE', #26, #1438, #298, .T. ) ;
#2012 = CARTESIAN_POINT ( 'NONE',  ( -4.650000000000000355, -0.4671572875253811596, 1.069238815542509879 ) ) ;
#2013 = AXIS2_PLACEMENT_3D ( 'NONE', #639, #1187, #2256 ) ;
#2014 = LINE ( 'NONE', #1712, #3559 ) ;
#2015 = CARTESIAN_POINT ( 'NONE',  ( 3.799999999999999822, -0.7171572875253797719, 0.5828427124746197174 ) ) ;
#2016 = AXIS2_PLACEMENT_3D ( 'NONE', #1948, #2515, #625 ) ;
#2017 = CARTESIAN_POINT ( 'NONE',  ( 4.650000000000000355, -0.2085786437626906964, -0.5621320343559610411 ) ) ;
#2018 =( BOUNDED_CURVE ( )  B_SPLINE_CURVE ( 3, ( #1905, #2180, #2141, #3257 ),
 .UNSPECIFIED., .F., .F. ) 
 B_SPLINE_CURVE_WITH_KNOTS ( ( 4, 4 ),
 ( 1.182427031821514429, 1.570796326794896780 ),
 .UNSPECIFIED. ) 
 CURVE ( )  GEOMETRIC_REPRESENTATION_ITEM ( )  RATIONAL_B_SPLINE_CURVE ( ( 1.000000000000000000, 0.9874702209755056304, 0.9874702209755056304, 1.000000000000000000 ) ) 
 REPRESENTATION_ITEM ( '' )  );
#2019 = FACE_OUTER_BOUND ( 'NONE', #2943, .T. ) ;
#2020 = CARTESIAN_POINT ( 'NONE',  ( -4.400000000000002132, 2.710505431213761085E-17, 0.8171572875253793056 ) ) ;
#2021 = LINE ( 'NONE', #2571, #442 ) ;
#2022 = ORIENTED_EDGE ( 'NONE', *, *, #2423, .T. ) ;
#2023 = CARTESIAN_POINT ( 'NONE',  ( -4.570211121993538406, 0.000000000000000000, -0.4313708498984710205 ) ) ;
#2024 = ORIENTED_EDGE ( 'NONE', *, *, #1868, .T. ) ;
#2025 = ORIENTED_EDGE ( 'NONE', *, *, #317, .T. ) ;
#2026 = B_SPLINE_CURVE_WITH_KNOTS ( 'NONE', 3,
 ( #123, #1789, #3121, #1232, #3429, #2344 ),
 .UNSPECIFIED., .F., .F.,
 ( 4, 2, 4 ),
 ( 2.710505431213761085E-20, 0.0003505093907976062316, 0.0007010187815952123548 ),
 .UNSPECIFIED. ) ;
#2027 = DIRECTION ( 'NONE',  ( 0.000000000000000000, 0.7071067811865463515, -0.7071067811865487940 ) ) ;
#2028 = DIRECTION ( 'NONE',  ( 0.000000000000000000, 0.7071067811865464625, 0.7071067811865486830 ) ) ;
#2029 = CARTESIAN_POINT ( 'NONE',  ( 4.000000000000000000, -0.3499999999999999778, -3.499999999999999556 ) ) ;
#2030 = VECTOR ( 'NONE', #2641, 1000.000000000000000 ) ;
#2031 = CARTESIAN_POINT ( 'NONE',  ( 4.450000000000001066, -0.3499999999999999778, -0.7863961030678897624 ) ) ;
#2032 =( GEOMETRIC_REPRESENTATION_CONTEXT ( 3 ) GLOBAL_UNCERTAINTY_ASSIGNED_CONTEXT ( ( #1526 ) ) GLOBAL_UNIT_ASSIGNED_CONTEXT ( ( #3571, #531, #855 ) ) REPRESENTATION_CONTEXT ( 'NONE', 'WORKASPACE' ) );
#2033 = EDGE_CURVE ( 'NONE', #2156, #59, #2225, .T. ) ;
#2034 = LINE ( 'NONE', #2551, #2169 ) ;
#2035 = CARTESIAN_POINT ( 'NONE',  ( 3.349999999999999645, -0.5500000000000000444, -0.7035533905932707111 ) ) ;
#2036 = CARTESIAN_POINT ( 'NONE',  ( -3.762424878428538566, -2.710505431213761085E-17, -0.9086493549246035251 ) ) ;
#2037 = ORIENTED_EDGE ( 'NONE', *, *, #287, .F. ) ;
#2038 = DIRECTION ( 'NONE',  ( 0.000000000000000000, -0.000000000000000000, 1.000000000000000000 ) ) ;
#2039 =( BOUNDED_SURFACE ( )  B_SPLINE_SURFACE ( 3, 2, ( 
 ( #712, #165, #3016 ),
 ( #1303, #3529, #2982 ),
 ( #1089, #3286, #237 ),
 ( #2458, #2688, #2401 ) ),
 .UNSPECIFIED., .F., .F., .F. ) 
 B_SPLINE_SURFACE_WITH_KNOTS ( ( 4, 4 ),
 ( 3, 3 ),
 ( 1.570796326794896558, 1.959165621768280463 ),
 ( 0.000000000000000000, 1.000000000000000000 ),
 .UNSPECIFIED. ) 
 GEOMETRIC_REPRESENTATION_ITEM ( )  RATIONAL_B_SPLINE_SURFACE ( (
 ( 1.000000000000000000, 0.7071067811865476838, 1.000000000000000000),
 ( 1.000000000000000000, 0.7394810956956715531, 1.000000000000000000),
 ( 1.000000000000000000, 0.7695742800711190545, 1.000000000000000000),
 ( 1.000000000000000000, 0.7961679951387038434, 1.000000000000000000) ) ) 
 REPRESENTATION_ITEM ( '' )  SURFACE ( )  );
#2040 = ORIENTED_EDGE ( 'NONE', *, *, #951, .F. ) ;
#2041 = ORIENTED_EDGE ( 'NONE', *, *, #1053, .F. ) ;
#2042 = CARTESIAN_POINT ( 'NONE',  ( 3.799999999999999822, -0.7171572875253797719, 0.01715728752538131160 ) ) ;
#2043 = AXIS2_PLACEMENT_3D ( 'NONE', #2545, #2616, #960 ) ;
#2044 = EDGE_CURVE ( 'NONE', #2168, #1889, #1322, .T. ) ;
#2045 = DIRECTION ( 'NONE',  ( 0.000000000000000000, 1.000000000000000000, 0.000000000000000000 ) ) ;
#2046 = CARTESIAN_POINT ( 'NONE',  ( 4.599999999928421346, 1.355252715606880543E-16, 0.8904155744463778666 ) ) ;
#2047 = AXIS2_PLACEMENT_3D ( 'NONE', #1734, #1749, #703 ) ;
#2048 = EDGE_CURVE ( 'NONE', #218, #1040, #3575, .T. ) ;
#2049 = CARTESIAN_POINT ( 'NONE',  ( 4.450000000000001066, -0.4085786437626907630, 1.244974746830581180 ) ) ;
#2050 = EDGE_CURVE ( 'NONE', #2679, #1580, #1433, .T. ) ;
#2051 = CARTESIAN_POINT ( 'NONE',  ( -4.400000000000000355, 0.000000000000000000, 0.000000000000000000 ) ) ;
#2052 = CARTESIAN_POINT ( 'NONE',  ( 4.385105560996770180, -0.1464466094067267410, 0.9778174593051989216 ) ) ;
#2053 = VECTOR ( 'NONE', #204, 1000.000000000000000 ) ;
#2054 = EDGE_CURVE ( 'NONE', #249, #1043, #1945, .T. ) ;
#2055 = CARTESIAN_POINT ( 'NONE',  ( -4.650000000000001243, -0.5128719982745966188, -0.3320946832948389327 ) ) ;
#2056 = CIRCLE ( 'NONE', #1874, 0.1999999999999999833 ) ;
#2057 = CARTESIAN_POINT ( 'NONE',  ( -3.631350009671485690, -0.1129307955199549407, -0.4682114205198075751 ) ) ;
#2058 = VERTEX_POINT ( 'NONE', #2481 ) ;
#2059 = CYLINDRICAL_SURFACE ( 'NONE', #3482, 0.1999999999999996503 ) ;
#2060 = EDGE_LOOP ( 'NONE', ( #1243, #848, #1971, #3510 ) ) ;
#2061 = DIRECTION ( 'NONE',  ( -0.000000000000000000, 0.000000000000000000, -1.000000000000000000 ) ) ;
#2062 = FACE_OUTER_BOUND ( 'NONE', #786, .T. ) ;
#2063 = CIRCLE ( 'NONE', #2649, 0.4999999999999995559 ) ;
#2064 = CIRCLE ( 'NONE', #3288, 0.2000000000000000944 ) ;
#2065 = CARTESIAN_POINT ( 'NONE',  ( 4.681576424209463738, -0.3499999999999999778, -0.4567130058152901739 ) ) ;
#2066 = CARTESIAN_POINT ( 'NONE',  ( 4.400000000000001243, -0.1999999999999999833, -0.2171572875253783841 ) ) ;
#2067 = EDGE_CURVE ( 'NONE', #2880, #1419, #1993, .T. ) ;
#2068 = DIRECTION ( 'NONE',  ( 1.000000000000000000, 0.000000000000000000, 0.000000000000000000 ) ) ;
#2069 = CARTESIAN_POINT ( 'NONE',  ( -4.684235636908520739, -0.3499999999999852118, -0.3234176966986829216 ) ) ;
#2070 = ORIENTED_EDGE ( 'NONE', *, *, #566, .T. ) ;
#2071 = CARTESIAN_POINT ( 'NONE',  ( -3.349999999999999645, -0.3500000000000000888, -0.2207106781186525535 ) ) ;
#2072 = ORIENTED_EDGE ( 'NONE', *, *, #699, .F. ) ;
#2073 = ORIENTED_EDGE ( 'NONE', *, *, #3345, .T. ) ;
#2074 = CARTESIAN_POINT ( 'NONE',  ( -1.999999999999999556, 0.000000000000000000, 4.500000000000001776 ) ) ;
#2075 = CARTESIAN_POINT ( 'NONE',  ( 4.450000000000001066, -0.4085786437626907630, 1.244974746830581180 ) ) ;
#2076 = FACE_OUTER_BOUND ( 'NONE', #1340, .T. ) ;
#2077 = ADVANCED_FACE ( 'NONE', ( #532 ), #1906, .F. ) ;
#2078 = STYLED_ITEM ( 'NONE', ( #2708 ), #439 ) ;
#2079 = CARTESIAN_POINT ( 'NONE',  ( 4.650000000000001243, -0.3500000000000000888, -0.2207106781186526090 ) ) ;
#2080 = CARTESIAN_POINT ( 'NONE',  ( 4.850000000000000533, -0.3499999999999999778, -0.2207106781186526645 ) ) ;
#2081 = CARTESIAN_POINT ( 'NONE',  ( -4.000000000000000888, 0.000000000000000000, -4.499999999999999112 ) ) ;
#2082 = EDGE_LOOP ( 'NONE', ( #247 ) ) ;
#2083 = VECTOR ( 'NONE', #919, 1000.000000000000000 ) ;
#2084 = CARTESIAN_POINT ( 'NONE',  ( -4.850000000000000533, -0.5500000000000000444, -0.2207106781186527755 ) ) ;
#2085 = FACE_OUTER_BOUND ( 'NONE', #2324, .T. ) ;
#2086 = VERTEX_POINT ( 'NONE', #263 ) ;
#2087 = VERTEX_POINT ( 'NONE', #2899 ) ;
#2088 = CARTESIAN_POINT ( 'NONE',  ( 3.349999999999999645, -0.4085786437626907630, 1.244974746830581180 ) ) ;
#2089 = ORIENTED_EDGE ( 'NONE', *, *, #521, .T. ) ;
#2090 = DIRECTION ( 'NONE',  ( -0.000000000000000000, 0.7071067811865465735, 0.7071067811865485719 ) ) ;
#2091 = CARTESIAN_POINT ( 'NONE',  ( 3.429788878006461594, 2.710505431213761085E-17, 1.031370849898472830 ) ) ;
#2092 = EDGE_CURVE ( 'NONE', #1020, #1020, #1087, .T. ) ;
#2093 = LINE ( 'NONE', #2629, #3284 ) ;
#2094 = CIRCLE ( 'NONE', #558, 0.4499999999999998446 ) ;
#2095 = CARTESIAN_POINT ( 'NONE',  ( 4.554397357463797036, -0.4238200794005771987, 1.199250439916862643 ) ) ;
#2096 = AXIS2_PLACEMENT_3D ( 'NONE', #2303, #2281, #2860 ) ;
#2097 = FACE_OUTER_BOUND ( 'NONE', #3115, .T. ) ;
#2098 = CARTESIAN_POINT ( 'NONE',  ( 4.200000000000000178, -0.2343145750507628633, -0.4656854249492342057 ) ) ;
#2099 = VERTEX_POINT ( 'NONE', #551 ) ;
#2100 = CARTESIAN_POINT ( 'NONE',  ( 3.399999999999999911, -0.2000000000000000111, 0.8171572875253794166 ) ) ;
#2101 = ADVANCED_FACE ( 'NONE', ( #2736 ), #1368, .T. ) ;
#2102 = CARTESIAN_POINT ( 'NONE',  ( 4.385105560996770180, -0.1464466094067267410, 0.9778174593051989216 ) ) ;
#2103 = ORIENTED_EDGE ( 'NONE', *, *, #1343, .T. ) ;
#2104 = AXIS2_PLACEMENT_3D ( 'NONE', #1078, #3293, #1627 ) ;
#2105 = VERTEX_POINT ( 'NONE', #3183 ) ;
#2106 = DIRECTION ( 'NONE',  ( -2.478176394252581141E-16, 0.000000000000000000, 1.000000000000000000 ) ) ;
#2107 = ORIENTED_EDGE ( 'NONE', *, *, #2759, .F. ) ;
#2108 = VERTEX_POINT ( 'NONE', #1096 ) ;
#2109 = CARTESIAN_POINT ( 'NONE',  ( 4.400000000000000355, -0.2085786437626889478, -0.2085786437626895307 ) ) ;
#2110 = AXIS2_PLACEMENT_3D ( 'NONE', #257, #293, #1959 ) ;
#2111 = CARTESIAN_POINT ( 'NONE',  ( 3.799999999999999822, -1.355252715606880543E-17, 1.631370849898473807 ) ) ;
#2112 = DIRECTION ( 'NONE',  ( 0.000000000000000000, -0.000000000000000000, -1.000000000000000000 ) ) ;
#2113 = FACE_OUTER_BOUND ( 'NONE', #213, .T. ) ;
#2114 = ORIENTED_EDGE ( 'NONE', *, *, #724, .F. ) ;
#2115 = FACE_OUTER_BOUND ( 'NONE', #1424, .T. ) ;
#2116 = CARTESIAN_POINT ( 'NONE',  ( -3.799999999999999822, -0.8000000000000000444, 1.631370849898473807 ) ) ;
#2117 = TOROIDAL_SURFACE ( 'NONE', #1882, 1.000000000000000000, 0.2000000000000000111 ) ;
#2118 = VERTEX_POINT ( 'NONE', #2205 ) ;
#2119 = CARTESIAN_POINT ( 'NONE',  ( -4.850000000000000533, -0.3499999999999999778, 0.8207106781186536137 ) ) ;
#2120 = CARTESIAN_POINT ( 'NONE',  ( -3.731660231157674090, -0.01509821264205224965, -0.8091039716252318437 ) ) ;
#2121 = ORIENTED_EDGE ( 'NONE', *, *, #1926, .T. ) ;
#2122 = DIRECTION ( 'NONE',  ( 0.000000000000000000, 0.7071067811865484609, 0.7071067811865465735 ) ) ;
#2123 = CARTESIAN_POINT ( 'NONE',  ( -1.499999999999999556, -0.3499999999999999778, 5.000000000000000888 ) ) ;
#2124 = ORIENTED_EDGE ( 'NONE', *, *, #951, .T. ) ;
#2125 = ORIENTED_EDGE ( 'NONE', *, *, #2092, .F. ) ;
#2126 = CYLINDRICAL_SURFACE ( 'NONE', #449, 0.9999999999999995559 ) ;
#2127 = ORIENTED_EDGE ( 'NONE', *, *, #1408, .F. ) ;
#2128 = CARTESIAN_POINT ( 'NONE',  ( 3.576394495499388704, 5.657366194172005046E-14, 1.084509609313877521 ) ) ;
#2129 = AXIS2_PLACEMENT_3D ( 'NONE', #804, #3570, #3234 ) ;
#2130 = VECTOR ( 'NONE', #618, 1000.000000000000000 ) ;
#2131 = DIRECTION ( 'NONE',  ( 0.000000000000000000, 1.000000000000000000, 0.000000000000000000 ) ) ;
#2132 =( BOUNDED_CURVE ( )  B_SPLINE_CURVE ( 3, ( #228, #753, #460, #2678 ),
 .UNSPECIFIED., .F., .F. ) 
 B_SPLINE_CURVE_WITH_KNOTS ( ( 4, 4 ),
 ( 1.570796326794896780, 3.141592653589793116 ),
 .UNSPECIFIED. ) 
 CURVE ( )  GEOMETRIC_REPRESENTATION_ITEM ( )  RATIONAL_B_SPLINE_CURVE ( ( 1.000000000000000000, 0.8047378541243650485, 0.8047378541243650485, 1.000000000000000000 ) ) 
 REPRESENTATION_ITEM ( '' )  );
#2133 = DIRECTION ( 'NONE',  ( 0.000000000000000000, -0.7071067811865462405, -0.7071067811865489050 ) ) ;
#2134 = EDGE_LOOP ( 'NONE', ( #3550, #3361, #3339, #1537 ) ) ;
#2135 = CARTESIAN_POINT ( 'NONE',  ( -4.400000000000000355, 1.067258967350033450, 2.367258967350027721 ) ) ;
#2136 = DIRECTION ( 'NONE',  ( 0.000000000000000000, 0.000000000000000000, 1.000000000000000000 ) ) ;
#2137 = EDGE_CURVE ( 'NONE', #1049, #2864, #448, .T. ) ;
#2138 = ORIENTED_EDGE ( 'NONE', *, *, #1824, .T. ) ;
#2139 = VECTOR ( 'NONE', #266, 1000.000000000000000 ) ;
#2140 = DIRECTION ( 'NONE',  ( 0.000000000000000000, 0.7071067811865484609, 0.7071067811865467956 ) ) ;
#2141 = CARTESIAN_POINT ( 'NONE',  ( -4.400000000000001243, -0.1815760896926605639, -0.2724290184473968091 ) ) ;
#2142 = VERTEX_POINT ( 'NONE', #281 ) ;
#2143 = EDGE_CURVE ( 'NONE', #1179, #26, #1817, .T. ) ;
#2144 = VERTEX_POINT ( 'NONE', #3259 ) ;
#2145 = CARTESIAN_POINT ( 'NONE',  ( -3.549999999999999822, -0.4085786437626907075, -0.6449747468305802034 ) ) ;
#2146 = ORIENTED_EDGE ( 'NONE', *, *, #785, .T. ) ;
#2147 = ORIENTED_EDGE ( 'NONE', *, *, #1535, .F. ) ;
#2148 =( BOUNDED_SURFACE ( )  B_SPLINE_SURFACE ( 3, 2, ( 
 ( #1428, #2814, #2234 ),
 ( #2194, #343, #2761 ),
 ( #3049, #3343, #1448 ),
 ( #1109, #2543, #76 ) ),
 .UNSPECIFIED., .F., .F., .F. ) 
 B_SPLINE_SURFACE_WITH_KNOTS ( ( 4, 4 ),
 ( 3, 3 ),
 ( 4.712388980384689674, 5.100758275358073135 ),
 ( 0.000000000000000000, 1.000000000000000000 ),
 .UNSPECIFIED. ) 
 GEOMETRIC_REPRESENTATION_ITEM ( )  RATIONAL_B_SPLINE_SURFACE ( (
 ( 1.000000000000000000, 0.7071067811865475727, 1.000000000000000000),
 ( 1.000000000000000000, 0.7394810956956738845, 1.000000000000000000),
 ( 1.000000000000000000, 0.7695742800711177223, 1.000000000000000000),
 ( 1.000000000000000000, 0.7961679951387046206, 1.000000000000000000) ) ) 
 REPRESENTATION_ITEM ( '' )  SURFACE ( )  );
#2149 = CARTESIAN_POINT ( 'NONE',  ( 4.400000000000000355, -1.000000000000000000, 0.3000000000000007661 ) ) ;
#2150 = VECTOR ( 'NONE', #2305, 1000.000000000000000 ) ;
#2151 = VERTEX_POINT ( 'NONE', #3315 ) ;
#2152 = CARTESIAN_POINT ( 'NONE',  ( 3.462867451490140525, 2.710505431213761085E-17, 1.145705669897105539 ) ) ;
#2153 = CARTESIAN_POINT ( 'NONE',  ( -4.400000000000000355, -0.4343145750507612091, 0.3000000000000004330 ) ) ;
#2154 = ADVANCED_FACE ( 'NONE', ( #842 ), #1701, .F. ) ;
#2155 =( BOUNDED_SURFACE ( )  B_SPLINE_SURFACE ( 3, 2, ( 
 ( #2983, #762, #1810 ),
 ( #2926, #1590, #3548 ),
 ( #2689, #2653, #1328 ),
 ( #185, #2424, #746 ),
 ( #3252, #2942, #780 ),
 ( #1860, #1072, #468 ) ),
 .UNSPECIFIED., .F., .F., .F. ) 
 B_SPLINE_SURFACE_WITH_KNOTS ( ( 4, 2, 4 ),
 ( 3, 3 ),
 ( -0.0003083098813833720945, 4.660019550901191472E-05, 0.0004015102724013959240 ),
 ( 0.000000000000000000, 1.000000000000000000 ),
 .UNSPECIFIED. ) 
 GEOMETRIC_REPRESENTATION_ITEM ( )  RATIONAL_B_SPLINE_SURFACE ( (
 ( 1.000000000000000000, 0.7961679951387035103, 1.000000000000000000),
 ( 1.000000000000000000, 0.8488014016771840975, 1.000000000000000000),
 ( 1.000000000000000000, 0.9006103750214828896, 1.000000000000000000),
 ( 1.000000000000000000, 0.9768852242761254523, 1.000000000000000000),
 ( 1.000000000000000000, 1.000398751092134830, 1.000000000000000000),
 ( 1.000000000000000000, 1.000000000000000000, 1.000000000000000000) ) ) 
 REPRESENTATION_ITEM ( '' )  SURFACE ( )  );
#2156 = VERTEX_POINT ( 'NONE', #857 ) ;
#2157 = DIRECTION ( 'NONE',  ( -1.000000000000000000, -0.000000000000000000, -0.000000000000000000 ) ) ;
#2158 = FACE_OUTER_BOUND ( 'NONE', #138, .T. ) ;
#2159 = EDGE_CURVE ( 'NONE', #13, #1177, #1201, .T. ) ;
#2160 = EDGE_LOOP ( 'NONE', ( #1560, #1953, #1149, #1735 ) ) ;
#2161 = CARTESIAN_POINT ( 'NONE',  ( -3.799999999999999822, -1.355252715606880543E-17, 1.631370849898473807 ) ) ;
#2162 = CARTESIAN_POINT ( 'NONE',  ( 4.450000000000001066, -0.4085786437626907075, -0.6449747468305802034 ) ) ;
#2163 = EDGE_CURVE ( 'NONE', #1177, #1481, #3338, .T. ) ;
#2164 = EDGE_CURVE ( 'NONE', #2992, #2502, #481, .T. ) ;
#2165 = DIRECTION ( 'NONE',  ( -0.000000000000000000, 0.7071067811865485719, 0.7071067811865465735 ) ) ;
#2166 = EDGE_CURVE ( 'NONE', #1479, #1353, #278, .T. ) ;
#2167 = ORIENTED_EDGE ( 'NONE', *, *, #1744, .F. ) ;
#2168 = VERTEX_POINT ( 'NONE', #2052 ) ;
#2169 = VECTOR ( 'NONE', #82, 1000.000000000000000 ) ;
#2170 = CARTESIAN_POINT ( 'NONE',  ( -3.149999999999999467, -0.5500000000000000444, 0.000000000000000000 ) ) ;
#2171 = ORIENTED_EDGE ( 'NONE', *, *, #312, .F. ) ;
#2172 = CARTESIAN_POINT ( 'NONE',  ( 3.799999999999999822, 0.000000000000000000, -1.031370849898473052 ) ) ;
#2173 = CARTESIAN_POINT ( 'NONE',  ( 4.385105560996770180, -0.1464466094067266300, -0.3778174593051976671 ) ) ;
#2174 = CARTESIAN_POINT ( 'NONE',  ( -4.200000000000000178, 0.000000000000000000, 1.631370849898473807 ) ) ;
#2175 = ORIENTED_EDGE ( 'NONE', *, *, #678, .T. ) ;
#2176 = CARTESIAN_POINT ( 'NONE',  ( 3.600000000000000089, -0.4343145750507612091, 0.3000000000000004330 ) ) ;
#2177 = CARTESIAN_POINT ( 'NONE',  ( -4.426393330308178165, 1.009748407531945297E-15, -0.3299067456551136868 ) ) ;
#2178 = EDGE_LOOP ( 'NONE', ( #525 ) ) ;
#2179 = CARTESIAN_POINT ( 'NONE',  ( -3.650003295204067300, -2.710505431213761085E-17, 1.447748310708419917 ) ) ;
#2180 = CARTESIAN_POINT ( 'NONE',  ( -4.394972189646215277, -0.1634984506726981368, -0.3266619355072840070 ) ) ;
#2181 = VECTOR ( 'NONE', #1823, 1000.000000000000000 ) ;
#2183 = CARTESIAN_POINT ( 'NONE',  ( 3.399999999999999911, -0.2000000000000000111, -0.2171572875253784396 ) ) ;
#2182 = CIRCLE ( 'NONE', #522, 1.000000000000000000 ) ;
#2184 = ORIENTED_EDGE ( 'NONE', *, *, #54, .T. ) ;
#2185 = ORIENTED_EDGE ( 'NONE', *, *, #2816, .T. ) ;
#2186 = DIRECTION ( 'NONE',  ( 0.000000000000000000, 1.000000000000000000, 0.000000000000000000 ) ) ;
#2187 = CARTESIAN_POINT ( 'NONE',  ( -4.200000000000000178, -0.5757359312880704350, 0.4414213562373099919 ) ) ;
#2188 = FACE_OUTER_BOUND ( 'NONE', #3187, .T. ) ;
#2189 = ORIENTED_EDGE ( 'NONE', *, *, #30, .F. ) ;
#2190 = DIRECTION ( 'NONE',  ( 1.000000000000000000, -0.000000000000000000, 0.000000000000000000 ) ) ;
#2191 = DIRECTION ( 'NONE',  ( -1.000000000000000000, 0.000000000000000000, 0.000000000000000000 ) ) ;
#2192 = AXIS2_PLACEMENT_3D ( 'NONE', #3019, #3039, #3534 ) ;
#2193 = FILL_AREA_STYLE ('',( #2487 ) ) ;
#2194 = CARTESIAN_POINT ( 'NONE',  ( 3.400000000071563111, 2.710505431213761085E-17, 0.8904155744463490008 ) ) ;
#2195 = VECTOR ( 'NONE', #310, 1000.000000000000000 ) ;
#2196 = VERTEX_POINT ( 'NONE', #1715 ) ;
#2197 = LINE ( 'NONE', #3505, #2316 ) ;
#2198 = DIRECTION ( 'NONE',  ( -0.2779153920969857361, 0.000000000000000000, -0.9606055563214169757 ) ) ;
#2199 = CARTESIAN_POINT ( 'NONE',  ( -4.599999999928421346, 2.710505431213761085E-17, -0.2904155744463291500 ) ) ;
#2200 = EDGE_CURVE ( 'NONE', #1378, #772, #1658, .T. ) ;
#2201 = EDGE_LOOP ( 'NONE', ( #3540, #1399, #2475, #2536 ) ) ;
#2202 = CARTESIAN_POINT ( 'NONE',  ( -3.685936741615941870, -3.808380192759378387E-15, 1.412674712690314305 ) ) ;
#2203 = CARTESIAN_POINT ( 'NONE',  ( -3.600000000000000089, -0.5757359312880704350, 0.1585786437626908740 ) ) ;
#2204 = EDGE_CURVE ( 'NONE', #3355, #2740, #3397, .T. ) ;
#2205 = CARTESIAN_POINT ( 'NONE',  ( -4.850000000000000533, -0.3499999999999999778, 0.8207106781186536137 ) ) ;
#2206 = EDGE_LOOP ( 'NONE', ( #597, #2359, #3262, #1257 ) ) ;
#2207 = CARTESIAN_POINT ( 'NONE',  ( -4.000000000000000888, 0.000000000000000000, -3.499999999999998668 ) ) ;
#2208 = CARTESIAN_POINT ( 'NONE',  ( -3.799999999999999822, -0.4343145750507612091, 0.3000000000000004330 ) ) ;
#2209 = ORIENTED_EDGE ( 'NONE', *, *, #1323, .T. ) ;
#2210 = CARTESIAN_POINT ( 'NONE',  ( 0.000000000000000000, -0.3499999999999999778, 0.000000000000000000 ) ) ;
#2211 = ORIENTED_EDGE ( 'NONE', *, *, #391, .F. ) ;
#2212 = AXIS2_PLACEMENT_3D ( 'NONE', #2596, #124, #652 ) ;
#2213 = DIRECTION ( 'NONE',  ( -1.000000000000000000, 0.000000000000000000, 0.000000000000000000 ) ) ;
#2214 = EDGE_CURVE ( 'NONE', #2720, #982, #1258, .T. ) ;
#2215 = EDGE_CURVE ( 'NONE', #2679, #1138, #3147, .T. ) ;
#2216 = CARTESIAN_POINT ( 'NONE',  ( -4.450000000000001066, -0.7525126265847069673, -0.01819805153394630365 ) ) ;
#2217 = DIRECTION ( 'NONE',  ( -0.000000000000000000, 1.000000000000000000, -0.000000000000000000 ) ) ;
#2218 = DIRECTION ( 'NONE',  ( 0.000000000000000000, 0.7071067811865486830, 0.7071067811865464625 ) ) ;
#2219 = ORIENTED_EDGE ( 'NONE', *, *, #44, .F. ) ;
#2220 = DIRECTION ( 'NONE',  ( 0.000000000000000000, -0.000000000000000000, 1.000000000000000000 ) ) ;
#2221 = AXIS2_PLACEMENT_3D ( 'NONE', #747, #437, #1491 ) ;
#2222 = DIRECTION ( 'NONE',  ( 1.000000000000000000, 0.000000000000000000, -0.000000000000000000 ) ) ;
#2223 = ORIENTED_EDGE ( 'NONE', *, *, #2703, .F. ) ;
#2224 = EDGE_CURVE ( 'NONE', #537, #249, #3271, .T. ) ;
#2225 = LINE ( 'NONE', #3040, #1152 ) ;
#2226 = VERTEX_POINT ( 'NONE', #2605 ) ;
#2227 = FACE_OUTER_BOUND ( 'NONE', #3428, .T. ) ;
#2228 = ADVANCED_FACE ( 'NONE', ( #2841 ), #853, .T. ) ;
#2229 = CARTESIAN_POINT ( 'NONE',  ( 4.000000000000000000, 0.000000000000000000, -3.499999999999999556 ) ) ;
#2230 = CARTESIAN_POINT ( 'NONE',  ( -3.518916945484436454, -0.000000000000000000, -0.6507044536051572736 ) ) ;
#2231 = ORIENTED_EDGE ( 'NONE', *, *, #3328, .T. ) ;
#2232 = DIRECTION ( 'NONE',  ( 0.000000000000000000, 0.7071067811865485719, -0.7071067811865465735 ) ) ;
#2233 = ORIENTED_EDGE ( 'NONE', *, *, #1765, .F. ) ;
#2234 = CARTESIAN_POINT ( 'NONE',  ( 3.600000000000000089, -0.1999999999999999833, 0.8171572875253793056 ) ) ;
#2235 = EDGE_CURVE ( 'NONE', #2384, #2916, #947, .T. ) ;
#2236 = CIRCLE ( 'NONE', #163, 0.1999999999999999556 ) ;
#2237 = CARTESIAN_POINT ( 'NONE',  ( -3.349999999999999645, -0.5128719982745935102, 0.9320946832948246996 ) ) ;
#2238 = VECTOR ( 'NONE', #948, 1000.000000000000000 ) ;
#2239 = DIRECTION ( 'NONE',  ( 0.000000000000000000, -0.7071067811865485719, -0.7071067811865465735 ) ) ;
#2240 = FACE_OUTER_BOUND ( 'NONE', #898, .T. ) ;
#2241 = CARTESIAN_POINT ( 'NONE',  ( -3.659297122656171020, -0.07631033142296918259, 1.166853075042227239 ) ) ;
#2242 = CARTESIAN_POINT ( 'NONE',  ( 3.315685424949237792, -0.3499999999999999778, -0.7863961030678897624 ) ) ;
#2243 = CARTESIAN_POINT ( 'NONE',  ( 3.799999999999999822, -0.4343145750507612091, 0.3000000000000004330 ) ) ;
#2244 = ORIENTED_EDGE ( 'NONE', *, *, #2857, .T. ) ;
#2245 = DIRECTION ( 'NONE',  ( -1.000000000000000000, -0.000000000000000000, -0.000000000000000000 ) ) ;
#2246 = LINE ( 'NONE', #1101, #1873 ) ;
#2247 = EDGE_LOOP ( 'NONE', ( #2611, #340, #1404, #2454 ) ) ;
#2248 = AXIS2_PLACEMENT_3D ( 'NONE', #2675, #2140, #3256 ) ;
#2249 = LINE ( 'NONE', #3319, #1523 ) ;
#2250 = ORIENTED_EDGE ( 'NONE', *, *, #1425, .F. ) ;
#2251 = DIRECTION ( 'NONE',  ( 0.000000000000000000, -0.7071067811865464625, 0.7071067811865486830 ) ) ;
#2252 = FACE_OUTER_BOUND ( 'NONE', #3277, .T. ) ;
#2253 = CARTESIAN_POINT ( 'NONE',  ( -3.445602642536202520, -0.4238200794005845817, 1.199250439916854427 ) ) ;
#2254 = CARTESIAN_POINT ( 'NONE',  ( 4.394910574748205789, -0.1633919657439263651, 0.9269813903364730878 ) ) ;
#2255 = ORIENTED_EDGE ( 'NONE', *, *, #191, .T. ) ;
#2256 = DIRECTION ( 'NONE',  ( 0.000000000000000000, 0.000000000000000000, -1.000000000000000000 ) ) ;
#2257 = EDGE_CURVE ( 'NONE', #501, #982, #2034, .T. ) ;
#2258 = DIRECTION ( 'NONE',  ( 1.000000000000000000, -1.761828530288947861E-15, 0.000000000000000000 ) ) ;
#2259 = DIRECTION ( 'NONE',  ( 0.000000000000000000, 1.000000000000000000, 0.000000000000000000 ) ) ;
#2260 = DIRECTION ( 'NONE',  ( 0.000000000000000000, 0.7071067811865465735, -0.7071067811865485719 ) ) ;
#2261 = EDGE_LOOP ( 'NONE', ( #39, #3166, #1528 ) ) ;
#2262 = CARTESIAN_POINT ( 'NONE',  ( 4.385105560996770180, -0.1464466094067267410, 0.9778174593051989216 ) ) ;
#2263 = EDGE_LOOP ( 'NONE', ( #2745, #2677, #1921, #1318 ) ) ;
#2264 = AXIS2_PLACEMENT_3D ( 'NONE', #3175, #1300, #1325 ) ;
#2265 = EDGE_LOOP ( 'NONE', ( #461, #2710, #838, #510 ) ) ;
#2266 = CARTESIAN_POINT ( 'NONE',  ( 3.600000000000000089, -0.5757359312880704350, 0.1585786437626908185 ) ) ;
#2267 = CARTESIAN_POINT ( 'NONE',  ( -4.200000000000000178, -0.8000000000000000444, 1.631370849898473807 ) ) ;
#2268 = CIRCLE ( 'NONE', #3084, 0.1999999999999996503 ) ;
#2269 = EDGE_CURVE ( 'NONE', #772, #3518, #1174, .T. ) ;
#2270 = LINE ( 'NONE', #330, #1511 ) ;
#2271 = CARTESIAN_POINT ( 'NONE',  ( 4.426393330307960561, 8.809142651444682851E-17, 0.9299067456550222932 ) ) ;
#2272 = PRODUCT_DEFINITION ( 'UNKNOWN', '', #3143, #156 ) ;
#2273 = DIRECTION ( 'NONE',  ( -8.881784197001254296E-16, 0.000000000000000000, 1.000000000000000000 ) ) ;
#2274 = LINE ( 'NONE', #591, #846 ) ;
#2275 = DIRECTION ( 'NONE',  ( 0.000000000000000000, 0.000000000000000000, 1.000000000000000000 ) ) ;
#2276 = AXIS2_PLACEMENT_3D ( 'NONE', #2599, #1452, #3400 ) ;
#2277 = EDGE_CURVE ( 'NONE', #2144, #2144, #3045, .T. ) ;
#2278 =( BOUNDED_CURVE ( )  B_SPLINE_CURVE ( 3, ( #2102, #2638, #3439, #750 ),
 .UNSPECIFIED., .F., .F. ) 
 B_SPLINE_CURVE_WITH_KNOTS ( ( 4, 4 ),
 ( 4.324019685411307101, 4.712388980384689674 ),
 .UNSPECIFIED. ) 
 CURVE ( )  GEOMETRIC_REPRESENTATION_ITEM ( )  RATIONAL_B_SPLINE_CURVE ( ( 1.000000000000000000, 0.9874702209755056304, 0.9874702209755056304, 1.000000000000000000 ) ) 
 REPRESENTATION_ITEM ( '' )  );
#2279 = DIRECTION ( 'NONE',  ( -0.000000000000000000, -1.000000000000000000, -0.000000000000000000 ) ) ;
#2280 = DIRECTION ( 'NONE',  ( 0.000000000000000000, 0.7071067811865464625, 0.7071067811865485719 ) ) ;
#2281 = DIRECTION ( 'NONE',  ( -1.000000000000000000, -0.000000000000000000, 0.000000000000000000 ) ) ;
#2282 = ORIENTED_EDGE ( 'NONE', *, *, #2423, .F. ) ;
#2283 = EDGE_CURVE ( 'NONE', #157, #2883, #1202, .T. ) ;
#2284 = EDGE_CURVE ( 'NONE', #3241, #3478, #3386, .T. ) ;
#2285 = DIRECTION ( 'NONE',  ( 0.000000000000000000, 1.000000000000000000, 0.000000000000000000 ) ) ;
#2286 = EDGE_CURVE ( 'NONE', #2196, #1049, #2236, .T. ) ;
#2287 = ORIENTED_EDGE ( 'NONE', *, *, #2215, .F. ) ;
#2288 = VERTEX_POINT ( 'NONE', #1731 ) ;
#2289 = CARTESIAN_POINT ( 'NONE',  ( 4.400000000000000355, -0.4343145750507612091, 0.3000000000000004330 ) ) ;
#2290 = AXIS2_PLACEMENT_3D ( 'NONE', #697, #1729, #1796 ) ;
#2291 = CARTESIAN_POINT ( 'NONE',  ( 4.200000000000000178, 0.000000000000000000, 1.631370849898473807 ) ) ;
#2292 = CARTESIAN_POINT ( 'NONE',  ( 3.349999999999999645, -0.3500000000000000333, -0.2207106781186527755 ) ) ;
#2293 = CARTESIAN_POINT ( 'NONE',  ( -4.400000000000000355, -0.4343145750507612091, 0.3000000000000004330 ) ) ;
#2294 = AXIS2_PLACEMENT_3D ( 'NONE', #1118, #1666, #1387 ) ;
#2295 = DIRECTION ( 'NONE',  ( -2.874925156281321763E-16, 0.7071067811865483499, -0.7071067811865466846 ) ) ;
#2296 = DIRECTION ( 'NONE',  ( 1.000000000000000000, 0.000000000000000000, 0.000000000000000000 ) ) ;
#2297 = AXIS2_PLACEMENT_3D ( 'NONE', #3196, #3229, #1347 ) ;
#2298 = LINE ( 'NONE', #945, #2808 ) ;
#2299 = ORIENTED_EDGE ( 'NONE', *, *, #1628, .F. ) ;
#2300 = CARTESIAN_POINT ( 'NONE',  ( -3.149999999999999467, -0.3499999999999999778, 0.8207106781186536137 ) ) ;
#2301 = CARTESIAN_POINT ( 'NONE',  ( 3.315764363091249223, -0.3499999999999704459, 0.9234176966986004098 ) ) ;
#2302 = CARTESIAN_POINT ( 'NONE',  ( -4.394910574748204901, -0.1633919657439284745, 0.9269813903364745311 ) ) ;
#2303 = CARTESIAN_POINT ( 'NONE',  ( 3.349999999999999645, -0.4343145750507612091, 0.3000000000000004330 ) ) ;
#2304 = ORIENTED_EDGE ( 'NONE', *, *, #317, .F. ) ;
#2305 = DIRECTION ( 'NONE',  ( 0.000000000000000000, 1.000000000000000000, 0.000000000000000000 ) ) ;
#2306 =( BOUNDED_CURVE ( )  B_SPLINE_CURVE ( 3, ( #104, #1506, #1205, #949 ),
 .UNSPECIFIED., .F., .F. ) 
 B_SPLINE_CURVE_WITH_KNOTS ( ( 4, 4 ),
 ( 4.712388980384689674, 5.100758275358073135 ),
 .UNSPECIFIED. ) 
 CURVE ( )  GEOMETRIC_REPRESENTATION_ITEM ( )  RATIONAL_B_SPLINE_CURVE ( ( 1.000000000000000000, 0.9874702209755055193, 0.9874702209755055193, 1.000000000000000000 ) ) 
 REPRESENTATION_ITEM ( '' )  );
#2307 = ORIENTED_EDGE ( 'NONE', *, *, #2327, .F. ) ;
#2308 = ORIENTED_EDGE ( 'NONE', *, *, #125, .T. ) ;
#2309 = AXIS2_PLACEMENT_3D ( 'NONE', #217, #539, #795 ) ;
#2310 = DIRECTION ( 'NONE',  ( 0.000000000000000000, -0.7071067811865486830, -0.7071067811865464625 ) ) ;
#2311 = CARTESIAN_POINT ( 'NONE',  ( 3.549999999999999822, -0.5500000000000001554, 1.386396103067890850 ) ) ;
#2312 = FACE_OUTER_BOUND ( 'NONE', #476, .T. ) ;
#2313 = CARTESIAN_POINT ( 'NONE',  ( 4.684235636908735678, -0.3500000000000037526, 0.9234176966986337165 ) ) ;
#2314 = CIRCLE ( 'NONE', #760, 0.1999999999999999556 ) ;
#2315 = FACE_OUTER_BOUND ( 'NONE', #3425, .T. ) ;
#2316 = VECTOR ( 'NONE', #2941, 1000.000000000000000 ) ;
#2317 = CARTESIAN_POINT ( 'NONE',  ( 4.599999999999999645, -0.2000000000000000111, 0.8171572875253797497 ) ) ;
#2318 = LINE ( 'NONE', #1240, #300 ) ;
#2319 = EDGE_CURVE ( 'NONE', #879, #425, #687, .T. ) ;
#2320 = LINE ( 'NONE', #660, #1809 ) ;
#2321 = ORIENTED_EDGE ( 'NONE', *, *, #2373, .F. ) ;
#2322 = DIRECTION ( 'NONE',  ( 1.000000000000000000, -0.000000000000000000, -2.478176394252581141E-16 ) ) ;
#2323 = VERTEX_POINT ( 'NONE', #369 ) ;
#2324 = EDGE_LOOP ( 'NONE', ( #1738, #2037, #2635, #410 ) ) ;
#2325 = FACE_OUTER_BOUND ( 'NONE', #3578, .T. ) ;
#2326 = CARTESIAN_POINT ( 'NONE',  ( 3.400856014933686833, -0.3500000000000169642, -0.6432364009987366904 ) ) ;
#2327 = EDGE_CURVE ( 'NONE', #3198, #1283, #2632, .T. ) ;
#2328 = VECTOR ( 'NONE', #1656, 1000.000000000000000 ) ;
#2329 = EDGE_CURVE ( 'NONE', #1928, #1419, #696, .T. ) ;
#2330 = CARTESIAN_POINT ( 'NONE',  ( -3.496067791573814976, 0.000000000000000000, 1.260461769114375130 ) ) ;
#2331 = EDGE_CURVE ( 'NONE', #425, #3098, #3302, .T. ) ;
#2332 = ADVANCED_FACE ( 'NONE', ( #1255 ), #731, .T. ) ;
#2333 = AXIS2_PLACEMENT_3D ( 'NONE', #1480, #3097, #1443 ) ;
#2334 = LINE ( 'NONE', #2652, #1050 ) ;
#2335 = DIRECTION ( 'NONE',  ( -1.000000000000000000, 0.000000000000000000, 0.000000000000000000 ) ) ;
#2336 = DIRECTION ( 'NONE',  ( 0.000000000000000000, -0.000000000000000000, -1.000000000000000000 ) ) ;
#2337 = CARTESIAN_POINT ( 'NONE',  ( 4.570211121993538406, 0.000000000000000000, -0.4313708498984711315 ) ) ;
#2338 = CARTESIAN_POINT ( 'NONE',  ( -3.549999999999999822, -0.7525126265847069673, 0.6181980515339471349 ) ) ;
#2339 = CARTESIAN_POINT ( 'NONE',  ( -3.429788878006461150, -2.710505431213761085E-17, -0.4313708498984713535 ) ) ;
#2340 = ORIENTED_EDGE ( 'NONE', *, *, #2440, .T. ) ;
#2341 = ORIENTED_EDGE ( 'NONE', *, *, #1065, .F. ) ;
#2342 = VERTEX_POINT ( 'NONE', #488 ) ;
#2343 = EDGE_CURVE ( 'NONE', #2738, #2384, #2182, .T. ) ;
#2344 = CARTESIAN_POINT ( 'NONE',  ( -4.200000000000000178, 0.000000000000000000, 1.631370849898473807 ) ) ;
#2345 = DIRECTION ( 'NONE',  ( 0.000000000000000000, -0.7071067811865466846, 0.7071067811865483499 ) ) ;
#2346 = DIRECTION ( 'NONE',  ( 1.000000000000000000, 0.000000000000000000, -0.000000000000000000 ) ) ;
#2347 = EDGE_CURVE ( 'NONE', #1580, #342, #640, .T. ) ;
#2348 = DIRECTION ( 'NONE',  ( 0.000000000000000000, 0.7071067811865485719, 0.7071067811865465735 ) ) ;
#2349 = VECTOR ( 'NONE', #1191, 1000.000000000000000 ) ;
#2350 = CARTESIAN_POINT ( 'NONE',  ( -4.537298309585272804, 0.000000000000000000, -0.5451325635471486741 ) ) ;
#2351 = AXIS2_PLACEMENT_3D ( 'NONE', #2877, #2568, #3130 ) ;
#2352 = LINE ( 'NONE', #3487, #904 ) ;
#2353 = FACE_OUTER_BOUND ( 'NONE', #2134, .T. ) ;
#2354 = CIRCLE ( 'NONE', #800, 0.2000000000000000666 ) ;
#2355 = CARTESIAN_POINT ( 'NONE',  ( -4.658794714927521063, -0.3499999999999999778, -0.7254303605162762958 ) ) ;
#2356 = AXIS2_PLACEMENT_3D ( 'NONE', #1910, #2598, #2820 ) ;
#2357 = ORIENTED_EDGE ( 'NONE', *, *, #3447, .T. ) ;
#2358 = VERTEX_POINT ( 'NONE', #752 ) ;
#2359 = ORIENTED_EDGE ( 'NONE', *, *, #3341, .T. ) ;
#2360 = VERTEX_POINT ( 'NONE', #3213 ) ;
#2361 = CARTESIAN_POINT ( 'NONE',  ( 3.650185146621464316, -2.710505431213761085E-17, 1.447968758058989502 ) ) ;
#2362 = DIRECTION ( 'NONE',  ( 0.000000000000000000, 1.084202172485503842E-15, -1.000000000000000000 ) ) ;
#2363 = AXIS2_PLACEMENT_3D ( 'NONE', #423, #3215, #2931 ) ;
#2364 = CIRCLE ( 'NONE', #1446, 1.499999999999999556 ) ;
#2365 = AXIS2_PLACEMENT_3D ( 'NONE', #189, #998, #2930 ) ;
#2366 = CARTESIAN_POINT ( 'NONE',  ( -4.385105560996765739, -0.1464466094067268520, -0.3778174593051958352 ) ) ;
#2367 = DIRECTION ( 'NONE',  ( -1.000000000000000000, -0.000000000000000000, 0.000000000000000000 ) ) ;
#2368 = CARTESIAN_POINT ( 'NONE',  ( 0.000000000000000000, 0.000000000000000000, 1.631370849898473807 ) ) ;
#2369 = DIRECTION ( 'NONE',  ( 0.000000000000000000, 0.000000000000000000, 1.000000000000000000 ) ) ;
#2370 = ORIENTED_EDGE ( 'NONE', *, *, #3306, .T. ) ;
#2371 = CARTESIAN_POINT ( 'NONE',  ( 4.000000000000000000, -0.3499999999999999778, -4.499999999999999112 ) ) ;
#2372 = DIRECTION ( 'NONE',  ( -1.000000000000000000, 0.000000000000000000, 0.000000000000000000 ) ) ;
#2373 = EDGE_CURVE ( 'NONE', #3478, #682, #1612, .T. ) ;
#2374 = ORIENTED_EDGE ( 'NONE', *, *, #2963, .T. ) ;
#2375 = AXIS2_PLACEMENT_3D ( 'NONE', #2135, #798, #1825 ) ;
#2376 = FACE_OUTER_BOUND ( 'NONE', #2830, .T. ) ;
#2377 = CARTESIAN_POINT ( 'NONE',  ( -3.318423575790457214, -0.3499999999999964806, -0.4567130058152901184 ) ) ;
#2378 = VERTEX_POINT ( 'NONE', #1849 ) ;
#2379 = TOROIDAL_SURFACE ( 'NONE', #1459, 1.000000000000000000, 0.2000000000000000111 ) ;
#2380 = CARTESIAN_POINT ( 'NONE',  ( 3.762424878428539454, -2.710505431213761085E-17, 1.508649354924614050 ) ) ;
#2381 = CARTESIAN_POINT ( 'NONE',  ( -4.237608282276284832, -2.710505431213761085E-17, -0.9085410510495057768 ) ) ;
#2382 = DIRECTION ( 'NONE',  ( 0.000000000000000000, 1.000000000000000000, 0.000000000000000000 ) ) ;
#2383 = CYLINDRICAL_SURFACE ( 'NONE', #2221, 0.5000000000000004441 ) ;
#2384 = VERTEX_POINT ( 'NONE', #3473 ) ;
#2385 = AXIS2_PLACEMENT_3D ( 'NONE', #160, #923, #1501 ) ;
#2386 = FACE_OUTER_BOUND ( 'NONE', #1311, .T. ) ;
#2387 = DIRECTION ( 'NONE',  ( 0.000000000000000000, 0.7071067811865464625, 0.7071067811865485719 ) ) ;
#2388 =( GEOMETRIC_REPRESENTATION_CONTEXT ( 3 ) GLOBAL_UNCERTAINTY_ASSIGNED_CONTEXT ( ( #2900 ) ) GLOBAL_UNIT_ASSIGNED_CONTEXT ( ( #2949, #3460, #719 ) ) REPRESENTATION_CONTEXT ( 'NONE', 'WORKASPACE' ) );
#2389 = ORIENTED_EDGE ( 'NONE', *, *, #2396, .T. ) ;
#2390 = CARTESIAN_POINT ( 'NONE',  ( 4.400000000000000355, -0.5500000000000000444, -0.7863961030678897624 ) ) ;
#2391 = ADVANCED_FACE ( 'NONE', ( #2353 ), #1273, .T. ) ;
#2392 = CARTESIAN_POINT ( 'NONE',  ( 3.149999999999999467, -0.3499999999999999778, 0.8207106781186536137 ) ) ;
#2393 = ORIENTED_EDGE ( 'NONE', *, *, #245, .T. ) ;
#2394 = ORIENTED_EDGE ( 'NONE', *, *, #3251, .T. ) ;
#2395 = DIRECTION ( 'NONE',  ( 0.000000000000000000, 0.7071067811865485719, 0.7071067811865465735 ) ) ;
#2396 = EDGE_CURVE ( 'NONE', #1812, #2118, #559, .T. ) ;
#2397 = CARTESIAN_POINT ( 'NONE',  ( 3.799999999999999822, -2.710505431213761085E-17, 1.631370849898473807 ) ) ;
#2398 = CARTESIAN_POINT ( 'NONE',  ( 4.600000000000000533, 0.000000000000000000, 0.8171572875253797497 ) ) ;
#2399 =( BOUNDED_SURFACE ( )  B_SPLINE_SURFACE ( 3, 2, ( 
 ( #333, #2547, #2801 ),
 ( #620, #1713, #2381 ),
 ( #745, #2891, #2601 ),
 ( #726, #1549, #1808 ),
 ( #2350, #976, #435 ),
 ( #131, #1237, #2366 ) ),
 .UNSPECIFIED., .F., .F., .F. ) 
 B_SPLINE_SURFACE_WITH_KNOTS ( ( 4, 2, 4 ),
 ( 3, 3 ),
 ( -0.0003989844109213102849, -4.586235773285264735E-05, 0.0003072596954556049901 ),
 ( 0.000000000000000000, 1.000000000000000000 ),
 .UNSPECIFIED. ) 
 GEOMETRIC_REPRESENTATION_ITEM ( )  RATIONAL_B_SPLINE_SURFACE ( (
 ( 1.000000000000000000, 1.000000000000000000, 1.000000000000000000),
 ( 1.000000000000000000, 1.000404339199759685, 1.000000000000000000),
 ( 1.000000000000000000, 0.9768286432007712294, 1.000000000000000000),
 ( 1.000000000000000000, 0.9003806316999373172, 1.000000000000000000),
 ( 1.000000000000000000, 0.8485292421051310319, 1.000000000000000000),
 ( 1.000000000000000000, 0.7961679951387035103, 1.000000000000000000) ) ) 
 REPRESENTATION_ITEM ( '' )  SURFACE ( )  );
#2400 = ORIENTED_EDGE ( 'NONE', *, *, #1522, .F. ) ;
#2401 = CARTESIAN_POINT ( 'NONE',  ( -3.614894439003230708, -0.1464466094067266855, -0.3778174593051980001 ) ) ;
#2402 = AXIS2_PLACEMENT_3D ( 'NONE', #2170, #536, #267 ) ;
#2403 = DIRECTION ( 'NONE',  ( 0.000000000000000000, 0.000000000000000000, 1.000000000000000000 ) ) ;
#2404 = CARTESIAN_POINT ( 'NONE',  ( -4.417531505494764588, -2.723810659935258441E-15, -0.2697518592398056025 ) ) ;
#2405 = ORIENTED_EDGE ( 'NONE', *, *, #1054, .F. ) ;
#2406 = CARTESIAN_POINT ( 'NONE',  ( -4.450000000000001066, -0.3499999999999999778, 1.386396103067890850 ) ) ;
#2407 = LINE ( 'NONE', #823, #1559 ) ;
#2408 = ORIENTED_EDGE ( 'NONE', *, *, #414, .F. ) ;
#2409 = VECTOR ( 'NONE', #99, 1000.000000000000000 ) ;
#2410 = SURFACE_STYLE_FILL_AREA ( #1312 ) ;
#2411 = CARTESIAN_POINT ( 'NONE',  ( 3.799999999999999822, -0.8000000000000000444, 1.631370849898473807 ) ) ;
#2412 = ORIENTED_EDGE ( 'NONE', *, *, #621, .T. ) ;
#2413 = ORIENTED_EDGE ( 'NONE', *, *, #305, .F. ) ;
#2414 = CARTESIAN_POINT ( 'NONE',  ( 3.731660231157673646, -0.01509821264205224618, 1.409103971625232932 ) ) ;
#2415 = ORIENTED_EDGE ( 'NONE', *, *, #517, .T. ) ;
#2416 = DIRECTION ( 'NONE',  ( -0.2779153920969865132, 8.777153746157979536E-16, -0.9606055563214166426 ) ) ;
#2417 = CARTESIAN_POINT ( 'NONE',  ( 3.349999999999999645, -0.6853553390593261074, 0.6853553390593278838 ) ) ;
#2418 = EDGE_CURVE ( 'NONE', #1226, #2810, #1724, .T. ) ;
#2420 =( BOUNDED_CURVE ( )  B_SPLINE_CURVE ( 3, ( #3123, #2012, #653, #644 ),
 .UNSPECIFIED., .F., .F. ) 
 B_SPLINE_CURVE_WITH_KNOTS ( ( 4, 4 ),
 ( 4.712388980384689674, 6.283185307179586232 ),
 .UNSPECIFIED. ) 
 CURVE ( )  GEOMETRIC_REPRESENTATION_ITEM ( )  RATIONAL_B_SPLINE_CURVE ( ( 1.000000000000000000, 0.8047378541243649375, 0.8047378541243649375, 1.000000000000000000 ) ) 
 REPRESENTATION_ITEM ( '' )  );
#2419 = AXIS2_PLACEMENT_3D ( 'NONE', #669, #3140, #3448 ) ;
#2421 = EDGE_LOOP ( 'NONE', ( #2451, #1080, #1114, #2829 ) ) ;
#2422 = CARTESIAN_POINT ( 'NONE',  ( 4.423608362408455008, 2.250795902965705770E-15, 1.084045729742852737 ) ) ;
#2423 = EDGE_CURVE ( 'NONE', #1634, #192, #866, .T. ) ;
#2424 = CARTESIAN_POINT ( 'NONE',  ( 4.313922081999203684, 3.871288860399914661E-15, -0.8129495455427216966 ) ) ;
#2425 = VECTOR ( 'NONE', #529, 1000.000000000000000 ) ;
#2426 = ORIENTED_EDGE ( 'NONE', *, *, #2011, .T. ) ;
#2427 = DIRECTION ( 'NONE',  ( 1.000000000000000000, -9.486769009248159853E-16, 0.000000000000000000 ) ) ;
#2428 = CARTESIAN_POINT ( 'NONE',  ( 4.570211121993538406, -0.2000000000000000111, 1.031370849898472164 ) ) ;
#2429 = VERTEX_POINT ( 'NONE', #2371 ) ;
#2430 = CARTESIAN_POINT ( 'NONE',  ( -4.503932208426185468, 0.000000000000000000, -0.6604617691143737090 ) ) ;
#2431 = FACE_OUTER_BOUND ( 'NONE', #3514, .T. ) ;
#2432 = ADVANCED_FACE ( 'NONE', ( #2386 ), #1017, .F. ) ;
#2433 = ORIENTED_EDGE ( 'NONE', *, *, #744, .T. ) ;
#2434 = ORIENTED_EDGE ( 'NONE', *, *, #2396, .F. ) ;
#2435 = ORIENTED_EDGE ( 'NONE', *, *, #1071, .T. ) ;
#2436 = CARTESIAN_POINT ( 'NONE',  ( 4.850000000000000533, -0.3499999999999999778, 0.8207106781186535027 ) ) ;
#2437 = AXIS2_PLACEMENT_3D ( 'NONE', #2216, #1182, #93 ) ;
#2438 = CARTESIAN_POINT ( 'NONE',  ( -5.000000000000000000, -0.3499999999999999778, 4.500000000000000888 ) ) ;
#2439 = B_SPLINE_CURVE_WITH_KNOTS ( 'NONE', 3,
 ( #2172, #2791, #1405, #3303, #1160, #3360 ),
 .UNSPECIFIED., .F., .F.,
 ( 4, 2, 4 ),
 ( -5.736216187291314729E-06, 0.0003452807999648867601, 0.0006962978161170648968 ),
 .UNSPECIFIED. ) ;
#2440 = EDGE_CURVE ( 'NONE', #2916, #2058, #813, .T. ) ;
#2441 = EDGE_CURVE ( 'NONE', #3138, #1001, #2064, .T. ) ;
#2442 = ORIENTED_EDGE ( 'NONE', *, *, #1790, .F. ) ;
#2443 = CARTESIAN_POINT ( 'NONE',  ( 4.481405719810958033, -2.710505431213761085E-17, 1.250164380398773645 ) ) ;
#2444 = LINE ( 'NONE', #1305, #2053 ) ;
#2445 = ADVANCED_FACE ( 'NONE', ( #2910 ), #2944, .F. ) ;
#2446 = ORIENTED_EDGE ( 'NONE', *, *, #2483, .F. ) ;
#2447 = VECTOR ( 'NONE', #2553, 1000.000000000000000 ) ;
#2448 = LINE ( 'NONE', #3552, #2425 ) ;
#2449 = DIRECTION ( 'NONE',  ( -1.000000000000000000, 0.000000000000000000, 0.000000000000000000 ) ) ;
#2450 = ORIENTED_EDGE ( 'NONE', *, *, #2523, .T. ) ;
#2451 = ORIENTED_EDGE ( 'NONE', *, *, #2441, .T. ) ;
#2452 = CARTESIAN_POINT ( 'NONE',  ( 3.799999999999999822, 0.000000000000000000, -1.031370849898473052 ) ) ;
#2453 = AXIS2_PLACEMENT_3D ( 'NONE', #1690, #862, #1670 ) ;
#2454 = ORIENTED_EDGE ( 'NONE', *, *, #1426, .T. ) ;
#2455 = DIRECTION ( 'NONE',  ( 0.000000000000000000, -0.000000000000000000, 1.000000000000000000 ) ) ;
#2456 = CARTESIAN_POINT ( 'NONE',  ( 4.234206285775965917, -1.075731843012961431E-16, -0.9196535883379851617 ) ) ;
#2457 = ORIENTED_EDGE ( 'NONE', *, *, #41, .T. ) ;
#2458 = CARTESIAN_POINT ( 'NONE',  ( -3.429788878006462038, 0.000000000000000000, -0.4313708498984712980 ) ) ;
#2459 = CARTESIAN_POINT ( 'NONE',  ( 4.385105560996770180, -0.1464466094067266300, -0.3778174593051976671 ) ) ;
#2460 = ORIENTED_EDGE ( 'NONE', *, *, #2796, .T. ) ;
#2461 = DIRECTION ( 'NONE',  ( 1.000000000000000000, 0.000000000000000000, -0.000000000000000000 ) ) ;
#2462 = CARTESIAN_POINT ( 'NONE',  ( 3.410055620707573620, 0.000000000000000000, -0.3631634848345866029 ) ) ;
#2463 = DIRECTION ( 'NONE',  ( 0.000000000000000000, -0.7071067811865485719, -0.7071067811865465735 ) ) ;
#2464 = EDGE_LOOP ( 'NONE', ( #2073, #626, #2884, #3334 ) ) ;
#2465 = ORIENTED_EDGE ( 'NONE', *, *, #1893, .F. ) ;
#2466 = AXIS2_PLACEMENT_3D ( 'NONE', #3422, #1779, #2258 ) ;
#2467 = DIRECTION ( 'NONE',  ( 0.000000000000000000, 1.000000000000000000, 0.000000000000000000 ) ) ;
#2468 = ORIENTED_EDGE ( 'NONE', *, *, #3364, .F. ) ;
#2469 = DIRECTION ( 'NONE',  ( 0.000000000000000000, 0.000000000000000000, -1.000000000000000000 ) ) ;
#2470 = CARTESIAN_POINT ( 'NONE',  ( 4.400000000000000355, -0.5500000000000000444, 1.386396103067890850 ) ) ;
#2471 = VECTOR ( 'NONE', #452, 1000.000000000000000 ) ;
#2472 = EDGE_CURVE ( 'NONE', #1348, #879, #3002, .T. ) ;
#2473 = CARTESIAN_POINT ( 'NONE',  ( 5.000000000000000000, -0.3499999999999999778, 3.500000000000000888 ) ) ;
#2474 = CARTESIAN_POINT ( 'NONE',  ( 3.582468494505209655, 1.542517515886029597E-14, -0.2697518592398845949 ) ) ;
#2475 = ORIENTED_EDGE ( 'NONE', *, *, #2329, .F. ) ;
#2476 = CARTESIAN_POINT ( 'NONE',  ( 4.200000000000000178, -2.710505431213761085E-17, 1.631370849898473807 ) ) ;
#2477 = VERTEX_POINT ( 'NONE', #508 ) ;
#2478 = CYLINDRICAL_SURFACE ( 'NONE', #3116, 0.2000000000000000389 ) ;
#2479 = CARTESIAN_POINT ( 'NONE',  ( 3.349999999999999645, -0.4671572875253809931, -0.4692388155425090135 ) ) ;
#2480 = AXIS2_PLACEMENT_3D ( 'NONE', #2648, #725, #146 ) ;
#2481 = CARTESIAN_POINT ( 'NONE',  ( -1.499999999999999556, 0.000000000000000000, 5.000000000000000888 ) ) ;
#2482 = EDGE_LOOP ( 'NONE', ( #642, #793, #3204, #2661 ) ) ;
#2483 = EDGE_CURVE ( 'NONE', #168, #2477, #2651, .T. ) ;
#2484 = CARTESIAN_POINT ( 'NONE',  ( 4.450000000000001066, -0.4343145750507612091, 0.3000000000000004330 ) ) ;
#2485 = VERTEX_POINT ( 'NONE', #1074 ) ;
#2486 = CIRCLE ( 'NONE', #1398, 0.1999999999999996503 ) ;
#2487 = FILL_AREA_STYLE_COLOUR ( '', #80 ) ;
#2488 = CARTESIAN_POINT ( 'NONE',  ( 3.349999999999999645, -0.5500000000000000444, 0.8207106781186536137 ) ) ;
#2489 = VECTOR ( 'NONE', #318, 1000.000000000000000 ) ;
#2490 = LINE ( 'NONE', #2544, #2195 ) ;
#2491 = EDGE_CURVE ( 'NONE', #870, #2226, #7, .T. ) ;
#2492 = CARTESIAN_POINT ( 'NONE',  ( -3.799999999999999822, 0.000000000000000000, 1.631370849898473807 ) ) ;
#2493 = CARTESIAN_POINT ( 'NONE',  ( -4.237575121571437897, -2.710505431213761085E-17, 1.508649354924596953 ) ) ;
#2494 = VERTEX_POINT ( 'NONE', #1904 ) ;
#2495 = CARTESIAN_POINT ( 'NONE',  ( -4.200000000000000178, 0.000000000000000000, -1.031370849898473052 ) ) ;
#2496 = DIRECTION ( 'NONE',  ( 1.000000000000000000, 0.000000000000000000, -0.000000000000000000 ) ) ;
#2497 = DIRECTION ( 'NONE',  ( 0.000000000000000000, 0.7071067811865465735, 0.7071067811865485719 ) ) ;
#2498 = ORIENTED_EDGE ( 'NONE', *, *, #2235, .F. ) ;
#2499 = DIRECTION ( 'NONE',  ( 0.000000000000000000, 0.000000000000000000, 1.000000000000000000 ) ) ;
#2500 = ORIENTED_EDGE ( 'NONE', *, *, #1168, .F. ) ;
#2501 = CARTESIAN_POINT ( 'NONE',  ( -4.400000000000000355, -0.7171572875253797719, 0.5828427124746197174 ) ) ;
#2502 = VERTEX_POINT ( 'NONE', #277 ) ;
#2503 = VECTOR ( 'NONE', #2322, 1000.000000000000000 ) ;
#2504 = CARTESIAN_POINT ( 'NONE',  ( 3.462883231563107955, 0.000000000000000000, 1.145760411662240408 ) ) ;
#2505 = CYLINDRICAL_SURFACE ( 'NONE', #1774, 0.1999999999999999556 ) ;
#2506 = CARTESIAN_POINT ( 'NONE',  ( 3.799999999999999822, 0.000000000000000000, 1.631370849898473807 ) ) ;
#2507 = FACE_OUTER_BOUND ( 'NONE', #1372, .T. ) ;
#2508 = CARTESIAN_POINT ( 'NONE',  ( -4.274881610269135379, 0.000000000000000000, 1.539658835386214841 ) ) ;
#2509 = CARTESIAN_POINT ( 'NONE',  ( -3.518594280189042411, -2.710505431213761085E-17, 1.250164380398761432 ) ) ;
#2510 = CARTESIAN_POINT ( 'NONE',  ( 1.499999999999999556, 0.000000000000000000, 4.500000000000001776 ) ) ;
#2511 =( BOUNDED_SURFACE ( )  B_SPLINE_SURFACE ( 3, 2, ( 
 ( #1802, #2071, #1578 ),
 ( #1021, #1542, #2642 ),
 ( #174, #2377, #3477 ),
 ( #736, #2664, #2519 ),
 ( #2, #2743, #3363 ),
 ( #329, #3014, #1672 ) ),
 .UNSPECIFIED., .F., .F., .F. ) 
 B_SPLINE_SURFACE_WITH_KNOTS ( ( 4, 2, 4 ),
 ( 3, 3 ),
 ( 4.712388980384689674, 5.497787143782137953, 6.283185307179586232 ),
 ( 0.000000000000000000, 1.000000000000000000 ),
 .UNSPECIFIED. ) 
 GEOMETRIC_REPRESENTATION_ITEM ( )  RATIONAL_B_SPLINE_SURFACE ( (
 ( 1.000000000000000000, 0.7071067811865475727, 1.000000000000000000),
 ( 1.000000000000000000, 0.7727933219847817892, 1.000000000000000000),
 ( 1.000000000000000000, 0.8282379279634493052, 1.000000000000000000),
 ( 1.000000000000000000, 0.9038128796054269998, 1.000000000000000000),
 ( 1.000000000000000000, 0.9240296925887264701, 1.000000000000000000),
 ( 1.000000000000000000, 0.9238795325112865164, 1.000000000000000000) ) ) 
 REPRESENTATION_ITEM ( '' )  SURFACE ( )  );
#2512 = CARTESIAN_POINT ( 'NONE',  ( -4.554397357463797036, -0.4238200794005809180, 1.199250439916858424 ) ) ;
#2513 = CARTESIAN_POINT ( 'NONE',  ( -3.799999999999999822, -0.5757359312880704350, 0.1585786437626908463 ) ) ;
#2514 = EDGE_LOOP ( 'NONE', ( #1692, #37, #260, #1083 ) ) ;
#2515 = DIRECTION ( 'NONE',  ( -1.000000000000000000, 0.000000000000000000, 0.000000000000000000 ) ) ;
#2516 = ORIENTED_EDGE ( 'NONE', *, *, #2257, .F. ) ;
#2517 = FACE_OUTER_BOUND ( 'NONE', #444, .T. ) ;
#2518 = VERTEX_POINT ( 'NONE', #261 ) ;
#2519 = CARTESIAN_POINT ( 'NONE',  ( -3.445602642536226945, -0.4238200794005997363, -0.5992504399168729901 ) ) ;
#2520 = FACE_OUTER_BOUND ( 'NONE', #2560, .T. ) ;
#2521 = VECTOR ( 'NONE', #3324, 1000.000000000000000 ) ;
#2522 = LINE ( 'NONE', #2564, #1565 ) ;
#2523 = EDGE_CURVE ( 'NONE', #192, #332, #2827, .T. ) ;
#2524 =( BOUNDED_SURFACE ( )  B_SPLINE_SURFACE ( 3, 2, ( 
 ( #2091, #2704, #3245 ),
 ( #2152, #2128, #3191 ),
 ( #2954, #1025, #1562 ),
 ( #2361, #1009, #3464 ),
 ( #1617, #2917, #2380 ),
 ( #3498, #2111, #2397 ) ),
 .UNSPECIFIED., .F., .F., .F. ) 
 B_SPLINE_SURFACE_WITH_KNOTS ( ( 4, 2, 4 ),
 ( 3, 3 ),
 ( -0.0003083098813833713356, 4.660019550901270077E-05, 0.0004015102724013967371 ),
 ( 0.000000000000000000, 1.000000000000000000 ),
 .UNSPECIFIED. ) 
 GEOMETRIC_REPRESENTATION_ITEM ( )  RATIONAL_B_SPLINE_SURFACE ( (
 ( 1.000000000000000000, 0.7961679951387045096, 1.000000000000000000),
 ( 1.000000000000000000, 0.8488014016771971981, 1.000000000000000000),
 ( 1.000000000000000000, 0.9006103750214634607, 1.000000000000000000),
 ( 1.000000000000000000, 0.9768852242761453253, 1.000000000000000000),
 ( 1.000000000000000000, 1.000398751092119065, 1.000000000000000000),
 ( 1.000000000000000000, 1.000000000000000000, 1.000000000000000000) ) ) 
 REPRESENTATION_ITEM ( '' )  SURFACE ( )  );
#2525 = CIRCLE ( 'NONE', #974, 1.000000000000000000 ) ;
#2526 = CARTESIAN_POINT ( 'NONE',  ( -4.340547558475407186, -0.07614218056550621505, 1.167390535556849906 ) ) ;
#2527 = ORIENTED_EDGE ( 'NONE', *, *, #521, .F. ) ;
#2528 = ADVANCED_FACE ( 'NONE', ( #1607 ), #2713, .F. ) ;
#2529 = APPLICATION_CONTEXT ( 'automotive_design' ) ;
#2530 = CARTESIAN_POINT ( 'NONE',  ( 3.549999999999999822, -0.4085786437626907630, 1.244974746830581180 ) ) ;
#2531 = ORIENTED_EDGE ( 'NONE', *, *, #1146, .T. ) ;
#2532 = DIRECTION ( 'NONE',  ( 1.000000000000000000, -0.000000000000000000, -0.000000000000000000 ) ) ;
#2533 = VECTOR ( 'NONE', #520, 1000.000000000000000 ) ;
#2534 = LINE ( 'NONE', #610, #466 ) ;
#2535 = CARTESIAN_POINT ( 'NONE',  ( 3.349999999999999645, -0.3499999999999999778, -0.7863961030678897624 ) ) ;
#2536 = ORIENTED_EDGE ( 'NONE', *, *, #1895, .F. ) ;
#2537 = AXIS2_PLACEMENT_3D ( 'NONE', #3180, #2966, #715 ) ;
#2538 = CARTESIAN_POINT ( 'NONE',  ( -4.400000000000000355, -0.1999999999999999278, 0.8171572875253795276 ) ) ;
#2539 = ADVANCED_FACE ( 'NONE', ( #3018 ), #3073, .T. ) ;
#2540 = ORIENTED_EDGE ( 'NONE', *, *, #421, .T. ) ;
#2541 = EDGE_LOOP ( 'NONE', ( #557, #2022, #3427 ) ) ;
#2542 = VECTOR ( 'NONE', #65, 1000.000000000000000 ) ;
#2543 = CARTESIAN_POINT ( 'NONE',  ( 3.575798016802556933, 1.355252715606880697E-17, 0.9891285509743953375 ) ) ;
#2544 = CARTESIAN_POINT ( 'NONE',  ( -4.450000000000001066, -0.8939339828220165263, 0.7596194077712566939 ) ) ;
#2545 = CARTESIAN_POINT ( 'NONE',  ( -3.799999999999999822, -0.8585786437626907741, 0.4414213562373104915 ) ) ;
#2546 = ADVANCED_FACE ( 'NONE', ( #2783 ), #2478, .F. ) ;
#2547 = CARTESIAN_POINT ( 'NONE',  ( -4.200000000000000178, -1.355252715606880543E-17, -1.031370849898473052 ) ) ;
#2548 = ADVANCED_FACE ( 'NONE', ( #3290 ), #2906, .T. ) ;
#2549 = EDGE_CURVE ( 'NONE', #1063, #1283, #1107, .T. ) ;
#2550 = ORIENTED_EDGE ( 'NONE', *, *, #1533, .F. ) ;
#2551 = CARTESIAN_POINT ( 'NONE',  ( 4.400000000000000355, -0.5085786437626894640, 0.5085786437626910184 ) ) ;
#2552 = DIRECTION ( 'NONE',  ( 0.000000000000000000, -0.7071067811865464625, 0.7071067811865486830 ) ) ;
#2553 = DIRECTION ( 'NONE',  ( -1.000000000000000000, 0.000000000000000000, 0.000000000000000000 ) ) ;
#2554 = CARTESIAN_POINT ( 'NONE',  ( -3.725182646679852994, 0.000000000000000000, -0.9397375347385015232 ) ) ;
#2555 = ORIENTED_EDGE ( 'NONE', *, *, #2331, .T. ) ;
#2556 = LINE ( 'NONE', #1227, #2503 ) ;
#2557 =( BOUNDED_SURFACE ( )  B_SPLINE_SURFACE ( 3, 2, ( 
 ( #3071, #3036, #588 ),
 ( #603, #1397, #1677 ),
 ( #331, #1413, #2526 ),
 ( #565, #1663, #2782 ),
 ( #2508, #294, #2493 ),
 ( #24, #314, #1447 ) ),
 .UNSPECIFIED., .F., .F., .F. ) 
 B_SPLINE_SURFACE_WITH_KNOTS ( ( 4, 2, 4 ),
 ( 3, 3 ),
 ( -0.0003083098813833713356, 4.660019550901223998E-05, 0.0004015102724013958155 ),
 ( 0.000000000000000000, 1.000000000000000000 ),
 .UNSPECIFIED. ) 
 GEOMETRIC_REPRESENTATION_ITEM ( )  RATIONAL_B_SPLINE_SURFACE ( (
 ( 1.000000000000000000, 0.7961679951387037324, 1.000000000000000000),
 ( 1.000000000000000000, 0.8488014016772092996, 1.000000000000000000),
 ( 1.000000000000000000, 0.9006103750214501380, 1.000000000000000000),
 ( 1.000000000000000000, 0.9768852242761584259, 1.000000000000000000),
 ( 1.000000000000000000, 1.000398751092109961, 1.000000000000000000),
 ( 1.000000000000000000, 1.000000000000000000, 1.000000000000000000) ) ) 
 REPRESENTATION_ITEM ( '' )  SURFACE ( )  );
#2558 = ORIENTED_EDGE ( 'NONE', *, *, #2048, .F. ) ;
#2559 = AXIS2_PLACEMENT_3D ( 'NONE', #412, #1483, #1754 ) ;
#2560 = EDGE_LOOP ( 'NONE', ( #2987, #427, #295, #1986 ) ) ;
#2561 = CARTESIAN_POINT ( 'NONE',  ( -3.399999999999999911, -0.2000000000000000111, -0.2171572875253783841 ) ) ;
#2562 = CYLINDRICAL_SURFACE ( 'NONE', #400, 0.2000000000000000389 ) ;
#2563 = CIRCLE ( 'NONE', #1914, 0.2000000000000000666 ) ;
#2564 = CARTESIAN_POINT ( 'NONE',  ( 3.600000000000000089, -0.09289321881345383169, -0.3242640687119243137 ) ) ;
#2565 = CARTESIAN_POINT ( 'NONE',  ( -4.200000000000000178, -0.5757359312880704350, 0.1585786437626908185 ) ) ;
#2566 = CARTESIAN_POINT ( 'NONE',  ( -3.149999999999999467, -0.5500000000000000444, 0.8207106781186536137 ) ) ;
#2567 = DIRECTION ( 'NONE',  ( 0.000000000000000000, 0.000000000000000000, 1.000000000000000000 ) ) ;
#2568 = DIRECTION ( 'NONE',  ( 1.000000000000000000, 0.000000000000000000, -0.000000000000000000 ) ) ;
#2569 = CIRCLE ( 'NONE', #381, 0.1999999999999999556 ) ;
#2570 = DIRECTION ( 'NONE',  ( -0.9606055563214166426, 0.000000000000000000, -0.2779153920969863467 ) ) ;
#2571 = CARTESIAN_POINT ( 'NONE',  ( 3.600000000000000089, -0.2000000000000000111, 0.000000000000000000 ) ) ;
#2572 = EDGE_LOOP ( 'NONE', ( #3227, #1654, #2643, #1705 ) ) ;
#2573 = CARTESIAN_POINT ( 'NONE',  ( -4.400000000000000355, -0.1815760896926603141, 0.8724290184473983967 ) ) ;
#2574 = VERTEX_POINT ( 'NONE', #1922 ) ;
#2575 = ORIENTED_EDGE ( 'NONE', *, *, #25, .F. ) ;
#2576 = CARTESIAN_POINT ( 'NONE',  ( -4.450000000000001066, -0.8939339828220161932, 0.7596194077712569159 ) ) ;
#2577 = CYLINDRICAL_SURFACE ( 'NONE', #2998, 0.1999999999999999556 ) ;
#2578 = EDGE_CURVE ( 'NONE', #982, #1946, #2448, .T. ) ;
#2579 = AXIS2_PLACEMENT_3D ( 'NONE', #2243, #55, #2771 ) ;
#2580 = DIRECTION ( 'NONE',  ( 0.000000000000000000, -0.7071067811865485719, -0.7071067811865465735 ) ) ;
#2581 = EDGE_CURVE ( 'NONE', #1193, #2156, #3172, .T. ) ;
#2582 = CARTESIAN_POINT ( 'NONE',  ( 4.850000000000001421, -0.3500000000000000333, -0.2207106781186526367 ) ) ;
#2583 = VECTOR ( 'NONE', #2961, 1000.000000000000000 ) ;
#2584 = FACE_OUTER_BOUND ( 'NONE', #3108, .T. ) ;
#2585 = CARTESIAN_POINT ( 'NONE',  ( -4.200000000000000178, -0.8000000000000000444, 1.631370849898473807 ) ) ;
#2586 = FACE_OUTER_BOUND ( 'NONE', #1465, .T. ) ;
#2587 = DIRECTION ( 'NONE',  ( 0.000000000000000000, -0.000000000000000000, 1.000000000000000000 ) ) ;
#2588 = ORIENTED_EDGE ( 'NONE', *, *, #1485, .T. ) ;
#2589 = DIRECTION ( 'NONE',  ( 0.000000000000000000, 0.7071067811865485719, -0.7071067811865465735 ) ) ;
#2590 = ORIENTED_EDGE ( 'NONE', *, *, #2054, .F. ) ;
#2591 = VERTEX_POINT ( 'NONE', #1365 ) ;
#2592 = DIRECTION ( 'NONE',  ( 1.000000000000000000, 0.000000000000000000, 0.000000000000000000 ) ) ;
#2593 = ADVANCED_FACE ( 'NONE', ( #568 ), #1664, .T. ) ;
#2594 = CIRCLE ( 'NONE', #518, 0.8000000000000000444 ) ;
#2595 = EDGE_CURVE ( 'NONE', #1019, #192, #29, .T. ) ;
#2596 = CARTESIAN_POINT ( 'NONE',  ( 3.399999999999999911, -0.2000000000000000111, 0.000000000000000000 ) ) ;
#2597 = CARTESIAN_POINT ( 'NONE',  ( -4.450000000000001066, -0.4085786437626907075, -0.6449747468305802034 ) ) ;
#2598 = DIRECTION ( 'NONE',  ( -0.000000000000000000, -1.000000000000000000, -0.000000000000000000 ) ) ;
#2599 = CARTESIAN_POINT ( 'NONE',  ( 4.450000000000001066, -0.4343145750507612091, 0.3000000000000004330 ) ) ;
#2600 = EDGE_CURVE ( 'NONE', #767, #3083, #2093, .T. ) ;
#2601 = CARTESIAN_POINT ( 'NONE',  ( -4.274998334959651203, -0.01890673622238569357, -0.7876010814420780770 ) ) ;
#2602 = DIRECTION ( 'NONE',  ( 1.000000000000000000, 0.000000000000000000, -1.239088197126291063E-16 ) ) ;
#2603 = CARTESIAN_POINT ( 'NONE',  ( 4.600000000000000533, 2.710505431213761085E-17, -0.2171572875253783286 ) ) ;
#2604 = ADVANCED_FACE ( 'NONE', ( #1548 ), #186, .T. ) ;
#2605 = CARTESIAN_POINT ( 'NONE',  ( -3.349999999999999645, -0.5500000000000000444, 0.8207106781186536137 ) ) ;
#2606 = CARTESIAN_POINT ( 'NONE',  ( 3.429788878006462038, 0.000000000000000000, 1.031370849898472608 ) ) ;
#2607 = CARTESIAN_POINT ( 'NONE',  ( -3.799999999999999822, -2.710505431213761085E-17, -1.031370849898473052 ) ) ;
#2608 = ORIENTED_EDGE ( 'NONE', *, *, #3457, .F. ) ;
#2609 = FACE_OUTER_BOUND ( 'NONE', #465, .T. ) ;
#2610 = ORIENTED_EDGE ( 'NONE', *, *, #2491, .F. ) ;
#2611 = ORIENTED_EDGE ( 'NONE', *, *, #572, .T. ) ;
#2612 = EDGE_CURVE ( 'NONE', #970, #1543, #3526, .T. ) ;
#2613 = CARTESIAN_POINT ( 'NONE',  ( -1.500000000000000000, -0.3499999999999999778, 10.00000000000000178 ) ) ;
#2614 = AXIS2_PLACEMENT_3D ( 'NONE', #3450, #2920, #1793 ) ;
#2615 = CARTESIAN_POINT ( 'NONE',  ( 4.684314575050762208, -0.3499999999999999778, -0.7863961030678897624 ) ) ;
#2616 = DIRECTION ( 'NONE',  ( 0.000000000000000000, -0.7071067811865485719, 0.7071067811865465735 ) ) ;
#2617 = CIRCLE ( 'NONE', #3255, 0.2000000000000000111 ) ;
#2618 = CARTESIAN_POINT ( 'NONE',  ( 4.650000000000001243, -0.5500000000000000444, 0.8207106781186536137 ) ) ;
#2619 = DIRECTION ( 'NONE',  ( -0.000000000000000000, 0.000000000000000000, -1.000000000000000000 ) ) ;
#2620 = CARTESIAN_POINT ( 'NONE',  ( 4.450000000000001066, -0.5500000000000000444, -0.7863961030678898734 ) ) ;
#2621 = CARTESIAN_POINT ( 'NONE',  ( -4.385105560996769292, -0.1464466094067268520, 0.9778174593051991437 ) ) ;
#2622 = VERTEX_POINT ( 'NONE', #1486 ) ;
#2623 = VERTEX_POINT ( 'NONE', #1525 ) ;
#2624 = AXIS2_PLACEMENT_3D ( 'NONE', #1254, #698, #2369 ) ;
#2625 = ORIENTED_EDGE ( 'NONE', *, *, #1431, .T. ) ;
#2626 = ORIENTED_EDGE ( 'NONE', *, *, #2164, .T. ) ;
#2627 = CYLINDRICAL_SURFACE ( 'NONE', #2559, 0.1999999999999999556 ) ;
#2628 = CARTESIAN_POINT ( 'NONE',  ( 3.475655974253943903, -0.3500000000000142997, -0.7035533899384390777 ) ) ;
#2629 = CARTESIAN_POINT ( 'NONE',  ( -4.650000000000000355, -0.2085786437626907797, 1.162132034355961796 ) ) ;
#2630 = ADVANCED_FACE ( 'NONE', ( #2076 ), #347, .F. ) ;
#2631 = CARTESIAN_POINT ( 'NONE',  ( 4.806890710021660240, -0.3500000000000000333, 1.115990995721020562 ) ) ;
#2632 = CIRCLE ( 'NONE', #2351, 0.3999999999999998002 ) ;
#2633 = CARTESIAN_POINT ( 'NONE',  ( 4.600000000000000533, 0.000000000000000000, 0.8171572875253797497 ) ) ;
#2634 = CARTESIAN_POINT ( 'NONE',  ( 4.400000000000002132, 2.710505431213761085E-17, -0.2171572875253784118 ) ) ;
#2635 = ORIENTED_EDGE ( 'NONE', *, *, #2846, .F. ) ;
#2636 = CARTESIAN_POINT ( 'NONE',  ( -4.000000000000000000, -0.3499999999999999778, 3.500000000000000444 ) ) ;
#2637 = AXIS2_PLACEMENT_3D ( 'NONE', #868, #2198, #1642 ) ;
#2638 = CARTESIAN_POINT ( 'NONE',  ( 4.394972189646215277, -0.1634984506726979980, 0.9266619355072854836 ) ) ;
#2639 =( BOUNDED_CURVE ( )  B_SPLINE_CURVE ( 3, ( #988, #3522, #756, #2075 ),
 .UNSPECIFIED., .F., .F. ) 
 B_SPLINE_CURVE_WITH_KNOTS ( ( 4, 4 ),
 ( 4.712388980384689674, 6.283185307179586232 ),
 .UNSPECIFIED. ) 
 CURVE ( )  GEOMETRIC_REPRESENTATION_ITEM ( )  RATIONAL_B_SPLINE_CURVE ( ( 1.000000000000000000, 0.8047378541243649375, 0.8047378541243649375, 1.000000000000000000 ) ) 
 REPRESENTATION_ITEM ( '' )  );
#2640 = EDGE_LOOP ( 'NONE', ( #1819, #2753, #1803, #662 ) ) ;
#2641 = DIRECTION ( 'NONE',  ( 1.000000000000000000, 0.000000000000000000, 0.000000000000000000 ) ) ;
#2642 = CARTESIAN_POINT ( 'NONE',  ( -3.349999999999999645, -0.5128719982746205996, -0.3320946832948433736 ) ) ;
#2643 = ORIENTED_EDGE ( 'NONE', *, *, #1698, .T. ) ;
#2644 = ORIENTED_EDGE ( 'NONE', *, *, #928, .T. ) ;
#2645 = FACE_OUTER_BOUND ( 'NONE', #3134, .T. ) ;
#2646 = EDGE_CURVE ( 'NONE', #2477, #1055, #3273, .T. ) ;
#2647 = DIRECTION ( 'NONE',  ( 0.9606055563214166426, 1.761828530288944705E-15, -0.2779153920969863467 ) ) ;
#2648 = CARTESIAN_POINT ( 'NONE',  ( 4.200000000000000178, -0.4343145750507612091, 0.3000000000000004330 ) ) ;
#2650 =( BOUNDED_CURVE ( )  B_SPLINE_CURVE ( 3, ( #9, #2734, #1367, #241 ),
 .UNSPECIFIED., .F., .T. ) 
 B_SPLINE_CURVE_WITH_KNOTS ( ( 4, 4 ),
 ( 1.182427031821513319, 1.570796326794896780 ),
 .UNSPECIFIED. ) 
 CURVE ( )  GEOMETRIC_REPRESENTATION_ITEM ( )  RATIONAL_B_SPLINE_CURVE ( ( 1.000000000000000000, 0.9874702209755055193, 0.9874702209755055193, 1.000000000000000000 ) ) 
 REPRESENTATION_ITEM ( '' )  );
#2649 = AXIS2_PLACEMENT_3D ( 'NONE', #3029, #561, #3304 ) ;
#2651 = CIRCLE ( 'NONE', #404, 0.1999999999999999833 ) ;
#2652 = CARTESIAN_POINT ( 'NONE',  ( -4.650000000000000355, -0.7525126265847069673, -0.01819805153394641120 ) ) ;
#2653 = CARTESIAN_POINT ( 'NONE',  ( 4.398166025458989381, -4.170904733853365359E-15, -0.5955245534975348587 ) ) ;
#2654 = EDGE_CURVE ( 'NONE', #3186, #70, #74, .T. ) ;
#2655 = CARTESIAN_POINT ( 'NONE',  ( 3.799999999999999822, 0.000000000000000000, -1.031370849898473052 ) ) ;
#2656 = ORIENTED_EDGE ( 'NONE', *, *, #1890, .F. ) ;
#2657 = CARTESIAN_POINT ( 'NONE',  ( -4.537116768436892933, 0.000000000000000000, 1.145760411662239964 ) ) ;
#2658 = ADVANCED_FACE ( 'NONE', ( #2062 ), #2577, .T. ) ;
#2659 = EDGE_CURVE ( 'NONE', #759, #1122, #3142, .T. ) ;
#2660 = CARTESIAN_POINT ( 'NONE',  ( 1.500000000000000222, 0.000000000000000000, 10.00000000000000000 ) ) ;
#2661 = ORIENTED_EDGE ( 'NONE', *, *, #2143, .T. ) ;
#2662 = CONICAL_SURFACE ( 'NONE', #1345, 1.050000000000000044, 0.7853981633974500554 ) ;
#2663 = DIRECTION ( 'NONE',  ( 0.000000000000000000, 0.000000000000000000, -1.000000000000000000 ) ) ;
#2664 = CARTESIAN_POINT ( 'NONE',  ( -3.400856014933706817, -0.3500000000000034195, -0.6432364009987313613 ) ) ;
#2665 = EDGE_LOOP ( 'NONE', ( #1119, #236, #3459, #337, #2516 ) ) ;
#2666 = ORIENTED_EDGE ( 'NONE', *, *, #3437, .T. ) ;
#2667 = DIRECTION ( 'NONE',  ( -1.000000000000000000, 0.000000000000000000, 0.000000000000000000 ) ) ;
#2668 = CARTESIAN_POINT ( 'NONE',  ( -3.549999999999999822, -0.3499999999999999778, 1.386396103067890850 ) ) ;
#2669 =( BOUNDED_SURFACE ( )  B_SPLINE_SURFACE ( 3, 2, ( 
 ( #440, #153, #965 ),
 ( #3181, #999, #3474 ),
 ( #2355, #3200, #3149 ),
 ( #2896, #1505, #1833 ),
 ( #207, #2069, #2055 ),
 ( #190, #1018, #1291 ) ),
 .UNSPECIFIED., .F., .F., .T. ) 
 B_SPLINE_SURFACE_WITH_KNOTS ( ( 4, 2, 4 ),
 ( 3, 3 ),
 ( 3.141592653589793116, 3.926990816987241395, 4.712388980384689674 ),
 ( 0.000000000000000000, 1.000000000000000000 ),
 .UNSPECIFIED. ) 
 GEOMETRIC_REPRESENTATION_ITEM ( )  RATIONAL_B_SPLINE_SURFACE ( (
 ( 1.000000000000000000, 0.9238795325112865164, 1.000000000000000000),
 ( 1.000000000000000000, 0.9240296925887090396, 1.000000000000000000),
 ( 1.000000000000000000, 0.9038128796054496483, 1.000000000000000000),
 ( 1.000000000000000000, 0.8282379279634271008, 1.000000000000000000),
 ( 1.000000000000000000, 0.7727933219847993307, 1.000000000000000000),
 ( 1.000000000000000000, 0.7071067811865471286, 1.000000000000000000) ) ) 
 REPRESENTATION_ITEM ( '' )  SURFACE ( )  );
#2670 = ORIENTED_EDGE ( 'NONE', *, *, #3392, .F. ) ;
#2671 = CARTESIAN_POINT ( 'NONE',  ( -3.600000000000000089, -0.5757359312880703239, 0.1585786437626908185 ) ) ;
#2672 = CARTESIAN_POINT ( 'NONE',  ( -3.573606669692057203, -3.388557461047913407E-16, 0.9299067456550178523 ) ) ;
#2673 = ORIENTED_EDGE ( 'NONE', *, *, #2347, .T. ) ;
#2674 = AXIS2_PLACEMENT_3D ( 'NONE', #463, #2667, #1320 ) ;
#2675 = CARTESIAN_POINT ( 'NONE',  ( -4.200000000000000178, -0.09289321881345331822, 0.9242640687119254572 ) ) ;
#2676 = DIRECTION ( 'NONE',  ( 0.000000000000000000, 0.000000000000000000, -1.000000000000000000 ) ) ;
#2677 = ORIENTED_EDGE ( 'NONE', *, *, #2578, .F. ) ;
#2678 = CARTESIAN_POINT ( 'NONE',  ( -4.450000000000001066, -0.3499999999999999778, -0.7863961030678897624 ) ) ;
#2679 = VERTEX_POINT ( 'NONE', #2597 ) ;
#2680 = ORIENTED_EDGE ( 'NONE', *, *, #566, .F. ) ;
#2681 = DIRECTION ( 'NONE',  ( 0.000000000000000000, 0.000000000000000000, 1.000000000000000000 ) ) ;
#2682 = ORIENTED_EDGE ( 'NONE', *, *, #1008, .T. ) ;
#2683 = DIRECTION ( 'NONE',  ( 0.000000000000000000, 1.000000000000000000, 0.000000000000000000 ) ) ;
#2684 = ADVANCED_FACE ( 'NONE', ( #126 ), #2117, .F. ) ;
#2685 = CARTESIAN_POINT ( 'NONE',  ( -3.549999999999999822, -0.4085786437626907630, 1.244974746830581180 ) ) ;
#2686 = CIRCLE ( 'NONE', #1366, 0.1999999999999999556 ) ;
#2687 = ORIENTED_EDGE ( 'NONE', *, *, #1222, .T. ) ;
#2688 = CARTESIAN_POINT ( 'NONE',  ( -3.575798016802557378, 6.776263578034402713E-18, -0.3891285509743928617 ) ) ;
#2689 = CARTESIAN_POINT ( 'NONE',  ( 4.481095082172448230, 0.000000000000000000, -0.6506842306947430155 ) ) ;
#2690 = EDGE_CURVE ( 'NONE', #1125, #1479, #2364, .T. ) ;
#2691 = ORIENTED_EDGE ( 'NONE', *, *, #2159, .T. ) ;
#2692 = CARTESIAN_POINT ( 'NONE',  ( -4.570211121993538406, 0.000000000000000000, 1.031370849898473052 ) ) ;
#2693 = LINE ( 'NONE', #1117, #816 ) ;
#2694 = ORIENTED_EDGE ( 'NONE', *, *, #1213, .T. ) ;
#2695 = AXIS2_PLACEMENT_3D ( 'NONE', #2585, #3404, #117 ) ;
#2696 = LINE ( 'NONE', #1281, #3314 ) ;
#2697 = ORIENTED_EDGE ( 'NONE', *, *, #1123, .F. ) ;
#2698 = EDGE_LOOP ( 'NONE', ( #2223, #782, #1870, #1769 ) ) ;
#2699 = CIRCLE ( 'NONE', #1269, 1.000000000000000000 ) ;
#2700 = ADVANCED_FACE ( 'NONE', ( #1792 ), #1358, .T. ) ;
#2701 = DIRECTION ( 'NONE',  ( 0.000000000000000000, -0.7071067811865464625, 0.7071067811865486830 ) ) ;
#2702 = EDGE_LOOP ( 'NONE', ( #2995, #3564, #2714, #216 ) ) ;
#2703 = EDGE_CURVE ( 'NONE', #1555, #1479, #3561, .T. ) ;
#2704 = CARTESIAN_POINT ( 'NONE',  ( 3.575798016802556933, -3.117081245895825248E-16, 0.9891285509743942272 ) ) ;
#2705 = CARTESIAN_POINT ( 'NONE',  ( 4.365446934690470293, -0.1064070382616897348, -0.4858064359041314728 ) ) ;
#2706 = EDGE_CURVE ( 'NONE', #1035, #1246, #864, .T. ) ;
#2707 = EDGE_CURVE ( 'NONE', #934, #2992, #1659, .T. ) ;
#2708 = PRESENTATION_STYLE_ASSIGNMENT (( #796 ) ) ;
#2709 = AXIS2_PLACEMENT_3D ( 'NONE', #2153, #776, #3266 ) ;
#2710 = ORIENTED_EDGE ( 'NONE', *, *, #191, .F. ) ;
#2711 = DIRECTION ( 'NONE',  ( -0.000000000000000000, -1.000000000000000000, -0.000000000000000000 ) ) ;
#2712 = CARTESIAN_POINT ( 'NONE',  ( -3.600000000000000089, -0.1815760896926603973, -0.2724290184473971976 ) ) ;
#2713 = TOROIDAL_SURFACE ( 'NONE', #1276, 0.1999999999999997891, 0.2000000000000000111 ) ;
#2714 = ORIENTED_EDGE ( 'NONE', *, *, #2921, .T. ) ;
#2715 = DIRECTION ( 'NONE',  ( 0.000000000000000000, -0.7071067811865485719, 0.7071067811865465735 ) ) ;
#2716 = CARTESIAN_POINT ( 'NONE',  ( -4.450000000000001066, -0.5500000000000000444, -0.7863961030678897624 ) ) ;
#2717 = EDGE_CURVE ( 'NONE', #3355, #3085, #3225, .T. ) ;
#2718 = CARTESIAN_POINT ( 'NONE',  ( 3.600000000000000089, -0.5757359312880701019, 0.4414213562373103250 ) ) ;
#2719 = ORIENTED_EDGE ( 'NONE', *, *, #2010, .F. ) ;
#2720 = VERTEX_POINT ( 'NONE', #2398 ) ;
#2721 = CARTESIAN_POINT ( 'NONE',  ( 1.499999999999999556, 0.000000000000000000, 5.000000000000001776 ) ) ;
#2722 = ORIENTED_EDGE ( 'NONE', *, *, #498, .T. ) ;
#2723 = DIRECTION ( 'NONE',  ( -0.000000000000000000, -0.000000000000000000, -1.000000000000000000 ) ) ;
#2724 = DIRECTION ( 'NONE',  ( 0.000000000000000000, 1.000000000000000000, 0.000000000000000000 ) ) ;
#2725 = ADVANCED_FACE ( 'NONE', ( #232 ), #2955, .T. ) ;
#2726 = CARTESIAN_POINT ( 'NONE',  ( -4.450000000000001066, -0.5500000000000001554, 1.386396103067890850 ) ) ;
#2727 = ORIENTED_EDGE ( 'NONE', *, *, #1890, .T. ) ;
#2728 = LINE ( 'NONE', #1622, #3467 ) ;
#2729 = CARTESIAN_POINT ( 'NONE',  ( -4.650000000000000355, -0.7525126265847069673, 0.6181980515339471349 ) ) ;
#2730 = CARTESIAN_POINT ( 'NONE',  ( -4.424201983197442622, 2.032879073410321122E-17, -0.3891285509743926951 ) ) ;
#2731 = ORIENTED_EDGE ( 'NONE', *, *, #1563, .F. ) ;
#2732 = CIRCLE ( 'NONE', #1972, 0.1999999999999999833 ) ;
#2733 = DIRECTION ( 'NONE',  ( 0.000000000000000000, 0.000000000000000000, 1.000000000000000000 ) ) ;
#2734 = CARTESIAN_POINT ( 'NONE',  ( 4.589944379292427712, 2.710505431213761085E-17, -0.3631634848345863253 ) ) ;
#2735 = VECTOR ( 'NONE', #38, 1000.000000000000000 ) ;
#2736 = FACE_OUTER_BOUND ( 'NONE', #3318, .T. ) ;
#2737 = EDGE_LOOP ( 'NONE', ( #1939, #2114, #920, #2219 ) ) ;
#2738 = VERTEX_POINT ( 'NONE', #3247 ) ;
#2739 = EDGE_CURVE ( 'NONE', #223, #1179, #638, .T. ) ;
#2740 = VERTEX_POINT ( 'NONE', #2668 ) ;
#2741 = DIRECTION ( 'NONE',  ( -1.000000000000000000, 0.000000000000000000, 0.000000000000000000 ) ) ;
#2742 = CARTESIAN_POINT ( 'NONE',  ( 4.200000000000000178, 0.000000000000000000, -1.031370849898473052 ) ) ;
#2743 = CARTESIAN_POINT ( 'NONE',  ( -3.475655974253929692, -0.3499999999999831024, -0.7035533899384446288 ) ) ;
#2744 = AXIS2_PLACEMENT_3D ( 'NONE', #2892, #1289, #676 ) ;
#2745 = ORIENTED_EDGE ( 'NONE', *, *, #3230, .T. ) ;
#2746 = CARTESIAN_POINT ( 'NONE',  ( 4.385105560996766627, -0.1464466094067267965, 0.9778174593051969232 ) ) ;
#2747 = CARTESIAN_POINT ( 'NONE',  ( -3.400000000071563111, 1.626303258728256651E-16, 0.8904155744463475575 ) ) ;
#2748 = EDGE_CURVE ( 'NONE', #2518, #1908, #757, .T. ) ;
#2749 = EDGE_LOOP ( 'NONE', ( #387, #2185, #507, #2282 ) ) ;
#2750 = CARTESIAN_POINT ( 'NONE',  ( -3.349999999999999645, -0.5500000000000000444, 1.303553390593271466 ) ) ;
#2751 = CARTESIAN_POINT ( 'NONE',  ( 3.549999999999999822, -0.4085786437626907630, -0.6449747468305802034 ) ) ;
#2752 = DIRECTION ( 'NONE',  ( 0.000000000000000000, 0.000000000000000000, -1.000000000000000000 ) ) ;
#2753 = ORIENTED_EDGE ( 'NONE', *, *, #3231, .T. ) ;
#2754 = DIRECTION ( 'NONE',  ( 0.000000000000000000, 0.000000000000000000, 1.000000000000000000 ) ) ;
#2755 = AXIS2_PLACEMENT_3D ( 'NONE', #335, #2463, #12 ) ;
#2756 = CARTESIAN_POINT ( 'NONE',  ( 3.799999999999999822, -0.7171572875253795498, 0.01715728752538117630 ) ) ;
#2757 = ORIENTED_EDGE ( 'NONE', *, *, #981, .F. ) ;
#2758 = CARTESIAN_POINT ( 'NONE',  ( 0.000000000000000000, -0.7499999999999997780, -0.2999999999999981570 ) ) ;
#2759 = EDGE_CURVE ( 'NONE', #2058, #2951, #482, .T. ) ;
#2760 = CONICAL_SURFACE ( 'NONE', #2297, 1.120710678118654879, 0.7853981633974500554 ) ;
#2761 = CARTESIAN_POINT ( 'NONE',  ( 3.600000000000000089, -0.1816882751459947543, 0.8720924620874048738 ) ) ;
#2762 = DIRECTION ( 'NONE',  ( -1.000000000000000000, 0.000000000000000000, 0.000000000000000000 ) ) ;
#2763 = DIRECTION ( 'NONE',  ( 0.000000000000000000, 1.000000000000000000, 0.000000000000000000 ) ) ;
#2764 = LINE ( 'NONE', #1090, #2521 ) ;
#2765 = DIRECTION ( 'NONE',  ( -1.000000000000000000, 0.000000000000000000, -6.195440985631454085E-17 ) ) ;
#2766 = CARTESIAN_POINT ( 'NONE',  ( -4.450000000000001066, -1.035355339059327529, 0.2646446609406733486 ) ) ;
#2767 = CARTESIAN_POINT ( 'NONE',  ( -3.765793714224043409, -1.084202172485504434E-16, -0.9196535883379828302 ) ) ;
#2769 =( BOUNDED_SURFACE ( )  B_SPLINE_SURFACE ( 3, 2, ( 
 ( #1489, #961, #2049 ),
 ( #3145, #419, #1012 ),
 ( #1777, #2924, #2095 ),
 ( #2631, #1518, #114 ),
 ( #3195, #2313, #1759 ),
 ( #1252, #398, #2618 ) ),
 .UNSPECIFIED., .F., .F., .F. ) 
 B_SPLINE_SURFACE_WITH_KNOTS ( ( 4, 2, 4 ),
 ( 3, 3 ),
 ( 0.000000000000000000, 0.7853981633974482790, 1.570796326794896558 ),
 ( 0.000000000000000000, 1.000000000000000000 ),
 .UNSPECIFIED. ) 
 GEOMETRIC_REPRESENTATION_ITEM ( )  RATIONAL_B_SPLINE_SURFACE ( (
 ( 1.000000000000000000, 0.9238795325112865164, 1.000000000000000000),
 ( 1.000000000000000000, 0.9240296925887112600, 1.000000000000000000),
 ( 1.000000000000000000, 0.9038128796054475389, 1.000000000000000000),
 ( 1.000000000000000000, 0.8282379279634292102, 1.000000000000000000),
 ( 1.000000000000000000, 0.7727933219847972213, 1.000000000000000000),
 ( 1.000000000000000000, 0.7071067811865475727, 1.000000000000000000) ) ) 
 REPRESENTATION_ITEM ( '' )  SURFACE ( )  );
#2768 = AXIS2_PLACEMENT_3D ( 'NONE', #1282, #3260, #1865 ) ;
#2770 = EDGE_CURVE ( 'NONE', #3496, #2574, #2594, .T. ) ;
#2771 = DIRECTION ( 'NONE',  ( 0.000000000000000000, 0.000000000000000000, -1.000000000000000000 ) ) ;
#2772 = ORIENTED_EDGE ( 'NONE', *, *, #1343, .F. ) ;
#2773 = DIRECTION ( 'NONE',  ( 0.9606055563214167536, 0.000000000000000000, 0.2779153920969859026 ) ) ;
#2774 = DIRECTION ( 'NONE',  ( -1.000000000000000000, 0.000000000000000000, 0.000000000000000000 ) ) ;
#2775 = ORIENTED_EDGE ( 'NONE', *, *, #2903, .F. ) ;
#2776 = CARTESIAN_POINT ( 'NONE',  ( -5.000000000000000000, -0.3499999999999999778, -3.499999999999999556 ) ) ;
#2777 = ORIENTED_EDGE ( 'NONE', *, *, #2033, .F. ) ;
#2778 = FACE_OUTER_BOUND ( 'NONE', #2665, .T. ) ;
#2779 = CIRCLE ( 'NONE', #1116, 0.2000000000000000111 ) ;
#2780 = CARTESIAN_POINT ( 'NONE',  ( -3.549999999999999822, -0.4085786437626907630, 1.244974746830581180 ) ) ;
#2781 = DIRECTION ( 'NONE',  ( 2.478176394252581141E-16, -0.000000000000000000, 1.000000000000000000 ) ) ;
#2782 = CARTESIAN_POINT ( 'NONE',  ( -4.274907409300130467, -0.01885987435811619858, 1.387890871772740287 ) ) ;
#2783 = FACE_OUTER_BOUND ( 'NONE', #2861, .T. ) ;
#2784 = CARTESIAN_POINT ( 'NONE',  ( -4.650000000000000355, -0.5500000000000000444, -0.2207106781186527755 ) ) ;
#2785 = CIRCLE ( 'NONE', #3372, 0.2000000000000000111 ) ;
#2786 = EDGE_LOOP ( 'NONE', ( #1879, #2233, #1667, #764 ) ) ;
#2787 = DIRECTION ( 'NONE',  ( 0.000000000000000000, 0.000000000000000000, 1.000000000000000000 ) ) ;
#2788 = EDGE_LOOP ( 'NONE', ( #1131, #2393, #2460, #1391 ) ) ;
#2789 = LINE ( 'NONE', #1440, #1455 ) ;
#2790 = VERTEX_POINT ( 'NONE', #2685 ) ;
#2791 = CARTESIAN_POINT ( 'NONE',  ( 3.765744174958043811, -1.105377996166861696E-16, -0.9194917937727005164 ) ) ;
#2792 = EDGE_CURVE ( 'NONE', #1193, #2810, #1892, .T. ) ;
#2793 = ORIENTED_EDGE ( 'NONE', *, *, #1829, .T. ) ;
#2794 = AXIS2_PLACEMENT_3D ( 'NONE', #3011, #1952, #3340 ) ;
#2795 = CARTESIAN_POINT ( 'NONE',  ( 4.400000000000000355, 0.000000000000000000, 0.000000000000000000 ) ) ;
#2796 = EDGE_CURVE ( 'NONE', #334, #1035, #585, .T. ) ;
#2797 = PLANE ( 'NONE',  #1154 ) ;
#2798 = CYLINDRICAL_SURFACE ( 'NONE', #2893, 1.499999999999999556 ) ;
#2799 = CARTESIAN_POINT ( 'NONE',  ( 4.650000000000000355, -0.5500000000000000444, 0.8207106781186535027 ) ) ;
#2800 = ORIENTED_EDGE ( 'NONE', *, *, #581, .F. ) ;
#2801 = CARTESIAN_POINT ( 'NONE',  ( -4.200000000000000178, -2.710505431213761085E-17, -1.031370849898473052 ) ) ;
#2802 = ADVANCED_FACE ( 'NONE', ( #1106 ), #271, .F. ) ;
#2803 = ORIENTED_EDGE ( 'NONE', *, *, #2137, .T. ) ;
#2804 = CARTESIAN_POINT ( 'NONE',  ( -4.450000000000001066, -0.4085786437626907075, -0.6449747468305802034 ) ) ;
#2805 = CARTESIAN_POINT ( 'NONE',  ( 3.371554644989165794, -0.4761799205994113882, 1.042170916320439789 ) ) ;
#2806 = B_SPLINE_CURVE_WITH_KNOTS ( 'NONE', 3,
 ( #3282, #288, #1108, #235, #2504, #253 ),
 .UNSPECIFIED., .F., .F.,
 ( 4, 2, 4 ),
 ( -4.898979485728970143E-06, 0.0003499935496626663430, 0.0007048860788110616806 ),
 .UNSPECIFIED. ) ;
#2807 = ORIENTED_EDGE ( 'NONE', *, *, #1222, .F. ) ;
#2808 = VECTOR ( 'NONE', #401, 1000.000000000000000 ) ;
#2809 = FACE_OUTER_BOUND ( 'NONE', #576, .T. ) ;
#2810 = VERTEX_POINT ( 'NONE', #3583 ) ;
#2811 = EDGE_CURVE ( 'NONE', #2196, #1600, #741, .T. ) ;
#2812 = ORIENTED_EDGE ( 'NONE', *, *, #2654, .T. ) ;
#2813 = ADVANCED_FACE ( 'NONE', ( #2979, #1066, #2997, #3500, #1026 ), #499, .T. ) ;
#2814 = CARTESIAN_POINT ( 'NONE',  ( 3.599999999999999645, 2.710505431213761085E-17, 0.8171572875253793056 ) ) ;
#2815 = TOROIDAL_SURFACE ( 'NONE', #164, 0.1999999999999997891, 0.2000000000000000111 ) ;
#2816 = EDGE_CURVE ( 'NONE', #2378, #704, #754, .T. ) ;
#2817 = EDGE_CURVE ( 'NONE', #1040, #1624, #2063, .T. ) ;
#2818 = CARTESIAN_POINT ( 'NONE',  ( -3.371554644989177785, -0.4761799205994159401, 1.042170916320450669 ) ) ;
#2819 = CYLINDRICAL_SURFACE ( 'NONE', #2043, 0.1999999999999999556 ) ;
#2820 = DIRECTION ( 'NONE',  ( 0.000000000000000000, 0.000000000000000000, 1.000000000000000000 ) ) ;
#2821 = LINE ( 'NONE', #1133, #822 ) ;
#2822 = CARTESIAN_POINT ( 'NONE',  ( -4.628445355010823548, -0.4761799205994201034, 1.042170916320445118 ) ) ;
#2823 = CARTESIAN_POINT ( 'NONE',  ( 4.481083054515562658, -0.000000000000000000, -0.6507044536051580508 ) ) ;
#2824 = VECTOR ( 'NONE', #1314, 1000.000000000000000 ) ;
#2825 = CARTESIAN_POINT ( 'NONE',  ( -4.400000000000001243, -0.1999999999999999556, 0.8171572875253794166 ) ) ;
#2826 = ORIENTED_EDGE ( 'NONE', *, *, #3512, .T. ) ;
#2827 = CIRCLE ( 'NONE', #1450, 0.2000000000000000111 ) ;
#2828 = FACE_OUTER_BOUND ( 'NONE', #2160, .T. ) ;
#2829 = ORIENTED_EDGE ( 'NONE', *, *, #494, .F. ) ;
#2830 = EDGE_LOOP ( 'NONE', ( #829, #1029, #2446, #2898 ) ) ;
#2831 = TOROIDAL_SURFACE ( 'NONE', #2013, 1.000000000000000000, 0.2000000000000000111 ) ;
#2832 = DIRECTION ( 'NONE',  ( -1.000000000000000000, 0.000000000000000000, 0.000000000000000000 ) ) ;
#2833 = CARTESIAN_POINT ( 'NONE',  ( 4.570211121993538406, 1.084202172485504434E-16, 1.031370849898472608 ) ) ;
#2834 = CARTESIAN_POINT ( 'NONE',  ( 3.318423575790478974, -0.3499999999999820477, -0.4567130058152785721 ) ) ;
#2835 = CARTESIAN_POINT ( 'NONE',  ( -3.497493076421839930, -0.4085786440527645613, 1.244974746540507438 ) ) ;
#2836 = TOROIDAL_SURFACE ( 'NONE', #1285, 1.000000000000000000, 0.2000000000000000111 ) ;
#2837 = CARTESIAN_POINT ( 'NONE',  ( -3.349999999999999645, -0.7525126265847069673, 0.6181980515339471349 ) ) ;
#2838 = CARTESIAN_POINT ( 'NONE',  ( -3.399999999999999911, -0.2000000000000000111, 0.000000000000000000 ) ) ;
#2839 = CARTESIAN_POINT ( 'NONE',  ( 1.499999999999999556, -0.3499999999999999778, 4.500000000000001776 ) ) ;
#2840 = ORIENTED_EDGE ( 'NONE', *, *, #2277, .F. ) ;
#2841 = FACE_OUTER_BOUND ( 'NONE', #3015, .T. ) ;
#2842 = CYLINDRICAL_SURFACE ( 'NONE', #3418, 0.7999999999999999334 ) ;
#2843 = LINE ( 'NONE', #3094, #943 ) ;
#2844 = ORIENTED_EDGE ( 'NONE', *, *, #355, .T. ) ;
#2845 = CARTESIAN_POINT ( 'NONE',  ( -4.589944379292427712, 2.710505431213761085E-17, 0.9631634848345880240 ) ) ;
#2846 = EDGE_CURVE ( 'NONE', #870, #1138, #673, .T. ) ;
#2847 = ORIENTED_EDGE ( 'NONE', *, *, #2137, .F. ) ;
#2848 = ORIENTED_EDGE ( 'NONE', *, *, #2912, .T. ) ;
#2849 = CYLINDRICAL_SURFACE ( 'NONE', #1693, 0.6499999999999998002 ) ;
#2850 = DIRECTION ( 'NONE',  ( -0.000000000000000000, -0.7071067811865485719, 0.7071067811865465735 ) ) ;
#2851 = CARTESIAN_POINT ( 'NONE',  ( 3.725001665040336363, -0.01890673622236564710, -0.7876010814421016137 ) ) ;
#2852 = PRESENTATION_LAYER_ASSIGNMENT (  '', '', ( #35 ) ) ;
#2853 = DIRECTION ( 'NONE',  ( -1.000000000000000000, 0.000000000000000000, 0.000000000000000000 ) ) ;
#2854 = CARTESIAN_POINT ( 'NONE',  ( 4.555013847162029172, -0.3499999999999999778, -0.7863961024877593742 ) ) ;
#2855 = CARTESIAN_POINT ( 'NONE',  ( -4.850000000000001421, -0.3500000000000001443, 0.8207106781186535027 ) ) ;
#2856 = AXIS2_PLACEMENT_3D ( 'NONE', #3433, #940, #1487 ) ;
#2857 = EDGE_CURVE ( 'NONE', #1049, #2485, #3185, .T. ) ;
#2858 = EDGE_CURVE ( 'NONE', #2087, #2087, #810, .T. ) ;
#2859 = DIRECTION ( 'NONE',  ( -1.000000000000000000, 0.000000000000000000, -0.000000000000000000 ) ) ;
#2860 = DIRECTION ( 'NONE',  ( 0.000000000000000000, 0.000000000000000000, -1.000000000000000000 ) ) ;
#2861 = EDGE_LOOP ( 'NONE', ( #936, #389, #2167, #1866, #188 ) ) ;
#2862 = FACE_OUTER_BOUND ( 'NONE', #3169, .T. ) ;
#2863 = EDGE_LOOP ( 'NONE', ( #807, #903, #512, #2287 ) ) ;
#2864 = VERTEX_POINT ( 'NONE', #2972 ) ;
#2865 = DIRECTION ( 'NONE',  ( 0.000000000000000000, 1.000000000000000000, 0.000000000000000000 ) ) ;
#2866 = TOROIDAL_SURFACE ( 'NONE', #3283, 0.4499999999999997891, 0.2000000000000000111 ) ;
#2867 = CARTESIAN_POINT ( 'NONE',  ( -3.149999999999999467, -0.3499999999999999778, -0.2207106781186526923 ) ) ;
#2868 = EDGE_CURVE ( 'NONE', #2142, #1543, #1818, .T. ) ;
#2869 = DIRECTION ( 'NONE',  ( 0.000000000000000000, 1.000000000000000000, 0.000000000000000000 ) ) ;
#2870 = EDGE_CURVE ( 'NONE', #1316, #3085, #1038, .T. ) ;
#2871 = VECTOR ( 'NONE', #1762, 1000.000000000000000 ) ;
#2872 = CARTESIAN_POINT ( 'NONE',  ( 4.417531505494793009, 3.434217357958780206E-16, 0.8697518592399109405 ) ) ;
#2873 = CARTESIAN_POINT ( 'NONE',  ( 4.806890710021662905, -0.3500000000000000333, -0.5159909957210347953 ) ) ;
#2874 = CARTESIAN_POINT ( 'NONE',  ( 4.000000000000000000, 0.000000000000000000, 4.500000000000000888 ) ) ;
#2875 = LINE ( 'NONE', #714, #269 ) ;
#2876 = ADVANCED_FACE ( 'NONE', ( #211 ), #1294, .T. ) ;
#2877 = CARTESIAN_POINT ( 'NONE',  ( 4.200000000000000178, -0.4343145750507612091, 0.3000000000000004330 ) ) ;
#2878 = DIRECTION ( 'NONE',  ( 0.000000000000000000, 0.000000000000000000, 1.000000000000000000 ) ) ;
#2879 = CARTESIAN_POINT ( 'NONE',  ( -4.200000000000000178, 0.000000000000000000, -1.031370849898473052 ) ) ;
#2880 = VERTEX_POINT ( 'NONE', #511 ) ;
#2881 = FACE_OUTER_BOUND ( 'NONE', #969, .T. ) ;
#2882 = AXIS2_PLACEMENT_3D ( 'NONE', #464, #3012, #1636 ) ;
#2883 = VERTEX_POINT ( 'NONE', #3539 ) ;
#2884 = ORIENTED_EDGE ( 'NONE', *, *, #2612, .F. ) ;
#2885 = DIRECTION ( 'NONE',  ( 0.000000000000000000, 0.000000000000000000, -1.000000000000000000 ) ) ;
#2887 =( BOUNDED_CURVE ( )  B_SPLINE_CURVE ( 3, ( #2751, #225, #2479, #2967 ),
 .UNSPECIFIED., .F., .T. ) 
 B_SPLINE_CURVE_WITH_KNOTS ( ( 4, 4 ),
 ( 0.000000000000000000, 1.570796326794896780 ),
 .UNSPECIFIED. ) 
 CURVE ( )  GEOMETRIC_REPRESENTATION_ITEM ( )  RATIONAL_B_SPLINE_CURVE ( ( 1.000000000000000000, 0.8047378541243649375, 0.8047378541243649375, 1.000000000000000000 ) ) 
 REPRESENTATION_ITEM ( '' )  );
#2886 = AXIS2_PLACEMENT_3D ( 'NONE', #1330, #3199, #2068 ) ;
#2888 = CARTESIAN_POINT ( 'NONE',  ( 3.349999999999999645, -0.5499999999999999334, -0.2207106781186527755 ) ) ;
#2889 = CARTESIAN_POINT ( 'NONE',  ( 3.601649662235706817, 2.514329191789137838E-15, -0.5949513679195163052 ) ) ;
#2890 = DIRECTION ( 'NONE',  ( -0.2779153920969853475, -5.207453155326633248E-16, -0.9606055563214169757 ) ) ;
#2891 = CARTESIAN_POINT ( 'NONE',  ( -4.314063258384033261, 4.635108361660417305E-15, -0.8126747126903014484 ) ) ;
#2892 = CARTESIAN_POINT ( 'NONE',  ( 3.549999999999999822, 1.031903628290706143, 2.402614306409355471 ) ) ;
#2893 = AXIS2_PLACEMENT_3D ( 'NONE', #887, #2763, #1145 ) ;
#2894 = AXIS2_PLACEMENT_3D ( 'NONE', #1995, #2496, #854 ) ;
#2895 = CARTESIAN_POINT ( 'NONE',  ( 2.168404344971008868E-16, 0.000000000000000000, 10.00000000000000000 ) ) ;
#2896 = CARTESIAN_POINT ( 'NONE',  ( -4.806890710021719748, -0.3499999999999999778, -0.5159909957210271347 ) ) ;
#2897 = CARTESIAN_POINT ( 'NONE',  ( -1.500000000000000000, -0.3499999999999999778, 10.00000000000000178 ) ) ;
#2898 = ORIENTED_EDGE ( 'NONE', *, *, #3562, .F. ) ;
#2899 = CARTESIAN_POINT ( 'NONE',  ( 0.000000000000000000, -0.2928932188134506509, -2.457106781186551459 ) ) ;
#2900 = UNCERTAINTY_MEASURE_WITH_UNIT (LENGTH_MEASURE( 1.000000000000000082E-05 ), #2949, 'distance_accuracy_value', 'NONE');
#2901 = EDGE_LOOP ( 'NONE', ( #2812, #2231, #3222, #3217 ) ) ;
#2902 = CARTESIAN_POINT ( 'NONE',  ( -4.400000000000000355, -0.4343145750507612091, 0.3000000000000004330 ) ) ;
#2903 = EDGE_CURVE ( 'NONE', #970, #2622, #1763, .T. ) ;
#2904 = VECTOR ( 'NONE', #3466, 1000.000000000000000 ) ;
#2905 = DIRECTION ( 'NONE',  ( 0.000000000000000000, 0.000000000000000000, -1.000000000000000000 ) ) ;
#2906 =( BOUNDED_SURFACE ( )  B_SPLINE_SURFACE ( 3, 2, ( 
 ( #3270, #2161, #1093 ),
 ( #547, #3054, #3327 ),
 ( #2179, #2202, #50 ),
 ( #2509, #1115, #2241 ),
 ( #3312, #821, #1150 ),
 ( #1646, #1349, #839 ) ),
 .UNSPECIFIED., .F., .F., .T. ) 
 B_SPLINE_SURFACE_WITH_KNOTS ( ( 4, 2, 4 ),
 ( 3, 3 ),
 ( -0.0003989844109213112064, -4.586235773285383998E-05, 0.0003072596954556035265 ),
 ( 0.000000000000000000, 1.000000000000000000 ),
 .UNSPECIFIED. ) 
 GEOMETRIC_REPRESENTATION_ITEM ( )  RATIONAL_B_SPLINE_SURFACE ( (
 ( 1.000000000000000000, 1.000000000000000000, 1.000000000000000000),
 ( 1.000000000000000000, 1.000404339199754578, 1.000000000000000000),
 ( 1.000000000000000000, 0.9768286432007777798, 1.000000000000000000),
 ( 1.000000000000000000, 0.9003806316999307668, 1.000000000000000000),
 ( 1.000000000000000000, 0.8485292421051363609, 1.000000000000000000),
 ( 1.000000000000000000, 0.7961679951387040655, 1.000000000000000000) ) ) 
 REPRESENTATION_ITEM ( '' )  SURFACE ( )  );
#2907 = AXIS2_PLACEMENT_3D ( 'NONE', #598, #3280, #1706 ) ;
#2908 = CARTESIAN_POINT ( 'NONE',  ( 4.000000000000000000, -0.3499999999999999778, -4.499999999999999112 ) ) ;
#2909 = CARTESIAN_POINT ( 'NONE',  ( 3.399999999999999911, 0.000000000000000000, 0.8171572875253794166 ) ) ;
#2910 = FACE_OUTER_BOUND ( 'NONE', #2863, .T. ) ;
#2911 = CARTESIAN_POINT ( 'NONE',  ( -3.349999999999999645, -0.3853553390593255634, -0.3853553390593266736 ) ) ;
#2912 = EDGE_CURVE ( 'NONE', #342, #1651, #2132, .T. ) ;
#2913 = ORIENTED_EDGE ( 'NONE', *, *, #355, .F. ) ;
#2914 = CARTESIAN_POINT ( 'NONE',  ( 2.168404344971008868E-16, 0.000000000000000000, 10.75000000000000000 ) ) ;
#2915 = AXIS2_PLACEMENT_3D ( 'NONE', #1519, #946, #2619 ) ;
#2916 = VERTEX_POINT ( 'NONE', #1835 ) ;
#2917 = CARTESIAN_POINT ( 'NONE',  ( 3.743889884505328336, -4.928777858779507729E-05, 1.524470988086469081 ) ) ;
#2918 = CARTESIAN_POINT ( 'NONE',  ( 3.799999999999999822, -2.710505431213761085E-17, -1.031370849898473052 ) ) ;
#2919 = TOROIDAL_SURFACE ( 'NONE', #3038, 0.9257359312880717450, 0.3999999999999998002 ) ;
#2920 = DIRECTION ( 'NONE',  ( 0.000000000000000000, 1.000000000000000000, 0.000000000000000000 ) ) ;
#2921 = EDGE_CURVE ( 'NONE', #3118, #3063, #2933, .T. ) ;
#2922 = EDGE_CURVE ( 'NONE', #1438, #1862, #1270, .T. ) ;
#2923 =( BOUNDED_CURVE ( )  B_SPLINE_CURVE ( 3, ( #524, #849, #814, #3358 ),
 .UNSPECIFIED., .F., .F. ) 
 B_SPLINE_CURVE_WITH_KNOTS ( ( 4, 4 ),
 ( 4.712388980384689674, 5.100758275358073135 ),
 .UNSPECIFIED. ) 
 CURVE ( )  GEOMETRIC_REPRESENTATION_ITEM ( )  RATIONAL_B_SPLINE_CURVE ( ( 1.000000000000000000, 0.9874702209755055193, 0.9874702209755055193, 1.000000000000000000 ) ) 
 REPRESENTATION_ITEM ( '' )  );
#2924 = CARTESIAN_POINT ( 'NONE',  ( 4.599143985066367790, -0.3500000000000033640, 1.243236400998746216 ) ) ;
#2925 = AXIS2_PLACEMENT_3D ( 'NONE', #1684, #2532, #2787 ) ;
#2926 = CARTESIAN_POINT ( 'NONE',  ( 4.537132548509879015, 2.710505431213761085E-17, -0.5457056698971022302 ) ) ;
#2927 = FACE_OUTER_BOUND ( 'NONE', #2082, .T. ) ;
#2928 = CARTESIAN_POINT ( 'NONE',  ( 4.599999999928421346, 2.710505431213761085E-17, -0.2904155744463273736 ) ) ;
#2929 = EDGE_LOOP ( 'NONE', ( #2727 ) ) ;
#2930 = DIRECTION ( 'NONE',  ( 0.000000000000000000, 0.000000000000000000, 1.000000000000000000 ) ) ;
#2931 = DIRECTION ( 'NONE',  ( 0.000000000000000000, 0.000000000000000000, 1.000000000000000000 ) ) ;
#2932 = EDGE_LOOP ( 'NONE', ( #3267, #1445, #826, #3556 ) ) ;
#2933 = LINE ( 'NONE', #1059, #2824 ) ;
#2934 = ORIENTED_EDGE ( 'NONE', *, *, #2418, .F. ) ;
#2935 = ORIENTED_EDGE ( 'NONE', *, *, #2286, .F. ) ;
#2936 = CARTESIAN_POINT ( 'NONE',  ( 3.799999999999999822, -0.5085786437626893530, 0.5085786437626907963 ) ) ;
#2937 = B_SPLINE_CURVE_WITH_KNOTS ( 'NONE', 3,
 ( #784, #489, #840, #2120, #2767, #1350 ),
 .UNSPECIFIED., .F., .F.,
 ( 4, 2, 4 ),
 ( 0.000000000000000000, 0.0003505093907976067737, 0.0007010187815952135474 ),
 .UNSPECIFIED. ) ;
#2938 = PLANE ( 'NONE',  #2674 ) ;
#2939 = DIRECTION ( 'NONE',  ( 0.000000000000000000, -0.7071067811865487940, 0.7071067811865462405 ) ) ;
#2940 = AXIS2_PLACEMENT_3D ( 'NONE', #2311, #1266, #2362 ) ;
#2941 = DIRECTION ( 'NONE',  ( 0.000000000000000000, -0.7071067811865485719, -0.7071067811865465735 ) ) ;
#2942 = CARTESIAN_POINT ( 'NONE',  ( 4.256110115494553980, -4.928777858784902312E-05, -0.9244709880864280249 ) ) ;
#2943 = EDGE_LOOP ( 'NONE', ( #1583, #2370, #2299, #176 ) ) ;
#2944 = CYLINDRICAL_SURFACE ( 'NONE', #1884, 0.1999999999999999833 ) ;
#2945 = LINE ( 'NONE', #2035, #2946 ) ;
#2946 = VECTOR ( 'NONE', #1521, 1000.000000000000000 ) ;
#2947 = ORIENTED_EDGE ( 'NONE', *, *, #2600, .F. ) ;
#2948 = CIRCLE ( 'NONE', #301, 2.124264068711933184 ) ;
#2949 =( LENGTH_UNIT ( ) NAMED_UNIT ( * ) SI_UNIT ( .MILLI., .METRE. ) );
#2950 = CARTESIAN_POINT ( 'NONE',  ( 3.315685424949237792, -0.3500000000000001998, 1.386396103067890850 ) ) ;
#2951 = VERTEX_POINT ( 'NONE', #2123 ) ;
#2952 = ORIENTED_EDGE ( 'NONE', *, *, #581, .T. ) ;
#2953 = CARTESIAN_POINT ( 'NONE',  ( 3.666582176486214095, -0.06832627184090997452, 1.192022455149427174 ) ) ;
#2954 = CARTESIAN_POINT ( 'NONE',  ( 3.518904917827526457, -2.710505431213761085E-17, 1.250684230694737664 ) ) ;
#2955 = CYLINDRICAL_SURFACE ( 'NONE', #2709, 0.6499999999999998002 ) ;
#2956 = EDGE_CURVE ( 'NONE', #1001, #615, #1597, .T. ) ;
#2957 = AXIS2_PLACEMENT_3D ( 'NONE', #1247, #956, #2006 ) ;
#2958 = DIRECTION ( 'NONE',  ( 0.000000000000000000, 0.7071067811865465735, -0.7071067811865485719 ) ) ;
#2959 = ORIENTED_EDGE ( 'NONE', *, *, #2612, .T. ) ;
#2960 = FACE_OUTER_BOUND ( 'NONE', #212, .T. ) ;
#2961 = DIRECTION ( 'NONE',  ( 1.000000000000000000, 0.000000000000000000, 0.000000000000000000 ) ) ;
#2962 = DIRECTION ( 'NONE',  ( 0.000000000000000000, 0.000000000000000000, 1.000000000000000000 ) ) ;
#2963 = EDGE_CURVE ( 'NONE', #1019, #332, #1217, .T. ) ;
#2964 = ORIENTED_EDGE ( 'NONE', *, *, #1151, .T. ) ;
#2965 = VECTOR ( 'NONE', #2850, 1000.000000000000000 ) ;
#2966 = DIRECTION ( 'NONE',  ( 1.000000000000000000, -0.000000000000000000, 0.000000000000000000 ) ) ;
#2967 = CARTESIAN_POINT ( 'NONE',  ( 3.349999999999999645, -0.5500000000000000444, -0.2207106781186526367 ) ) ;
#2968 = ADVANCED_FACE ( 'NONE', ( #2431 ), #2511, .F. ) ;
#2969 = EDGE_LOOP ( 'NONE', ( #87, #1103, #3311, #356 ) ) ;
#2970 = DIRECTION ( 'NONE',  ( 0.000000000000000000, -0.7071067811865465735, 0.7071067811865485719 ) ) ;
#2971 = ADVANCED_FACE ( 'NONE', ( #562 ), #198, .T. ) ;
#2972 = CARTESIAN_POINT ( 'NONE',  ( 3.549999999999999822, -0.8939339828220161932, -0.1596194077712559389 ) ) ;
#2973 = ADVANCED_FACE ( 'NONE', ( #540 ), #1956, .F. ) ;
#2974 = ORIENTED_EDGE ( 'NONE', *, *, #3515, .T. ) ;
#2975 = EDGE_LOOP ( 'NONE', ( #1613, #374, #2244, #2255 ) ) ;
#2976 = CARTESIAN_POINT ( 'NONE',  ( -1.999999999999999556, -0.3499999999999999778, 4.500000000000001776 ) ) ;
#2977 = ORIENTED_EDGE ( 'NONE', *, *, #2659, .F. ) ;
#2978 = CARTESIAN_POINT ( 'NONE',  ( 2.168404344971008868E-16, -0.3499999999999999778, 10.00000000000000000 ) ) ;
#2979 = FACE_BOUND ( 'NONE', #1568, .T. ) ;
#2980 = EDGE_LOOP ( 'NONE', ( #1587 ) ) ;
#2981 = EDGE_CURVE ( 'NONE', #13, #3241, #1551, .T. ) ;
#2982 = CARTESIAN_POINT ( 'NONE',  ( -3.600000000000000089, -0.1816882751459920620, -0.2720924620874011213 ) ) ;
#2983 = CARTESIAN_POINT ( 'NONE',  ( 4.570211121993539294, 2.710505431213761085E-17, -0.4313708498984709649 ) ) ;
#2984 = ORIENTED_EDGE ( 'NONE', *, *, #1691, .T. ) ;
#2985 = CARTESIAN_POINT ( 'NONE',  ( -4.684314575050762208, -0.3500000000000001998, 1.386396103067890850 ) ) ;
#2986 = FACE_OUTER_BOUND ( 'NONE', #1540, .T. ) ;
#2987 = ORIENTED_EDGE ( 'NONE', *, *, #2284, .T. ) ;
#2988 = EDGE_CURVE ( 'NONE', #3186, #1055, #884, .T. ) ;
#2989 = AXIS2_PLACEMENT_3D ( 'NONE', #3497, #1545, #1317 ) ;
#2990 = CARTESIAN_POINT ( 'NONE',  ( -3.149999999999999023, -0.3499999999999999778, -0.5520815280171281758 ) ) ;
#2991 = ORIENTED_EDGE ( 'NONE', *, *, #1275, .T. ) ;
#2992 = VERTEX_POINT ( 'NONE', #3086 ) ;
#2993 = AXIS2_PLACEMENT_3D ( 'NONE', #1975, #1429, #3087 ) ;
#2994 = CARTESIAN_POINT ( 'NONE',  ( 3.799999999999999822, 0.000000000000000000, 1.631370849898473807 ) ) ;
#2995 = ORIENTED_EDGE ( 'NONE', *, *, #1893, .T. ) ;
#2996 = DIRECTION ( 'NONE',  ( -0.000000000000000000, -0.000000000000000000, 1.000000000000000000 ) ) ;
#2997 = FACE_BOUND ( 'NONE', #1230, .T. ) ;
#2998 = AXIS2_PLACEMENT_3D ( 'NONE', #958, #112, #2028 ) ;
#2999 = ORIENTED_EDGE ( 'NONE', *, *, #1048, .F. ) ;
#3000 = CARTESIAN_POINT ( 'NONE',  ( 4.340702877343828092, -0.07631033142296443639, 1.166853075042239007 ) ) ;
#3001 = CARTESIAN_POINT ( 'NONE',  ( -3.600000000000000089, -0.1999999999999999833, -0.2171572875253784396 ) ) ;
#3002 = CIRCLE ( 'NONE', #2248, 0.2000000000000000389 ) ;
#3003 = ORIENTED_EDGE ( 'NONE', *, *, #2143, .F. ) ;
#3004 = DIRECTION ( 'NONE',  ( 0.000000000000000000, 0.000000000000000000, 1.000000000000000000 ) ) ;
#3005 = AXIS2_PLACEMENT_3D ( 'NONE', #2566, #3351, #3330 ) ;
#3006 = CARTESIAN_POINT ( 'NONE',  ( 4.450000000000001066, -0.3853553390593255634, -0.3853553390593266736 ) ) ;
#3007 = DIRECTION ( 'NONE',  ( -0.000000000000000000, -1.000000000000000000, -0.000000000000000000 ) ) ;
#3008 = VERTEX_POINT ( 'NONE', #616 ) ;
#3009 = ORIENTED_EDGE ( 'NONE', *, *, #129, .T. ) ;
#3010 = ORIENTED_EDGE ( 'NONE', *, *, #1533, .T. ) ;
#3011 = CARTESIAN_POINT ( 'NONE',  ( 4.200000000000000178, -0.8000000000000000444, -1.031370849898473052 ) ) ;
#3012 = DIRECTION ( 'NONE',  ( 1.000000000000000000, -0.000000000000000000, -0.000000000000000000 ) ) ;
#3013 = ADVANCED_FACE ( 'NONE', ( #309 ), #2148, .T. ) ;
#3014 = CARTESIAN_POINT ( 'NONE',  ( -3.550000000000000711, -0.3500000000000001443, -0.7035533905932706000 ) ) ;
#3015 = EDGE_LOOP ( 'NONE', ( #2171, #2847, #2935, #685 ) ) ;
#3016 = CARTESIAN_POINT ( 'NONE',  ( -3.600000000000000089, -0.1999999999999999278, -0.2171572875253784674 ) ) ;
#3017 = CARTESIAN_POINT ( 'NONE',  ( -3.765744174958000734, -1.086319754853639938E-16, 1.519491793772714816 ) ) ;
#3018 = FACE_OUTER_BOUND ( 'NONE', #3249, .T. ) ;
#3019 = CARTESIAN_POINT ( 'NONE',  ( 4.850000000000000533, -0.5500000000000000444, -0.2207106781186526645 ) ) ;
#3020 =( BOUNDED_SURFACE ( )  B_SPLINE_SURFACE ( 3, 2, ( 
 ( #563, #586, #2780 ),
 ( #1128, #867, #2835 ),
 ( #1167, #1395, #2253 ),
 ( #1410, #1725, #2818 ),
 ( #361, #344, #2237 ),
 ( #77, #1674, #1451 ) ),
 .UNSPECIFIED., .F., .F., .F. ) 
 B_SPLINE_SURFACE_WITH_KNOTS ( ( 4, 2, 4 ),
 ( 3, 3 ),
 ( 3.141592653589793116, 3.926990816987241395, 4.712388980384689674 ),
 ( 0.000000000000000000, 1.000000000000000000 ),
 .UNSPECIFIED. ) 
 GEOMETRIC_REPRESENTATION_ITEM ( )  RATIONAL_B_SPLINE_SURFACE ( (
 ( 1.000000000000000000, 0.9238795325112865164, 1.000000000000000000),
 ( 1.000000000000000000, 0.9240296925887039325, 1.000000000000000000),
 ( 1.000000000000000000, 0.9038128796054566427, 1.000000000000000000),
 ( 1.000000000000000000, 0.8282379279634198843, 1.000000000000000000),
 ( 1.000000000000000000, 0.7727933219848043267, 1.000000000000000000),
 ( 1.000000000000000000, 0.7071067811865471286, 1.000000000000000000) ) ) 
 REPRESENTATION_ITEM ( '' )  SURFACE ( )  );
#3021 = PRODUCT_DEFINITION_SHAPE ( 'NONE', 'NONE',  #2272 ) ;
#3022 = VECTOR ( 'NONE', #446, 1000.000000000000000 ) ;
#3023 = SURFACE_STYLE_USAGE ( .BOTH. , #1883 ) ;
#3024 = CARTESIAN_POINT ( 'NONE',  ( -4.400000000000000355, -1.176776695296636754, 0.1232233047033636647 ) ) ;
#3025 = ORIENTED_EDGE ( 'NONE', *, *, #992, .T. ) ;
#3026 = VERTEX_POINT ( 'NONE', #834 ) ;
#3027 = ORIENTED_EDGE ( 'NONE', *, *, #633, .T. ) ;
#3028 = DIRECTION ( 'NONE',  ( 1.000000000000000000, 0.000000000000000000, 0.000000000000000000 ) ) ;
#3029 = CARTESIAN_POINT ( 'NONE',  ( 1.999999999999999556, -0.3499999999999999778, 5.000000000000001776 ) ) ;
#3030 = CARTESIAN_POINT ( 'NONE',  ( 4.200000000000000178, 1.208680323587342675, 2.225837611112718051 ) ) ;
#3031 = TOROIDAL_SURFACE ( 'NONE', #2856, 0.4499999999999997891, 0.2000000000000000111 ) ;
#3032 = ADVANCED_FACE ( 'NONE', ( #1896 ), #2008, .F. ) ;
#3033 = DIRECTION ( 'NONE',  ( -0.000000000000000000, -1.000000000000000000, -0.000000000000000000 ) ) ;
#3034 = DIRECTION ( 'NONE',  ( 0.000000000000000000, 1.000000000000000000, 0.000000000000000000 ) ) ;
#3035 = ADVANCED_FACE ( 'NONE', ( #2778 ), #2505, .F. ) ;
#3036 = CARTESIAN_POINT ( 'NONE',  ( -4.424201983197443511, -1.355252715606880543E-17, 0.9891285509743942272 ) ) ;
#3037 = DIRECTION ( 'NONE',  ( 0.000000000000000000, -0.7071067811865484609, 0.7071067811865465735 ) ) ;
#3038 = AXIS2_PLACEMENT_3D ( 'NONE', #3178, #1253, #978 ) ;
#3039 = DIRECTION ( 'NONE',  ( 0.000000000000000000, -0.000000000000000000, 1.000000000000000000 ) ) ;
#3040 = CARTESIAN_POINT ( 'NONE',  ( -4.000000000000000888, -0.3499999999999999778, -4.499999999999999112 ) ) ;
#3041 = ORIENTED_EDGE ( 'NONE', *, *, #2284, .F. ) ;
#3042 =( BOUNDED_SURFACE ( )  B_SPLINE_SURFACE ( 3, 2, ( 
 ( #528, #2730, #1092 ),
 ( #1381, #2177, #1902 ),
 ( #2199, #2404, #837 ),
 ( #3509, #1846, #1434 ) ),
 .UNSPECIFIED., .F., .F., .T. ) 
 B_SPLINE_SURFACE_WITH_KNOTS ( ( 4, 4 ),
 ( 3, 3 ),
 ( 1.182427031821513319, 1.570796326794896558 ),
 ( 0.000000000000000000, 1.000000000000000000 ),
 .UNSPECIFIED. ) 
 GEOMETRIC_REPRESENTATION_ITEM ( )  RATIONAL_B_SPLINE_SURFACE ( (
 ( 1.000000000000000000, 0.7961679951387036214, 1.000000000000000000),
 ( 1.000000000000000000, 0.7695742800711177223, 1.000000000000000000),
 ( 1.000000000000000000, 0.7394810956956731074, 1.000000000000000000),
 ( 1.000000000000000000, 0.7071067811865474617, 1.000000000000000000) ) ) 
 REPRESENTATION_ITEM ( '' )  SURFACE ( )  );
#3043 = DIRECTION ( 'NONE',  ( 0.000000000000000000, 0.000000000000000000, -1.000000000000000000 ) ) ;
#3044 = CARTESIAN_POINT ( 'NONE',  ( -4.650000000000000355, -0.4085786437626907630, 1.244974746830581180 ) ) ;
#3045 = CIRCLE ( 'NONE', #1492, 2.407106781186551192 ) ;
#3046 = ORIENTED_EDGE ( 'NONE', *, *, #668, .T. ) ;
#3047 = FACE_BOUND ( 'NONE', #108, .T. ) ;
#3048 = ORIENTED_EDGE ( 'NONE', *, *, #2159, .F. ) ;
#3049 = CARTESIAN_POINT ( 'NONE',  ( 3.410174464001669570, 2.710505431213761085E-17, 0.9635742625348479029 ) ) ;
#3050 = CARTESIAN_POINT ( 'NONE',  ( 0.000000000000000000, -0.4671572875253803825, -0.2999999999999981570 ) ) ;
#3051 = CARTESIAN_POINT ( 'NONE',  ( -3.600000000000000089, -0.1816882751459883150, 0.8720924620874022093 ) ) ;
#3052 = DIRECTION ( 'NONE',  ( -1.000000000000000000, 0.000000000000000000, 0.000000000000000000 ) ) ;
#3053 = ORIENTED_EDGE ( 'NONE', *, *, #523, .T. ) ;
#3054 = CARTESIAN_POINT ( 'NONE',  ( -3.743841869936224587, -4.932995514419894373E-05, 1.524379511696571265 ) ) ;
#3055 = FACE_OUTER_BOUND ( 'NONE', #3254, .T. ) ;
#3056 = VECTOR ( 'NONE', #2131, 1000.000000000000000 ) ;
#3057 = EDGE_CURVE ( 'NONE', #1600, #1543, #1335, .T. ) ;
#3058 = CARTESIAN_POINT ( 'NONE',  ( -4.681576424209456633, -0.3500000000000001998, 1.056713005815275608 ) ) ;
#3059 = CARTESIAN_POINT ( 'NONE',  ( -4.650000000000000355, -0.5500000000000000444, -0.2207106781186527755 ) ) ;
#3060 = ORIENTED_EDGE ( 'NONE', *, *, #932, .T. ) ;
#3061 = CARTESIAN_POINT ( 'NONE',  ( 3.614894439003230708, -0.1464466094067267965, -0.3778174593051978891 ) ) ;
#3062 = ADVANCED_FACE ( 'NONE', ( #1394 ), #2562, .T. ) ;
#3063 = VERTEX_POINT ( 'NONE', #2576 ) ;
#3064 = FACE_BOUND ( 'NONE', #797, .T. ) ;
#3065 = ORIENTED_EDGE ( 'NONE', *, *, #148, .T. ) ;
#3066 = CARTESIAN_POINT ( 'NONE',  ( 3.429788878006462038, -2.710505431213761085E-17, -0.4313708498984714090 ) ) ;
#3067 = CIRCLE ( 'NONE', #3100, 0.5000000000000004441 ) ;
#3068 = ADVANCED_FACE ( 'NONE', ( #1513 ), #1248, .F. ) ;
#3069 = DIRECTION ( 'NONE',  ( 0.000000000000000000, 0.000000000000000000, 1.000000000000000000 ) ) ;
#3070 = FACE_OUTER_BOUND ( 'NONE', #1834, .T. ) ;
#3071 = CARTESIAN_POINT ( 'NONE',  ( -4.570211121993539294, 0.000000000000000000, 1.031370849898472830 ) ) ;
#3072 = ORIENTED_EDGE ( 'NONE', *, *, #2717, .F. ) ;
#3073 = CYLINDRICAL_SURFACE ( 'NONE', #1166, 1.000000000000000000 ) ;
#3074 = CARTESIAN_POINT ( 'NONE',  ( -4.570211121993538406, 0.000000000000000000, -0.4313708498984710205 ) ) ;
#3075 = ADVANCED_FACE ( 'NONE', ( #1529 ), #143, .T. ) ;
#3076 = DIRECTION ( 'NONE',  ( 0.000000000000000000, 0.000000000000000000, 1.000000000000000000 ) ) ;
#3077 = CARTESIAN_POINT ( 'NONE',  ( 4.274817353320242930, 0.000000000000000000, -0.9397375347385804600 ) ) ;
#3078 = EDGE_CURVE ( 'NONE', #501, #3198, #695, .T. ) ;
#3079 = DIRECTION ( 'NONE',  ( -0.000000000000000000, 0.7071067811865485719, 0.7071067811865465735 ) ) ;
#3080 = VERTEX_POINT ( 'NONE', #2613 ) ;
#3081 = CYLINDRICAL_SURFACE ( 'NONE', #2453, 0.4999999999999995559 ) ;
#3082 = EDGE_CURVE ( 'NONE', #2623, #2623, #373, .T. ) ;
#3083 = VERTEX_POINT ( 'NONE', #1264 ) ;
#3084 = AXIS2_PLACEMENT_3D ( 'NONE', #1871, #2996, #519 ) ;
#3085 = VERTEX_POINT ( 'NONE', #2867 ) ;
#3086 = CARTESIAN_POINT ( 'NONE',  ( 4.200000000000000178, 0.000000000000000000, -1.031370849898473052 ) ) ;
#3087 = DIRECTION ( 'NONE',  ( 0.000000000000000000, 0.000000000000000000, 1.000000000000000000 ) ) ;
#3088 = CARTESIAN_POINT ( 'NONE',  ( -3.799999999999999822, -0.09289321881345338761, 0.9242640687119254572 ) ) ;
#3089 = DIRECTION ( 'NONE',  ( 0.000000000000000000, 0.000000000000000000, 1.000000000000000000 ) ) ;
#3090 = AXIS2_PLACEMENT_3D ( 'NONE', #2029, #908, #3089 ) ;
#3091 = FACE_OUTER_BOUND ( 'NONE', #3558, .T. ) ;
#3092 = CARTESIAN_POINT ( 'NONE',  ( 0.000000000000000000, -0.3499999999999999778, -0.2999999999999981570 ) ) ;
#3093 = DIRECTION ( 'NONE',  ( 0.000000000000000000, 0.000000000000000000, -1.000000000000000000 ) ) ;
#3094 = CARTESIAN_POINT ( 'NONE',  ( -1.499999999999999556, -0.3499999999999999778, 4.500000000000001776 ) ) ;
#3095 = CARTESIAN_POINT ( 'NONE',  ( -3.650192591691935107, -0.000000000000000000, -0.8479777979313224412 ) ) ;
#3096 = ORIENTED_EDGE ( 'NONE', *, *, #3572, .T. ) ;
#3097 = DIRECTION ( 'NONE',  ( -1.000000000000000000, 0.000000000000000000, 0.000000000000000000 ) ) ;
#3098 = VERTEX_POINT ( 'NONE', #1467 ) ;
#3099 = ORIENTED_EDGE ( 'NONE', *, *, #768, .F. ) ;
#3100 = AXIS2_PLACEMENT_3D ( 'NONE', #1703, #2259, #83 ) ;
#3101 = FACE_OUTER_BOUND ( 'NONE', #2421, .T. ) ;
#3102 = CIRCLE ( 'NONE', #338, 0.7999999999999999334 ) ;
#3103 = LINE ( 'NONE', #636, #1788 ) ;
#3104 = LINE ( 'NONE', #619, #1647 ) ;
#3105 = B_SPLINE_CURVE_WITH_KNOTS ( 'NONE', 3,
 ( #1181, #1722, #1195, #2291 ),
 .UNSPECIFIED., .F., .F.,
 ( 4, 4 ),
 ( 0.000000000000000000, 0.0007070939763864884800 ),
 .UNSPECIFIED. ) ;
#3106 = CARTESIAN_POINT ( 'NONE',  ( -3.549999999999999822, -0.4343145750507612091, 0.3000000000000004330 ) ) ;
#3107 = EDGE_CURVE ( 'NONE', #1333, #1908, #1991, .T. ) ;
#3108 = EDGE_LOOP ( 'NONE', ( #1575, #2682, #3153, #2103 ) ) ;
#3109 = DIRECTION ( 'NONE',  ( 0.000000000000000000, -0.000000000000000000, 1.000000000000000000 ) ) ;
#3110 = VECTOR ( 'NONE', #1004, 1000.000000000000000 ) ;
#3111 = CARTESIAN_POINT ( 'NONE',  ( 4.400000000000000355, -0.2000000000000000111, -0.2171572875253784396 ) ) ;
#3112 = LINE ( 'NONE', #1458, #2447 ) ;
#3113 = B_SPLINE_CURVE_WITH_KNOTS ( 'NONE', 3,
 ( #71, #1244, #375, #935, #1736, #2262 ),
 .UNSPECIFIED., .F., .F.,
 ( 4, 2, 4 ),
 ( -5.736216187291073325E-06, 0.0003452807999648870312, 0.0006962978161170651136 ),
 .UNSPECIFIED. ) ;
#3114 = CARTESIAN_POINT ( 'NONE',  ( -3.614894439003229820, -0.1464466094067268243, -0.3778174593051980001 ) ) ;
#3115 = EDGE_LOOP ( 'NONE', ( #2719 ) ) ;
#3116 = AXIS2_PLACEMENT_3D ( 'NONE', #1880, #2715, #1414 ) ;
#3117 = CARTESIAN_POINT ( 'NONE',  ( -4.570211121993538406, 0.000000000000000000, 1.031370849898473052 ) ) ;
#3118 = VERTEX_POINT ( 'NONE', #3173 ) ;
#3119 = ORIENTED_EDGE ( 'NONE', *, *, #148, .F. ) ;
#3120 = CIRCLE ( 'NONE', #8, 0.1999999999999999278 ) ;
#3121 = CARTESIAN_POINT ( 'NONE',  ( -4.333417823513788569, -0.06832627184090971084, 1.192022455149427174 ) ) ;
#3122 = CYLINDRICAL_SURFACE ( 'NONE', #2212, 0.2000000000000000944 ) ;
#3123 = CARTESIAN_POINT ( 'NONE',  ( -4.650000000000000355, -0.5500000000000000444, 0.8207106781186536137 ) ) ;
#3124 = ADVANCED_FACE ( 'NONE', ( #709 ), #1723, .F. ) ;
#3125 = AXIS2_PLACEMENT_3D ( 'NONE', #570, #1593, #1923 ) ;
#3126 = VECTOR ( 'NONE', #694, 1000.000000000000000 ) ;
#3127 = DIRECTION ( 'NONE',  ( 0.000000000000000000, -0.000000000000000000, 1.000000000000000000 ) ) ;
#3128 = CARTESIAN_POINT ( 'NONE',  ( 6.505213034913026604E-16, -0.3499999999999999778, 11.50000000000000000 ) ) ;
#3129 = DIRECTION ( 'NONE',  ( -1.000000000000000000, 0.000000000000000000, 0.000000000000000000 ) ) ;
#3130 = DIRECTION ( 'NONE',  ( 0.000000000000000000, 0.000000000000000000, -1.000000000000000000 ) ) ;
#3131 = DIRECTION ( 'NONE',  ( 0.2779153920969862912, 0.000000000000000000, -0.9606055563214168647 ) ) ;
#3132 = CARTESIAN_POINT ( 'NONE',  ( -4.400000000000001243, -0.1816882751459903411, 0.8720924620874042077 ) ) ;
#3133 = DIRECTION ( 'NONE',  ( -0.000000000000000000, -0.000000000000000000, 1.000000000000000000 ) ) ;
#3134 = EDGE_LOOP ( 'NONE', ( #3342, #2408, #1041, #2977 ) ) ;
#3135 = ADVANCED_FACE ( 'NONE', ( #3101 ), #3122, .T. ) ;
#3136 = CARTESIAN_POINT ( 'NONE',  ( 0.000000000000000000, -1.400000000000000133, -0.2999999999999981570 ) ) ;
#3137 = ORIENTED_EDGE ( 'NONE', *, *, #125, .F. ) ;
#3138 = VERTEX_POINT ( 'NONE', #415 ) ;
#3139 = DIRECTION ( 'NONE',  ( -1.000000000000000000, 0.000000000000000000, 0.000000000000000000 ) ) ;
#3140 = DIRECTION ( 'NONE',  ( 0.000000000000000000, -0.000000000000000000, 1.000000000000000000 ) ) ;
#3141 = VECTOR ( 'NONE', #2589, 1000.000000000000000 ) ;
#3142 = LINE ( 'NONE', #670, #3461 ) ;
#3143 = PRODUCT_DEFINITION_FORMATION_WITH_SPECIFIED_SOURCE ( 'ANY', '', #3582, .NOT_KNOWN. ) ;
#3144 = DIRECTION ( 'NONE',  ( 0.000000000000000000, 0.7071067811865467956, 0.7071067811865483499 ) ) ;
#3145 = CARTESIAN_POINT ( 'NONE',  ( 4.555013847162024732, -0.3500000000000000333, 1.386396102487726267 ) ) ;
#3146 = CARTESIAN_POINT ( 'NONE',  ( 4.385105560996769292, -0.1464466094067262414, -0.3778174593051992214 ) ) ;
#3147 = LINE ( 'NONE', #134, #2409 ) ;
#3148 = AXIS2_PLACEMENT_3D ( 'NONE', #1920, #2765, #48 ) ;
#3149 = CARTESIAN_POINT ( 'NONE',  ( -4.554397357463773943, -0.4238200794005963501, -0.5992504399168758766 ) ) ;
#3150 = CARTESIAN_POINT ( 'NONE',  ( -3.349999999999999645, -0.7525126265847069673, -0.01819805153394630365 ) ) ;
#3151 = CARTESIAN_POINT ( 'NONE',  ( -4.385105560996769292, -0.1464466094067268520, 0.9778174593051991437 ) ) ;
#3152 = ORIENTED_EDGE ( 'NONE', *, *, #1472, .F. ) ;
#3153 = ORIENTED_EDGE ( 'NONE', *, *, #2811, .T. ) ;
#3154 = FACE_OUTER_BOUND ( 'NONE', #1016, .T. ) ;
#3155 = CARTESIAN_POINT ( 'NONE',  ( 3.349999999999999645, -0.5128719982746287043, -0.3320946832948470373 ) ) ;
#3156 = DIRECTION ( 'NONE',  ( 0.000000000000000000, 1.000000000000000000, 0.000000000000000000 ) ) ;
#3157 =( BOUNDED_SURFACE ( )  B_SPLINE_SURFACE ( 3, 2, ( 
 ( #2833, #359, #1466 ),
 ( #1169, #2271, #2254 ),
 ( #2046, #2872, #3368 ),
 ( #1216, #3158, #1198 ) ),
 .UNSPECIFIED., .F., .F., .F. ) 
 B_SPLINE_SURFACE_WITH_KNOTS ( ( 4, 4 ),
 ( 3, 3 ),
 ( 4.324019685411306213, 4.712388980384689674 ),
 ( 0.000000000000000000, 1.000000000000000000 ),
 .UNSPECIFIED. ) 
 GEOMETRIC_REPRESENTATION_ITEM ( )  RATIONAL_B_SPLINE_SURFACE ( (
 ( 1.000000000000000000, 0.7961679951387038434, 1.000000000000000000),
 ( 1.000000000000000000, 0.7695742800711179443, 1.000000000000000000),
 ( 1.000000000000000000, 0.7394810956956714421, 1.000000000000000000),
 ( 1.000000000000000000, 0.7071067811865463515, 1.000000000000000000) ) ) 
 REPRESENTATION_ITEM ( '' )  SURFACE ( )  );
#3158 = CARTESIAN_POINT ( 'NONE',  ( 4.400000000000000355, 1.355252715606857370E-16, 0.8171572875253778623 ) ) ;
#3159 = VECTOR ( 'NONE', #1042, 1000.000000000000000 ) ;
#3160 = CARTESIAN_POINT ( 'NONE',  ( 4.684235636908733014, -0.3500000000000000888, -0.3234176966986228585 ) ) ;
#3161 = FACE_OUTER_BOUND ( 'NONE', #407, .T. ) ;
#3162 = FACE_OUTER_BOUND ( 'NONE', #863, .T. ) ;
#3163 = DIRECTION ( 'NONE',  ( 0.000000000000000000, 1.000000000000000000, 0.000000000000000000 ) ) ;
#3164 = EDGE_CURVE ( 'NONE', #332, #2288, #632, .T. ) ;
#3165 = CARTESIAN_POINT ( 'NONE',  ( -4.400000000000000355, -0.5757359312880704350, 0.4414213562373099919 ) ) ;
#3166 = ORIENTED_EDGE ( 'NONE', *, *, #1514, .T. ) ;
#3167 = CARTESIAN_POINT ( 'NONE',  ( 4.850000000000000533, -0.5500000000000000444, 0.000000000000000000 ) ) ;
#3168 = VECTOR ( 'NONE', #1842, 1000.000000000000000 ) ;
#3169 = EDGE_LOOP ( 'NONE', ( #1752 ) ) ;
#3170 = ORIENTED_EDGE ( 'NONE', *, *, #523, .F. ) ;
#3171 = ADVANCED_FACE ( 'NONE', ( #394 ), #432, .F. ) ;
#3172 = CIRCLE ( 'NONE', #977, 1.000000000000000000 ) ;
#3173 = CARTESIAN_POINT ( 'NONE',  ( -3.549999999999999822, -0.8939339828220161932, 0.7596194077712569159 ) ) ;
#3174 = CARTESIAN_POINT ( 'NONE',  ( 9.293161478447181743E-17, 0.000000000000000000, 10.00000000000000178 ) ) ;
#3175 = CARTESIAN_POINT ( 'NONE',  ( -3.799999999999999822, -0.8000000000000000444, -1.031370849898473052 ) ) ;
#3176 = EDGE_CURVE ( 'NONE', #157, #2142, #2639, .T. ) ;
#3177 = CARTESIAN_POINT ( 'NONE',  ( 4.628445355010823548, -0.4761799205994131645, -0.4421709163204511905 ) ) ;
#3178 = CARTESIAN_POINT ( 'NONE',  ( 0.000000000000000000, -1.100000000000000533, -0.2999999999999981570 ) ) ;
#3179 = FACE_OUTER_BOUND ( 'NONE', #2749, .T. ) ;
#3180 = CARTESIAN_POINT ( 'NONE',  ( -4.400000000000000355, -0.5500000000000000444, 1.386396103067890850 ) ) ;
#3181 = CARTESIAN_POINT ( 'NONE',  ( -4.555013847162069140, -0.3500000000000000333, -0.7863961024877594852 ) ) ;
#3182 = ORIENTED_EDGE ( 'NONE', *, *, #1385, .T. ) ;
#3183 = CARTESIAN_POINT ( 'NONE',  ( 2.168404344971008868E-16, -0.3499999999999999778, 10.75000000000000000 ) ) ;
#3184 = ADVANCED_FACE ( 'NONE', ( #1064 ), #2524, .T. ) ;
#3185 = LINE ( 'NONE', #3239, #925 ) ;
#3186 = VERTEX_POINT ( 'NONE', #2436 ) ;
#3187 = EDGE_LOOP ( 'NONE', ( #2540, #441, #1606, #721 ) ) ;
#3188 = DIRECTION ( 'NONE',  ( 0.000000000000000000, -0.7071067811865464625, -0.7071067811865484609 ) ) ;
#3189 = ADVANCED_FACE ( 'NONE', ( #1601 ), #3224, .T. ) ;
#3190 = EDGE_CURVE ( 'NONE', #1767, #2738, #1341, .T. ) ;
#3191 = CARTESIAN_POINT ( 'NONE',  ( 3.631350009671472368, -0.1129307955199261859, 1.068211420519788568 ) ) ;
#3192 = CARTESIAN_POINT ( 'NONE',  ( 4.450000000000001066, -0.3499999999999999778, -0.7863961030678897624 ) ) ;
#3193 = CARTESIAN_POINT ( 'NONE',  ( -4.400000000000000355, 0.8904822720533968061, 2.544035662646665141 ) ) ;
#3194 = AXIS2_PLACEMENT_3D ( 'NONE', #2758, #3581, #18 ) ;
#3195 = CARTESIAN_POINT ( 'NONE',  ( 4.849999999854892607, -0.3500000000000000333, 0.9692226850195272414 ) ) ;
#3196 = CARTESIAN_POINT ( 'NONE',  ( 0.000000000000000000, -1.470710678118654968, -0.2999999999999981570 ) ) ;
#3197 = CARTESIAN_POINT ( 'NONE',  ( -4.450000000000000178, -0.3500000000000003109, 1.303553390593271688 ) ) ;
#3198 = VERTEX_POINT ( 'NONE', #480 ) ;
#3199 = DIRECTION ( 'NONE',  ( -0.000000000000000000, 0.000000000000000000, -1.000000000000000000 ) ) ;
#3200 = CARTESIAN_POINT ( 'NONE',  ( -4.599143985066313611, -0.3500000000000000333, -0.6432364009987356912 ) ) ;
#3201 = ORIENTED_EDGE ( 'NONE', *, *, #2440, .F. ) ;
#3202 = VECTOR ( 'NONE', #418, 1000.000000000000000 ) ;
#3203 = CARTESIAN_POINT ( 'NONE',  ( -4.200000000000000178, -0.8000000000000000444, -1.031370849898473052 ) ) ;
#3204 = ORIENTED_EDGE ( 'NONE', *, *, #1384, .T. ) ;
#3205 = ORIENTED_EDGE ( 'NONE', *, *, #2319, .T. ) ;
#3206 = CARTESIAN_POINT ( 'NONE',  ( -4.400000000000000355, -0.2000000000000000111, 1.631370849898473807 ) ) ;
#3207 = CARTESIAN_POINT ( 'NONE',  ( -5.000000000000000000, 0.000000000000000000, 4.500000000000000888 ) ) ;
#3208 = DIRECTION ( 'NONE',  ( 1.000000000000000000, -0.000000000000000000, 0.000000000000000000 ) ) ;
#3209 = AXIS2_PLACEMENT_3D ( 'NONE', #2513, #875, #321 ) ;
#3210 = DIRECTION ( 'NONE',  ( 0.000000000000000000, 1.000000000000000000, 0.000000000000000000 ) ) ;
#3211 = CYLINDRICAL_SURFACE ( 'NONE', #2624, 0.8000000000000001554 ) ;
#3212 = ORIENTED_EDGE ( 'NONE', *, *, #3515, .F. ) ;
#3213 = CARTESIAN_POINT ( 'NONE',  ( 3.549999999999999822, -0.3499999999999999778, -0.7863961030678897624 ) ) ;
#3214 = CIRCLE ( 'NONE', #2989, 0.8000000000000000444 ) ;
#3215 = DIRECTION ( 'NONE',  ( -1.000000000000000000, 0.000000000000000000, 0.000000000000000000 ) ) ;
#3216 = ADVANCED_FACE ( 'NONE', ( #740 ), #1547, .T. ) ;
#3217 = ORIENTED_EDGE ( 'NONE', *, *, #1364, .T. ) ;
#3218 = CARTESIAN_POINT ( 'NONE',  ( 0.000000000000000000, -0.4671572875253803825, 1.824264068711934916 ) ) ;
#3219 = DIRECTION ( 'NONE',  ( -1.000000000000000000, 0.000000000000000000, 0.000000000000000000 ) ) ;
#3220 = EDGE_CURVE ( 'NONE', #970, #70, #794, .T. ) ;
#3221 = ORIENTED_EDGE ( 'NONE', *, *, #901, .F. ) ;
#3222 = ORIENTED_EDGE ( 'NONE', *, *, #3176, .F. ) ;
#3223 = CARTESIAN_POINT ( 'NONE',  ( 3.614894439003230708, -0.1464466094067267687, 0.9778174593051991437 ) ) ;
#3224 = CYLINDRICAL_SURFACE ( 'NONE', #1798, 0.1999999999999999556 ) ;
#3225 = LINE ( 'NONE', #1602, #1163 ) ;
#3226 = AXIS2_PLACEMENT_3D ( 'NONE', #2795, #1709, #1143 ) ;
#3227 = ORIENTED_EDGE ( 'NONE', *, *, #1384, .F. ) ;
#3228 = DIRECTION ( 'NONE',  ( 0.000000000000000000, -0.7071067811865484609, 0.7071067811865465735 ) ) ;
#3229 = DIRECTION ( 'NONE',  ( 0.000000000000000000, 1.000000000000000000, 0.000000000000000000 ) ) ;
#3230 = EDGE_CURVE ( 'NONE', #1770, #1946, #2268, .T. ) ;
#3231 = EDGE_CURVE ( 'NONE', #3098, #1348, #2617, .T. ) ;
#3232 = EDGE_LOOP ( 'NONE', ( #299, #614, #2415, #665 ) ) ;
#3233 = CARTESIAN_POINT ( 'NONE',  ( -1.999999999999999556, 0.000000000000000000, 5.000000000000000888 ) ) ;
#3234 = DIRECTION ( 'NONE',  ( -0.9606055563214173088, -3.523657060577891777E-15, 0.2779153920969841263 ) ) ;
#3235 = AXIS2_PLACEMENT_3D ( 'NONE', #3006, #3553, #509 ) ;
#3236 = ORIENTED_EDGE ( 'NONE', *, *, #2549, .T. ) ;
#3237 = AXIS2_PLACEMENT_3D ( 'NONE', #1457, #859, #2859 ) ;
#3238 = CARTESIAN_POINT ( 'NONE',  ( -4.200000000000000178, 0.000000000000000000, -1.031370849898473052 ) ) ;
#3239 = CARTESIAN_POINT ( 'NONE',  ( 4.400000000000000355, -0.8939339828220163042, 0.7596194077712569159 ) ) ;
#3240 = EDGE_LOOP ( 'NONE', ( #2999 ) ) ;
#3241 = VERTEX_POINT ( 'NONE', #179 ) ;
#3242 = CARTESIAN_POINT ( 'NONE',  ( 4.000000000000000000, -0.3499999999999999778, 3.500000000000000888 ) ) ;
#3243 = EDGE_CURVE ( 'NONE', #3083, #1580, #1857, .T. ) ;
#3244 = EDGE_LOOP ( 'NONE', ( #3528, #706, #1616, #2722, #1989, #1950, #2775, #937 ) ) ;
#3245 = CARTESIAN_POINT ( 'NONE',  ( 3.614894439003230264, -0.1464466094067266300, 0.9778174593051992547 ) ) ;
#3246 = ADVANCED_FACE ( 'NONE', ( #250 ), #2938, .F. ) ;
#3247 = CARTESIAN_POINT ( 'NONE',  ( -5.000000000000000000, 0.000000000000000000, 3.500000000000000444 ) ) ;
#3248 = VECTOR ( 'NONE', #844, 1000.000000000000000 ) ;
#3249 = EDGE_LOOP ( 'NONE', ( #954, #2500, #368, #1650 ) ) ;
#3250 = CARTESIAN_POINT ( 'NONE',  ( 3.799999999999999822, -0.09289321881345360965, -0.3242640687119245357 ) ) ;
#3251 = EDGE_CURVE ( 'NONE', #2105, #2105, #1695, .T. ) ;
#3252 = CARTESIAN_POINT ( 'NONE',  ( 4.274881610269122945, 0.000000000000000000, -0.9396588353862285192 ) ) ;
#3253 =( BOUNDED_SURFACE ( )  B_SPLINE_SURFACE ( 3, 2, ( 
 ( #3407, #2020, #2825 ),
 ( #103, #1984, #3132 ),
 ( #352, #1204, #2302 ),
 ( #1748, #371, #645 ) ),
 .UNSPECIFIED., .F., .F., .F. ) 
 B_SPLINE_SURFACE_WITH_KNOTS ( ( 4, 4 ),
 ( 3, 3 ),
 ( 1.570796326794896558, 1.959165621768281351 ),
 ( 0.000000000000000000, 1.000000000000000000 ),
 .UNSPECIFIED. ) 
 GEOMETRIC_REPRESENTATION_ITEM ( )  RATIONAL_B_SPLINE_SURFACE ( (
 ( 1.000000000000000000, 0.7071067811865475727, 1.000000000000000000),
 ( 1.000000000000000000, 0.7394810956956735515, 1.000000000000000000),
 ( 1.000000000000000000, 0.7695742800711176113, 1.000000000000000000),
 ( 1.000000000000000000, 0.7961679951387042875, 1.000000000000000000) ) ) 
 REPRESENTATION_ITEM ( '' )  SURFACE ( )  );
#3254 = EDGE_LOOP ( 'NONE', ( #1610, #1786, #2357 ) ) ;
#3255 = AXIS2_PLACEMENT_3D ( 'NONE', #1584, #2416, #2647 ) ;
#3256 = DIRECTION ( 'NONE',  ( 0.000000000000000000, -0.7071067811865466846, 0.7071067811865483499 ) ) ;
#3257 = CARTESIAN_POINT ( 'NONE',  ( -4.400000000000000355, -0.1999999999999999278, -0.2171572875253786616 ) ) ;
#3258 = EDGE_LOOP ( 'NONE', ( #1853, #231, #2211, #2374 ) ) ;
#3259 = CARTESIAN_POINT ( 'NONE',  ( 0.000000000000000000, -0.3499999999999999778, 2.107106781186553146 ) ) ;
#3260 = DIRECTION ( 'NONE',  ( 0.000000000000000000, 1.000000000000000000, 0.000000000000000000 ) ) ;
#3261 = ORIENTED_EDGE ( 'NONE', *, *, #2523, .F. ) ;
#3262 = ORIENTED_EDGE ( 'NONE', *, *, #3370, .T. ) ;
#3263 = DIRECTION ( 'NONE',  ( 0.000000000000000000, -0.7071067811865485719, 0.7071067811865465735 ) ) ;
#3264 = ORIENTED_EDGE ( 'NONE', *, *, #1334, .F. ) ;
#3265 = DIRECTION ( 'NONE',  ( 0.000000000000000000, 0.000000000000000000, -1.000000000000000000 ) ) ;
#3266 = DIRECTION ( 'NONE',  ( 0.000000000000000000, 0.000000000000000000, 1.000000000000000000 ) ) ;
#3267 = ORIENTED_EDGE ( 'NONE', *, *, #1431, .F. ) ;
#3268 = PLANE ( 'NONE',  #2375 ) ;
#3269 = ORIENTED_EDGE ( 'NONE', *, *, #941, .T. ) ;
#3270 = CARTESIAN_POINT ( 'NONE',  ( -3.799999999999999822, 0.000000000000000000, 1.631370849898473807 ) ) ;
#3271 = CIRCLE ( 'NONE', #2466, 0.1999999999999996503 ) ;
#3272 = CARTESIAN_POINT ( 'NONE',  ( 6.505213034913026604E-16, 0.000000000000000000, 11.50000000000000000 ) ) ;
#3273 =( BOUNDED_CURVE ( )  B_SPLINE_CURVE ( 3, ( #3192, #2615, #181, #1234 ),
 .UNSPECIFIED., .F., .T. ) 
 B_SPLINE_CURVE_WITH_KNOTS ( ( 4, 4 ),
 ( 3.141592653589793116, 4.712388980384689674 ),
 .UNSPECIFIED. ) 
 CURVE ( )  GEOMETRIC_REPRESENTATION_ITEM ( )  RATIONAL_B_SPLINE_CURVE ( ( 1.000000000000000000, 0.8047378541243649375, 0.8047378541243649375, 1.000000000000000000 ) ) 
 REPRESENTATION_ITEM ( '' )  );
#3274 = TOROIDAL_SURFACE ( 'NONE', #918, 2.864213562373099542, 1.000000000000000000 ) ;
#3275 = CARTESIAN_POINT ( 'NONE',  ( 3.799999999999999822, -0.2343145750507625857, 1.065685424949235571 ) ) ;
#3276 = ORIENTED_EDGE ( 'NONE', *, *, #571, .F. ) ;
#3277 = EDGE_LOOP ( 'NONE', ( #3099, #3060, #226 ) ) ;
#3278 = ADVANCED_FACE ( 'NONE', ( #215 ), #1298, .T. ) ;
#3279 = VERTEX_POINT ( 'NONE', #270 ) ;
#3280 = DIRECTION ( 'NONE',  ( 0.000000000000000000, -0.000000000000000000, 1.000000000000000000 ) ) ;
#3281 = CARTESIAN_POINT ( 'NONE',  ( -1.499999999999999556, -0.3499999999999999778, 5.000000000000000888 ) ) ;
#3282 = CARTESIAN_POINT ( 'NONE',  ( 3.799999999999999822, 0.000000000000000000, 1.631370849898473807 ) ) ;
#3283 = AXIS2_PLACEMENT_3D ( 'NONE', #2484, #302, #3043 ) ;
#3284 = VECTOR ( 'NONE', #691, 1000.000000000000000 ) ;
#3285 = ORIENTED_EDGE ( 'NONE', *, *, #2441, .F. ) ;
#3286 = CARTESIAN_POINT ( 'NONE',  ( -3.573606669692039883, 3.222390018175418254E-15, -0.3299067456550230371 ) ) ;
#3287 = CARTESIAN_POINT ( 'NONE',  ( -3.349999999999999645, -0.5500000000000000444, -0.2207106781186526923 ) ) ;
#3288 = AXIS2_PLACEMENT_3D ( 'NONE', #2100, #1832, #2427 ) ;
#3289 = ADVANCED_FACE ( 'NONE', ( #579 ), #3081, .F. ) ;
#3290 = FACE_OUTER_BOUND ( 'NONE', #1162, .T. ) ;
#3291 = CIRCLE ( 'NONE', #983, 1.499999999999999556 ) ;
#3292 = CARTESIAN_POINT ( 'NONE',  ( -1.499999999999999556, -0.3499999999999999778, 4.500000000000001776 ) ) ;
#3293 = DIRECTION ( 'NONE',  ( 0.000000000000000000, 1.000000000000000000, 0.000000000000000000 ) ) ;
#3294 = VERTEX_POINT ( 'NONE', #538 ) ;
#3295 =( BOUNDED_SURFACE ( )  B_SPLINE_SURFACE ( 3, 2, ( 
 ( #2339, #3408, #3114 ),
 ( #406, #933, #2057 ),
 ( #1766, #681, #3440 ),
 ( #386, #1495, #1478 ),
 ( #1782, #3389, #2036 ),
 ( #966, #646, #2607 ) ),
 .UNSPECIFIED., .F., .F., .T. ) 
 B_SPLINE_SURFACE_WITH_KNOTS ( ( 4, 2, 4 ),
 ( 3, 3 ),
 ( -0.0003083098813833722029, 4.660019550901188762E-05, 0.0004015102724013959782 ),
 ( 0.000000000000000000, 1.000000000000000000 ),
 .UNSPECIFIED. ) 
 GEOMETRIC_REPRESENTATION_ITEM ( )  RATIONAL_B_SPLINE_SURFACE ( (
 ( 1.000000000000000000, 0.7961679951387037324, 1.000000000000000000),
 ( 1.000000000000000000, 0.8488014016771980863, 1.000000000000000000),
 ( 1.000000000000000000, 0.9006103750214630166, 1.000000000000000000),
 ( 1.000000000000000000, 0.9768852242761451032, 1.000000000000000000),
 ( 1.000000000000000000, 1.000398751092119509, 1.000000000000000000),
 ( 1.000000000000000000, 1.000000000000000000, 1.000000000000000000) ) ) 
 REPRESENTATION_ITEM ( '' )  SURFACE ( )  );
#3296 = ORIENTED_EDGE ( 'NONE', *, *, #955, .T. ) ;
#3297 = CIRCLE ( 'NONE', #1897, 0.2000000000000000111 ) ;
#3298 = DIRECTION ( 'NONE',  ( 0.000000000000000000, 0.7071067811865484609, 0.7071067811865465735 ) ) ;
#3299 = DIRECTION ( 'NONE',  ( -0.000000000000000000, -1.000000000000000000, -0.000000000000000000 ) ) ;
#3300 = ORIENTED_EDGE ( 'NONE', *, *, #2235, .T. ) ;
#3301 = EDGE_CURVE ( 'NONE', #1767, #1193, #3560, .T. ) ;
#3302 = B_SPLINE_CURVE_WITH_KNOTS ( 'NONE', 3,
 ( #384, #3511, #1556, #1863, #2657, #2692 ),
 .UNSPECIFIED., .F., .F.,
 ( 4, 2, 4 ),
 ( -4.898979485729289474E-06, 0.0003499935496626653672, 0.0007048860788110599459 ),
 .UNSPECIFIED. ) ;
#3303 = CARTESIAN_POINT ( 'NONE',  ( 3.666570558280056513, -0.06833824153861478568, -0.5919827600263679601 ) ) ;
#3304 = DIRECTION ( 'NONE',  ( 0.000000000000000000, 0.000000000000000000, 1.000000000000000000 ) ) ;
#3305 = ADVANCED_FACE ( 'NONE', ( #880 ), #1084, .F. ) ;
#3306 = EDGE_CURVE ( 'NONE', #49, #2992, #3380, .T. ) ;
#3307 = SURFACE_SIDE_STYLE ('',( #1142 ) ) ;
#3308 = CARTESIAN_POINT ( 'NONE',  ( 3.399999999999999911, 0.000000000000000000, -0.2171572875253765522 ) ) ;
#3309 = CARTESIAN_POINT ( 'NONE',  ( 4.274946329862841843, 0.000000000000000000, 1.539579569404941672 ) ) ;
#3310 = CARTESIAN_POINT ( 'NONE',  ( 2.168404344971008868E-16, -0.3499999999999999778, 10.00000000000000000 ) ) ;
#3311 = ORIENTED_EDGE ( 'NONE', *, *, #3243, .T. ) ;
#3312 = CARTESIAN_POINT ( 'NONE',  ( -3.462701690414648148, 0.000000000000000000, 1.145132563547177407 ) ) ;
#3313 = LINE ( 'NONE', #3292, #3465 ) ;
#3314 = VECTOR ( 'NONE', #227, 1000.000000000000000 ) ;
#3315 = CARTESIAN_POINT ( 'NONE',  ( -4.200000000000000178, -0.7171572875253797719, 0.5828427124746197174 ) ) ;
#3316 = EDGE_LOOP ( 'NONE', ( #2442, #858, #2974, #1292 ) ) ;
#3317 = LINE ( 'NONE', #3044, #100 ) ;
#3318 = EDGE_LOOP ( 'NONE', ( #3182, #1598, #90, #611 ) ) ;
#3319 = CARTESIAN_POINT ( 'NONE',  ( -3.799999999999999822, -0.2343145750507629466, -0.4656854249492340392 ) ) ;
#3320 = ORIENTED_EDGE ( 'NONE', *, *, #2472, .F. ) ;
#3321 =( NAMED_UNIT ( * ) SI_UNIT ( $, .STERADIAN. ) SOLID_ANGLE_UNIT ( ) );
#3322 = CARTESIAN_POINT ( 'NONE',  ( 3.349999999999999201, -0.4671572875253811041, 1.069238815542509879 ) ) ;
#3323 = DIRECTION ( 'NONE',  ( 0.000000000000000000, -0.7071067811865464625, 0.7071067811865484609 ) ) ;
#3324 = DIRECTION ( 'NONE',  ( 1.000000000000000000, -0.000000000000000000, -0.000000000000000000 ) ) ;
#3325 = CARTESIAN_POINT ( 'NONE',  ( -3.549999999999999822, -0.5500000000000000444, -0.7863961030678898734 ) ) ;
#3326 = VERTEX_POINT ( 'NONE', #1970 ) ;
#3327 = CARTESIAN_POINT ( 'NONE',  ( -3.762391717723687190, -2.710505431213761085E-17, 1.508541051049506310 ) ) ;
#3328 = EDGE_CURVE ( 'NONE', #70, #2142, #145, .T. ) ;
#3329 = CIRCLE ( 'NONE', #2290, 0.4499999999999997891 ) ;
#3330 = DIRECTION ( 'NONE',  ( -1.000000000000000000, 0.000000000000000000, 0.000000000000000000 ) ) ;
#3331 = APPLICATION_PROTOCOL_DEFINITION ( 'draft international standard', 'automotive_design', 1998, #2529 ) ;
#3332 = CARTESIAN_POINT ( 'NONE',  ( -4.650000000000001243, -0.5500000000000002665, 0.8207106781186533917 ) ) ;
#3333 = CARTESIAN_POINT ( 'NONE',  ( -4.650000000000000355, -0.4671572875253809931, -0.4692388155425092910 ) ) ;
#3334 = ORIENTED_EDGE ( 'NONE', *, *, #2903, .T. ) ;
#3335 = CARTESIAN_POINT ( 'NONE',  ( 3.550000000000000266, -0.3500000000000000888, 1.386396103067890850 ) ) ;
#3336 = FACE_OUTER_BOUND ( 'NONE', #3555, .T. ) ;
#3337 = CARTESIAN_POINT ( 'NONE',  ( 3.600000000000000089, -0.1999999999999999833, 0.8171572875253794166 ) ) ;
#3338 = CIRCLE ( 'NONE', #3209, 0.2000000000000000111 ) ;
#3339 = ORIENTED_EDGE ( 'NONE', *, *, #3190, .F. ) ;
#3340 = DIRECTION ( 'NONE',  ( 0.000000000000000000, 0.000000000000000000, -1.000000000000000000 ) ) ;
#3341 = EDGE_CURVE ( 'NONE', #1177, #3496, #2249, .T. ) ;
#3342 = ORIENTED_EDGE ( 'NONE', *, *, #1275, .F. ) ;
#3343 = CARTESIAN_POINT ( 'NONE',  ( 3.573606669692041216, 1.114452321614547268E-14, 0.9299067456550257349 ) ) ;
#3344 = DIRECTION ( 'NONE',  ( 0.000000000000000000, 0.000000000000000000, 1.000000000000000000 ) ) ;
#3345 = EDGE_CURVE ( 'NONE', #2622, #1600, #1977, .T. ) ;
#3346 = ADVANCED_FACE ( 'NONE', ( #326, #2809 ), #1242, .F. ) ;
#3347 = AXIS2_PLACEMENT_3D ( 'NONE', #2470, #3208, #1321 ) ;
#3348 = DIRECTION ( 'NONE',  ( 0.000000000000000000, 0.000000000000000000, 1.000000000000000000 ) ) ;
#3349 = ORIENTED_EDGE ( 'NONE', *, *, #1416, .F. ) ;
#3350 = CARTESIAN_POINT ( 'NONE',  ( 4.200000000000000178, -0.5757359312880704350, 0.1585786437626908740 ) ) ;
#3351 = DIRECTION ( 'NONE',  ( -0.000000000000000000, -0.000000000000000000, 1.000000000000000000 ) ) ;
#3352 = ADVANCED_FACE ( 'NONE', ( #60 ), #1357, .T. ) ;
#3353 = AXIS2_PLACEMENT_3D ( 'NONE', #3489, #783, #1813 ) ;
#3354 = ADVANCED_FACE ( 'NONE', ( #1393, #286, #3047, #2517, #3064 ), #1105, .F. ) ;
#3355 = VERTEX_POINT ( 'NONE', #306 ) ;
#3356 = DIRECTION ( 'NONE',  ( 0.000000000000000000, -0.7071067811865485719, -0.7071067811865465735 ) ) ;
#3357 = CARTESIAN_POINT ( 'NONE',  ( -3.799999999999999822, 1.208680323587342675, 2.225837611112718051 ) ) ;
#3358 = CARTESIAN_POINT ( 'NONE',  ( -3.429788878006462038, 0.000000000000000000, 1.031370849898472608 ) ) ;
#3359 = ORIENTED_EDGE ( 'NONE', *, *, #1170, .F. ) ;
#3360 = CARTESIAN_POINT ( 'NONE',  ( 3.614894439003230708, -0.1464466094067267965, -0.3778174593051978891 ) ) ;
#3361 = ORIENTED_EDGE ( 'NONE', *, *, #3457, .T. ) ;
#3362 = EDGE_LOOP ( 'NONE', ( #917, #1098, #2465, #1344 ) ) ;
#3363 = CARTESIAN_POINT ( 'NONE',  ( -3.497493076421821723, -0.4085786440527561236, -0.6449747465405148983 ) ) ;
#3364 = EDGE_CURVE ( 'NONE', #718, #1928, #2439, .T. ) ;
#3365 = AXIS2_PLACEMENT_3D ( 'NONE', #2293, #601, #3344 ) ;
#3366 = DIRECTION ( 'NONE',  ( -0.000000000000000000, 0.7071067811865485719, 0.7071067811865465735 ) ) ;
#3367 = FACE_OUTER_BOUND ( 'NONE', #1581, .T. ) ;
#3368 = CARTESIAN_POINT ( 'NONE',  ( 4.400000000000001243, -0.1816882751459931722, 0.8720924620874039856 ) ) ;
#3369 = ORIENTED_EDGE ( 'NONE', *, *, #781, .F. ) ;
#3370 = EDGE_CURVE ( 'NONE', #3496, #332, #1912, .T. ) ;
#3371 = DIRECTION ( 'NONE',  ( 0.000000000000000000, 0.000000000000000000, 1.000000000000000000 ) ) ;
#3372 = AXIS2_PLACEMENT_3D ( 'NONE', #1190, #84, #2280 ) ;
#3373 = CARTESIAN_POINT ( 'NONE',  ( -3.149999999999998579, -0.3499999999999999778, 1.152081528017129264 ) ) ;
#3374 = DIRECTION ( 'NONE',  ( 0.000000000000000000, -0.7071067811865485719, -0.7071067811865465735 ) ) ;
#3375 = FACE_OUTER_BOUND ( 'NONE', #2640, .T. ) ;
#3376 = VECTOR ( 'NONE', #2045, 1000.000000000000000 ) ;
#3377 = ORIENTED_EDGE ( 'NONE', *, *, #724, .T. ) ;
#3378 = CARTESIAN_POINT ( 'NONE',  ( -5.000000000000000000, -0.3499999999999999778, 3.500000000000000444 ) ) ;
#3379 = ORIENTED_EDGE ( 'NONE', *, *, #571, .T. ) ;
#3380 = CIRCLE ( 'NONE', #2794, 0.7999999999999999334 ) ;
#3381 = EDGE_LOOP ( 'NONE', ( #2024, #1022, #3377, #1509 ) ) ;
#3382 = CARTESIAN_POINT ( 'NONE',  ( 3.549999999999999822, -0.3499999999999999223, -0.7035533905932708221 ) ) ;
#3383 = DIRECTION ( 'NONE',  ( -0.000000000000000000, 0.7071067811865485719, -0.7071067811865465735 ) ) ;
#3384 = LINE ( 'NONE', #1727, #1304 ) ;
#3385 = VECTOR ( 'NONE', #91, 1000.000000000000000 ) ;
#3386 = LINE ( 'NONE', #1746, #1711 ) ;
#3387 = DIRECTION ( 'NONE',  ( 0.000000000000000000, 0.000000000000000000, 1.000000000000000000 ) ) ;
#3388 = FACE_OUTER_BOUND ( 'NONE', #2975, .T. ) ;
#3389 = CARTESIAN_POINT ( 'NONE',  ( -3.743889884505672061, -4.928777858771893241E-05, -0.9244709880862868046 ) ) ;
#3390 = ORIENTED_EDGE ( 'NONE', *, *, #2717, .T. ) ;
#3391 = CARTESIAN_POINT ( 'NONE',  ( -4.600000000000000533, 0.000000000000000000, -0.2171572875253784951 ) ) ;
#3392 = EDGE_CURVE ( 'NONE', #13, #2151, #1655, .T. ) ;
#3393 = ORIENTED_EDGE ( 'NONE', *, *, #1416, .T. ) ;
#3394 = ORIENTED_EDGE ( 'NONE', *, *, #1515, .T. ) ;
#3395 = CARTESIAN_POINT ( 'NONE',  ( 3.149999999999999467, -0.5500000000000000444, -0.2207106781186526367 ) ) ;
#3396 = VECTOR ( 'NONE', #2165, 1000.000000000000000 ) ;
#3397 =( BOUNDED_CURVE ( )  B_SPLINE_CURVE ( 3, ( #2300, #3373, #403, #1981 ),
 .UNSPECIFIED., .F., .T. ) 
 B_SPLINE_CURVE_WITH_KNOTS ( ( 4, 4 ),
 ( 1.570796326794896780, 3.141592653589793116 ),
 .UNSPECIFIED. ) 
 CURVE ( )  GEOMETRIC_REPRESENTATION_ITEM ( )  RATIONAL_B_SPLINE_CURVE ( ( 1.000000000000000000, 0.8047378541243650485, 0.8047378541243650485, 1.000000000000000000 ) ) 
 REPRESENTATION_ITEM ( '' )  );
#3398 = CARTESIAN_POINT ( 'NONE',  ( 4.200000000000000178, -0.5757359312880704350, 0.4414213562373099364 ) ) ;
#3399 = CIRCLE ( 'NONE', #2637, 0.1999999999999999833 ) ;
#3400 = DIRECTION ( 'NONE',  ( 0.000000000000000000, 0.000000000000000000, -1.000000000000000000 ) ) ;
#3401 = PLANE ( 'NONE',  #2894 ) ;
#3402 = CYLINDRICAL_SURFACE ( 'NONE', #3501, 1.000000000000000000 ) ;
#3403 = ORIENTED_EDGE ( 'NONE', *, *, #2269, .T. ) ;
#3404 = DIRECTION ( 'NONE',  ( 1.000000000000000000, -0.000000000000000000, -0.000000000000000000 ) ) ;
#3405 = AXIS2_PLACEMENT_3D ( 'NONE', #831, #1913, #2191 ) ;
#3406 = CARTESIAN_POINT ( 'NONE',  ( 3.400856014933689497, -0.3500000000000004774, 1.243236400998724456 ) ) ;
#3407 = CARTESIAN_POINT ( 'NONE',  ( -4.600000000000000533, 2.710505431213761085E-17, 0.8171572875253794166 ) ) ;
#3408 = CARTESIAN_POINT ( 'NONE',  ( -3.575798016802556489, -4.065758146820642244E-17, -0.3891285509743928617 ) ) ;
#3409 = VERTEX_POINT ( 'NONE', #1140 ) ;
#3410 = LINE ( 'NONE', #1208, #2083 ) ;
#3411 = ORIENTED_EDGE ( 'NONE', *, *, #2007, .F. ) ;
#3412 = ORIENTED_EDGE ( 'NONE', *, *, #2739, .F. ) ;
#3413 = LINE ( 'NONE', #2074, #1236 ) ;
#3414 = CARTESIAN_POINT ( 'NONE',  ( 4.450000000000001066, -0.6853553390593259964, 0.6853553390593278838 ) ) ;
#3415 = ADVANCED_FACE ( 'NONE', ( #2881 ), #139, .T. ) ;
#3416 = CARTESIAN_POINT ( 'NONE',  ( -4.268347208196840548, -0.01510183105585944166, -0.8090800959777209034 ) ) ;
#3417 =( BOUNDED_CURVE ( )  B_SPLINE_CURVE ( 3, ( #1332, #1626, #2462, #279 ),
 .UNSPECIFIED., .F., .T. ) 
 B_SPLINE_CURVE_WITH_KNOTS ( ( 4, 4 ),
 ( 1.570796326794896780, 1.959165621768280463 ),
 .UNSPECIFIED. ) 
 CURVE ( )  GEOMETRIC_REPRESENTATION_ITEM ( )  RATIONAL_B_SPLINE_CURVE ( ( 1.000000000000000000, 0.9874702209755055193, 0.9874702209755055193, 1.000000000000000000 ) ) 
 REPRESENTATION_ITEM ( '' )  );
#3418 = AXIS2_PLACEMENT_3D ( 'NONE', #1175, #1967, #3093 ) ;
#3419 = CARTESIAN_POINT ( 'NONE',  ( 5.000000000000000000, -0.3499999999999999778, 3.500000000000000888 ) ) ;
#3420 = CARTESIAN_POINT ( 'NONE',  ( 4.849999999854892607, -0.3500000000000000333, -0.3692226850195144405 ) ) ;
#3421 = PLANE ( 'NONE',  #2915 ) ;
#3422 = CARTESIAN_POINT ( 'NONE',  ( -4.599999999999999645, -0.2000000000000000111, 0.8171572875253794166 ) ) ;
#3423 = CARTESIAN_POINT ( 'NONE',  ( -3.549999999999999822, -0.3853553390593255634, -0.3853553390593266736 ) ) ;
#3424 = CARTESIAN_POINT ( 'NONE',  ( 3.549999999999999822, -0.8939339828220163042, 0.7596194077712569159 ) ) ;
#3425 = EDGE_LOOP ( 'NONE', ( #3411, #2107, #3201, #2680 ) ) ;
#3426 = LINE ( 'NONE', #952, #3141 ) ;
#3427 = ORIENTED_EDGE ( 'NONE', *, *, #2595, .F. ) ;
#3428 = EDGE_LOOP ( 'NONE', ( #730, #462, #3261, #1361, #2697 ) ) ;
#3429 = CARTESIAN_POINT ( 'NONE',  ( -4.234206285775986345, -1.075731843012961431E-16, 1.519653588337992689 ) ) ;
#3430 = CARTESIAN_POINT ( 'NONE',  ( 3.371554644989163574, -0.4761799205994132755, -0.4421709163204325388 ) ) ;
#3431 = AXIS2_PLACEMENT_3D ( 'NONE', #1635, #2741, #811 ) ;
#3432 = CARTESIAN_POINT ( 'NONE',  ( 3.659297122656186119, -0.07631033142298566940, -0.5668530750422140496 ) ) ;
#3433 = CARTESIAN_POINT ( 'NONE',  ( -3.549999999999999822, -0.4343145750507612091, 0.3000000000000004330 ) ) ;
#3434 = EDGE_CURVE ( 'NONE', #1283, #49, #3426, .T. ) ;
#3435 = CARTESIAN_POINT ( 'NONE',  ( 4.650000000000001243, -0.5128719982746033912, -0.3320946832948243888 ) ) ;
#3436 = FACE_OUTER_BOUND ( 'NONE', #516, .T. ) ;
#3437 = EDGE_CURVE ( 'NONE', #249, #1348, #544, .T. ) ;
#3438 = CARTESIAN_POINT ( 'NONE',  ( 3.549999999999999822, -0.4343145750507612091, 0.3000000000000004330 ) ) ;
#3439 = CARTESIAN_POINT ( 'NONE',  ( 4.400000000000001243, -0.1815760896926603973, 0.8724290184473981746 ) ) ;
#3440 = CARTESIAN_POINT ( 'NONE',  ( -3.659452441524563948, -0.07614218056548173463, -0.5673905355568590325 ) ) ;
#3441 = VERTEX_POINT ( 'NONE', #1987 ) ;
#3442 = DIRECTION ( 'NONE',  ( 0.000000000000000000, 0.000000000000000000, 1.000000000000000000 ) ) ;
#3443 = ORIENTED_EDGE ( 'NONE', *, *, #2343, .F. ) ;
#3444 = ORIENTED_EDGE ( 'NONE', *, *, #3341, .F. ) ;
#3445 = LINE ( 'NONE', #2042, #602 ) ;
#3446 = AXIS2_PLACEMENT_3D ( 'NONE', #222, #1861, #728 ) ;
#3447 = EDGE_CURVE ( 'NONE', #2494, #2168, #3113, .T. ) ;
#3448 = DIRECTION ( 'NONE',  ( 1.000000000000000000, 0.000000000000000000, 0.000000000000000000 ) ) ;
#3449 = CARTESIAN_POINT ( 'NONE',  ( 4.684314575050762208, -0.3499999999999999778, 1.386396103067890850 ) ) ;
#3450 = CARTESIAN_POINT ( 'NONE',  ( -4.000000000000000000, -0.3499999999999999778, 3.500000000000000444 ) ) ;
#3451 = EDGE_CURVE ( 'NONE', #3520, #682, #968, .T. ) ;
#3452 = FACE_OUTER_BOUND ( 'NONE', #513, .T. ) ;
#3453 = EDGE_CURVE ( 'NONE', #2378, #1634, #67, .T. ) ;
#3454 = DIRECTION ( 'NONE',  ( 0.000000000000000000, 0.000000000000000000, -1.000000000000000000 ) ) ;
#3455 = CARTESIAN_POINT ( 'NONE',  ( -4.850000000000001421, -0.3500000000000001998, 1.152081528017129042 ) ) ;
#3456 = ADVANCED_FACE ( 'NONE', ( #1178 ), #1471, .T. ) ;
#3457 = EDGE_CURVE ( 'NONE', #2810, #2738, #1508, .T. ) ;
#3458 = DIRECTION ( 'NONE',  ( 0.000000000000000000, 0.7071067811865485719, -0.7071067811865465735 ) ) ;
#3459 = ORIENTED_EDGE ( 'NONE', *, *, #2044, .F. ) ;
#3460 =( NAMED_UNIT ( * ) PLANE_ANGLE_UNIT ( ) SI_UNIT ( $, .RADIAN. ) );
#3461 = VECTOR ( 'NONE', #2869, 1000.000000000000000 ) ;
#3462 = EDGE_LOOP ( 'NONE', ( #390, #845, #3264, #1211 ) ) ;
#3463 = CARTESIAN_POINT ( 'NONE',  ( -3.549999999999999822, -0.5500000000000000444, 1.386396103067890850 ) ) ;
#3464 = CARTESIAN_POINT ( 'NONE',  ( 3.725092590699896178, -0.01885987435814597685, 1.387890871772717638 ) ) ;
#3465 = VECTOR ( 'NONE', #1310, 1000.000000000000000 ) ;
#3466 = DIRECTION ( 'NONE',  ( 1.000000000000000000, 0.000000000000000000, 0.000000000000000000 ) ) ;
#3467 = VECTOR ( 'NONE', #2157, 1000.000000000000000 ) ;
#3468 = DIRECTION ( 'NONE',  ( -0.000000000000000000, -0.7071067811865485719, 0.7071067811865465735 ) ) ;
#3469 = CARTESIAN_POINT ( 'NONE',  ( -3.614894439003230708, -0.1464466094067267965, -0.3778174593051978891 ) ) ;
#3470 = CARTESIAN_POINT ( 'NONE',  ( 4.400000000000001243, -0.1816882751459893142, -0.2720924620873984567 ) ) ;
#3471 = AXIS2_PLACEMENT_3D ( 'NONE', #2838, #96, #2296 ) ;
#3472 = ORIENTED_EDGE ( 'NONE', *, *, #2166, .T. ) ;
#3473 = CARTESIAN_POINT ( 'NONE',  ( -4.000000000000000000, 0.000000000000000000, 4.500000000000000888 ) ) ;
#3474 = CARTESIAN_POINT ( 'NONE',  ( -4.502506923578184939, -0.4085786440527516827, -0.6449747465405192282 ) ) ;
#3475 = ORIENTED_EDGE ( 'NONE', *, *, #1048, .T. ) ;
#3476 = DIRECTION ( 'NONE',  ( 0.000000000000000000, 0.000000000000000000, 1.000000000000000000 ) ) ;
#3477 = CARTESIAN_POINT ( 'NONE',  ( -3.371554644989152472, -0.4761799205994012296, -0.4421709163204290971 ) ) ;
#3478 = VERTEX_POINT ( 'NONE', #683 ) ;
#3479 = EDGE_LOOP ( 'NONE', ( #2527, #808, #1688, #950 ) ) ;
#3480 =( GEOMETRIC_REPRESENTATION_CONTEXT ( 3 ) GLOBAL_UNCERTAINTY_ASSIGNED_CONTEXT ( ( #985 ) ) GLOBAL_UNIT_ASSIGNED_CONTEXT ( ( #1955, #19, #3321 ) ) REPRESENTATION_CONTEXT ( 'NONE', 'WORKASPACE' ) );
#3481 = CARTESIAN_POINT ( 'NONE',  ( 3.429788878006465591, 0.000000000000000000, -0.4313708498984696327 ) ) ;
#3482 = AXIS2_PLACEMENT_3D ( 'NONE', #3167, #1751, #2003 ) ;
#3483 = EDGE_CURVE ( 'NONE', #2864, #254, #3410, .T. ) ;
#3484 = AXIS2_PLACEMENT_3D ( 'NONE', #2390, #3516, #3476 ) ;
#3485 = CARTESIAN_POINT ( 'NONE',  ( 4.599143985066364237, -0.3499999999999999223, -0.6432364009987301401 ) ) ;
#3486 = LINE ( 'NONE', #3507, #2583 ) ;
#3487 = CARTESIAN_POINT ( 'NONE',  ( -4.599999999999999645, 0.000000000000000000, -1.031370849898473052 ) ) ;
#3488 = EDGE_LOOP ( 'NONE', ( #1464, #825, #1206, #2803 ) ) ;
#3489 = CARTESIAN_POINT ( 'NONE',  ( -4.599999999999999645, -0.2000000000000000111, 0.000000000000000000 ) ) ;
#3490 = CARTESIAN_POINT ( 'NONE',  ( -3.549999999999999822, -0.3499999999999999778, -0.7863961030678897624 ) ) ;
#3491 = ORIENTED_EDGE ( 'NONE', *, *, #2870, .F. ) ;
#3492 = CARTESIAN_POINT ( 'NONE',  ( 4.570211121993538406, 0.000000000000000000, 1.031370849898472164 ) ) ;
#3493 = AXIS2_PLACEMENT_3D ( 'NONE', #1994, #2295, #3144 ) ;
#3494 = CARTESIAN_POINT ( 'NONE',  ( -3.549999999999999822, -0.3499999999999999778, -0.7863961030678897624 ) ) ;
#3495 = ORIENTED_EDGE ( 'NONE', *, *, #1385, .F. ) ;
#3496 = VERTEX_POINT ( 'NONE', #88 ) ;
#3497 = CARTESIAN_POINT ( 'NONE',  ( 4.200000000000000178, -0.8000000000000000444, 1.631370849898473807 ) ) ;
#3498 = CARTESIAN_POINT ( 'NONE',  ( 3.799999999999999822, 0.000000000000000000, 1.631370849898473807 ) ) ;
#3499 = ADVANCED_FACE ( 'NONE', ( #2862 ), #1768, .T. ) ;
#3500 = FACE_BOUND ( 'NONE', #3240, .T. ) ;
#3501 = AXIS2_PLACEMENT_3D ( 'NONE', #929, #2467, #284 ) ;
#3502 = ADVANCED_FACE ( 'NONE', ( #2609 ), #1855, .F. ) ;
#3503 = ADVANCED_FACE ( 'NONE', ( #2828 ), #2059, .F. ) ;
#3504 = ORIENTED_EDGE ( 'NONE', *, *, #678, .F. ) ;
#3505 = CARTESIAN_POINT ( 'NONE',  ( 3.549999999999999822, 0.8904822720533968061, 2.544035662646665141 ) ) ;
#3506 = VECTOR ( 'NONE', #658, 1000.000000000000000 ) ;
#3507 = CARTESIAN_POINT ( 'NONE',  ( -4.400000000000000355, -0.7171572875253795498, 0.01715728752538117630 ) ) ;
#3508 =( BOUNDED_CURVE ( )  B_SPLINE_CURVE ( 3, ( #3001, #2712, #1014, #3469 ),
 .UNSPECIFIED., .F., .F. ) 
 B_SPLINE_CURVE_WITH_KNOTS ( ( 4, 4 ),
 ( 1.570796326794896780, 1.959165621768280463 ),
 .UNSPECIFIED. ) 
 CURVE ( )  GEOMETRIC_REPRESENTATION_ITEM ( )  RATIONAL_B_SPLINE_CURVE ( ( 1.000000000000000000, 0.9874702209755055193, 0.9874702209755055193, 1.000000000000000000 ) ) 
 REPRESENTATION_ITEM ( '' )  );
#3509 = CARTESIAN_POINT ( 'NONE',  ( -4.600000000000000533, 2.710505431213761085E-17, -0.2171572875253783563 ) ) ;
#3510 = ORIENTED_EDGE ( 'NONE', *, *, #2956, .T. ) ;
#3511 = CARTESIAN_POINT ( 'NONE',  ( -4.274817353320245594, 0.000000000000000000, 1.539737534738583769 ) ) ;
#3512 = EDGE_CURVE ( 'NONE', #3098, #537, #1554, .T. ) ;
#3513 = VECTOR ( 'NONE', #722, 1000.000000000000000 ) ;
#3514 = EDGE_LOOP ( 'NONE', ( #477, #1801, #1911, #141 ) ) ;
#3515 = EDGE_CURVE ( 'NONE', #1040, #759, #2556, .T. ) ;
#3516 = DIRECTION ( 'NONE',  ( -1.000000000000000000, 0.000000000000000000, -0.000000000000000000 ) ) ;
#3517 = DIRECTION ( 'NONE',  ( 0.000000000000000000, 0.000000000000000000, -1.000000000000000000 ) ) ;
#3518 = VERTEX_POINT ( 'NONE', #769 ) ;
#3519 = LINE ( 'NONE', #2721, #1497 ) ;
#3520 = VERTEX_POINT ( 'NONE', #787 ) ;
#3521 = VECTOR ( 'NONE', #3219, 1000.000000000000000 ) ;
#3522 = CARTESIAN_POINT ( 'NONE',  ( 4.650000000000000355, -0.4671572875253811596, 1.069238815542509879 ) ) ;
#3523 = ORIENTED_EDGE ( 'NONE', *, *, #3078, .F. ) ;
#3524 = DIRECTION ( 'NONE',  ( 0.000000000000000000, 0.7071067811865462405, 0.7071067811865489050 ) ) ;
#3525 = EDGE_CURVE ( 'NONE', #615, #26, #2563, .T. ) ;
#3526 = CIRCLE ( 'NONE', #2940, 0.2000000000000000944 ) ;
#3527 = LINE ( 'NONE', #1047, #2904 ) ;
#3528 = ORIENTED_EDGE ( 'NONE', *, *, #2654, .F. ) ;
#3529 = CARTESIAN_POINT ( 'NONE',  ( -3.582468494505204326, 1.155422150877037485E-14, -0.2697518592399089643 ) ) ;
#3530 = LINE ( 'NONE', #221, #2471 ) ;
#3531 = CARTESIAN_POINT ( 'NONE',  ( -3.600000000000000089, -0.2000000000000000666, 0.8171572875253794166 ) ) ;
#3532 = EDGE_LOOP ( 'NONE', ( #1499 ) ) ;
#3533 = DIRECTION ( 'NONE',  ( 0.000000000000000000, 0.000000000000000000, 1.000000000000000000 ) ) ;
#3534 = DIRECTION ( 'NONE',  ( 1.000000000000000000, 0.000000000000000000, 0.000000000000000000 ) ) ;
#3535 =( BOUNDED_SURFACE ( )  B_SPLINE_SURFACE ( 3, 2, ( 
 ( #2582, #2079, #1219 ),
 ( #3420, #3160, #3435 ),
 ( #2873, #2065, #3177 ),
 ( #1504, #3485, #1268 ),
 ( #2854, #944, #993 ),
 ( #2031, #149, #1536 ) ),
 .UNSPECIFIED., .F., .F., .F. ) 
 B_SPLINE_SURFACE_WITH_KNOTS ( ( 4, 2, 4 ),
 ( 3, 3 ),
 ( 1.570796326794896558, 2.356194490192344837, 3.141592653589793116 ),
 ( 0.000000000000000000, 1.000000000000000000 ),
 .UNSPECIFIED. ) 
 GEOMETRIC_REPRESENTATION_ITEM ( )  RATIONAL_B_SPLINE_SURFACE ( (
 ( 1.000000000000000000, 0.7071067811865475727, 1.000000000000000000),
 ( 1.000000000000000000, 0.7727933219847930024, 1.000000000000000000),
 ( 1.000000000000000000, 0.8282379279634343172, 1.000000000000000000),
 ( 1.000000000000000000, 0.9038128796054426539, 1.000000000000000000),
 ( 1.000000000000000000, 0.9240296925887140356, 1.000000000000000000),
 ( 1.000000000000000000, 0.9238795325112865164, 1.000000000000000000) ) ) 
 REPRESENTATION_ITEM ( '' )  SURFACE ( )  );
#3536 = ORIENTED_EDGE ( 'NONE', *, *, #2703, .T. ) ;
#3537 = VECTOR ( 'NONE', #3374, 1000.000000000000000 ) ;
#3538 = VERTEX_POINT ( 'NONE', #3218 ) ;
#3539 = CARTESIAN_POINT ( 'NONE',  ( 4.650000000000000355, -0.7525126265847069673, 0.6181980515339470239 ) ) ;
#3540 = ORIENTED_EDGE ( 'NONE', *, *, #1485, .F. ) ;
#3541 = ORIENTED_EDGE ( 'NONE', *, *, #2981, .T. ) ;
#3542 = DIRECTION ( 'NONE',  ( -1.000000000000000000, 0.000000000000000000, 0.000000000000000000 ) ) ;
#3543 = DIRECTION ( 'NONE',  ( -0.000000000000000000, -0.000000000000000000, 1.000000000000000000 ) ) ;
#3544 = AXIS2_PLACEMENT_3D ( 'NONE', #3463, #2832, #1512 ) ;
#3545 = DIRECTION ( 'NONE',  ( 0.000000000000000000, 0.000000000000000000, -1.000000000000000000 ) ) ;
#3546 = ORIENTED_EDGE ( 'NONE', *, *, #2646, .T. ) ;
#3547 = FACE_OUTER_BOUND ( 'NONE', #2261, .T. ) ;
#3548 = CARTESIAN_POINT ( 'NONE',  ( 4.368649990328545840, -0.1129307955198825680, -0.4682114205197695500 ) ) ;
#3549 = EDGE_CURVE ( 'NONE', #254, #2360, #1007, .T. ) ;
#3550 = ORIENTED_EDGE ( 'NONE', *, *, #2792, .T. ) ;
#3551 = AXIS2_PLACEMENT_3D ( 'NONE', #1462, #1719, #3442 ) ;
#3552 = CARTESIAN_POINT ( 'NONE',  ( 4.400000000000000355, -0.2000000000000000111, -1.031370849898473052 ) ) ;
#3553 = DIRECTION ( 'NONE',  ( 0.000000000000000000, -0.7071067811865485719, 0.7071067811865465735 ) ) ;
#3554 = CARTESIAN_POINT ( 'NONE',  ( -3.349999999999999645, -0.5500000000000000444, -0.2207106781186526923 ) ) ;
#3555 = EDGE_LOOP ( 'NONE', ( #2984 ) ) ;
#3556 = ORIENTED_EDGE ( 'NONE', *, *, #3243, .F. ) ;
#3557 = DIRECTION ( 'NONE',  ( -0.000000000000000000, 1.000000000000000000, 0.000000000000000000 ) ) ;
#3558 = EDGE_LOOP ( 'NONE', ( #1155, #493, #3276, #1005 ) ) ;
#3559 = VECTOR ( 'NONE', #637, 1000.000000000000000 ) ;
#3560 = LINE ( 'NONE', #2776, #1297 ) ;
#3561 = LINE ( 'NONE', #1045, #3056 ) ;
#3562 = EDGE_CURVE ( 'NONE', #254, #168, #491, .T. ) ;
#3563 = DIRECTION ( 'NONE',  ( -1.000000000000000000, 0.000000000000000000, -0.000000000000000000 ) ) ;
#3564 = ORIENTED_EDGE ( 'NONE', *, *, #1577, .T. ) ;
#3565 = CARTESIAN_POINT ( 'NONE',  ( -3.429788878006462038, 0.000000000000000000, -0.4313708498984713535 ) ) ;
#3566 = DIRECTION ( 'NONE',  ( 0.000000000000000000, 0.000000000000000000, 1.000000000000000000 ) ) ;
#3567 = CARTESIAN_POINT ( 'NONE',  ( -3.600000000000000089, -0.1815760896926604251, 0.8724290184473978416 ) ) ;
#3568 = DIRECTION ( 'NONE',  ( 0.000000000000000000, 0.000000000000000000, -1.000000000000000000 ) ) ;
#3569 = AXIS2_PLACEMENT_3D ( 'NONE', #894, #1520, #350 ) ;
#3570 = DIRECTION ( 'NONE',  ( 0.2779153920969839597, 2.507129176346503452E-15, 0.9606055563214173088 ) ) ;
#3571 =( LENGTH_UNIT ( ) NAMED_UNIT ( * ) SI_UNIT ( .MILLI., .METRE. ) );
#3572 = EDGE_CURVE ( 'NONE', #2384, #1226, #2696, .T. ) ;
#3573 = AXIS2_PLACEMENT_3D ( 'NONE', #248, #1355, #3188 ) ;
#3574 = EDGE_CURVE ( 'NONE', #1634, #1019, #711, .T. ) ;
#3575 = LINE ( 'NONE', #806, #742 ) ;
#3576 = ADVANCED_FACE ( 'NONE', ( #2376 ), #1293, .F. ) ;
#3577 = VERTEX_POINT ( 'NONE', #3492 ) ;
#3578 = EDGE_LOOP ( 'NONE', ( #3053, #105, #608, #3504, #3269 ) ) ;
#3579 = CARTESIAN_POINT ( 'NONE',  ( 0.000000000000000000, -1.500000000000000222, -0.2999999999999981570 ) ) ;
#3580 = ORIENTED_EDGE ( 'NONE', *, *, #1704, .F. ) ;
#3581 = DIRECTION ( 'NONE',  ( 0.000000000000000000, 1.000000000000000000, 0.000000000000000000 ) ) ;
#3582 = PRODUCT ( 'Bat pos', 'Bat pos', '', ( #1077 ) ) ;
#3583 = CARTESIAN_POINT ( 'NONE',  ( -5.000000000000000000, -0.3499999999999999778, 3.500000000000000444 ) ) ;
ENDSEC;
END-ISO-10303-21;
