ISO-10303-21;
HEADER;
FILE_DESCRIPTION (( 'STEP AP214' ),
    '1' );
FILE_NAME ('Bat neg.STEP',
    '2023-06-03T21:47:58',
    ( '' ),
    ( '' ),
    'SwSTEP 2.0',
    'SolidWorks 2021',
    '' );
FILE_SCHEMA (( 'AUTOMOTIVE_DESIGN' ));
ENDSEC;

DATA;
#1 = ORIENTED_EDGE ( 'NONE', *, *, #3315, .F. ) ;
#2 = ORIENTED_EDGE ( 'NONE', *, *, #2223, .T. ) ;
#3 = CARTESIAN_POINT ( 'NONE',  ( -1.309486520261998299, -9.778954463526535079, 1.982569033819121085 ) ) ;
#4 = CARTESIAN_POINT ( 'NONE',  ( -2.292835259260797898, -1.193268229768540412, -0.8499999999999985345 ) ) ;
#5 = DIRECTION ( 'NONE',  ( 0.000000000000000000, 1.000000000000000000, 0.000000000000000000 ) ) ;
#6 = DIRECTION ( 'NONE',  ( -0.000000000000000000, 0.000000000000000000, -1.000000000000000000 ) ) ;
#7 = EDGE_LOOP ( 'NONE', ( #4350, #1915, #3419, #4283 ) ) ;
#8 = AXIS2_PLACEMENT_3D ( 'NONE', #4006, #4053, #549 ) ;
#9 = CARTESIAN_POINT ( 'NONE',  ( 4.000000000000000000, -0.3499999999999999778, -4.499999999999999112 ) ) ;
#10 = EDGE_CURVE ( 'NONE', #2676, #2668, #3144, .T. ) ;
#11 = UNCERTAINTY_MEASURE_WITH_UNIT (LENGTH_MEASURE( 1.000000000000000082E-05 ), #1774, 'distance_accuracy_value', 'NONE');
#12 = CARTESIAN_POINT ( 'NONE',  ( -1.616240207894328984, -9.423485713525989738, -2.009749499053453903 ) ) ;
#13 = CARTESIAN_POINT ( 'NONE',  ( -2.256452633486095039, -9.360368453140090139, -0.07841691990648799737 ) ) ;
#14 = TOROIDAL_SURFACE ( 'NONE', #162, 0.7000000000000000666, 0.2000000000000000389 ) ;
#15 = CARTESIAN_POINT ( 'NONE',  ( 5.000000000000000000, -0.3499999999999999778, 1.552081528017131618 ) ) ;
#16 = CARTESIAN_POINT ( 'NONE',  ( 4.224848044110533607, -1.804899859317698256E-15, -0.4985834284000031369 ) ) ;
#17 = EDGE_LOOP ( 'NONE', ( #1962 ) ) ;
#18 = ORIENTED_EDGE ( 'NONE', *, *, #951, .T. ) ;
#19 = AXIS2_PLACEMENT_3D ( 'NONE', #809, #471, #3247 ) ;
#20 = FILL_AREA_STYLE_COLOUR ( '', #237 ) ;
#21 = CARTESIAN_POINT ( 'NONE',  ( 4.500000000000000888, -0.8499999999999999778, 1.552081528017131618 ) ) ;
#22 = EDGE_CURVE ( 'NONE', #2777, #1860, #3145, .T. ) ;
#23 = CARTESIAN_POINT ( 'NONE',  ( 1.016915513624581324, -0.7337782569081352513, 0.3334746496227830592 ) ) ;
#24 = ORIENTED_EDGE ( 'NONE', *, *, #2355, .T. ) ;
#25 = EDGE_CURVE ( 'NONE', #4419, #1400, #1907, .T. ) ;
#26 = ORIENTED_EDGE ( 'NONE', *, *, #2416, .F. ) ;
#27 = CARTESIAN_POINT ( 'NONE',  ( 1.007991413632852051, -1.397868453140685974, -3.054476848140310175 ) ) ;
#28 = DIRECTION ( 'NONE',  ( 0.000000000000000000, -0.7071067811865474617, 0.7071067811865476838 ) ) ;
#29 = DIRECTION ( 'NONE',  ( 0.000000000000000000, 1.000000000000000000, 0.000000000000000000 ) ) ;
#30 = EDGE_CURVE ( 'NONE', #2462, #1785, #671, .T. ) ;
#31 = CARTESIAN_POINT ( 'NONE',  ( -0.8838834764831859925, -0.3440813333485636116, -1.383883476483181774 ) ) ;
#32 = CLOSED_SHELL ( 'NONE', ( #3679, #3195, #3786, #4043, #796, #2373, #1009, #1270, #2517, #1714, #767, #684, #4311, #747, #2515, #210, #3590, #1910, #3507, #746, #2982, #1228, #3209, #4446, #911, #2390, #1762, #1755, #3797, #2843, #675, #4022, #3094, #441, #177, #92, #2998, #3719, #763, #2702, #459, #574, #3843, #494, #2084, #3854, #4149, #3463, #798, #2228, #1145, #4184, #2379, #3053, #4479, #2561, #2399, #4460, #2165, #2273, #3340, #2730, #4397, #627, #1230, #1473, #3214, #4137, #1864, #4336, #4058, #683, #1900, #2693, #4470, #2237, #1621, #1894, #1897, #3581, #4056, #3254, #636 ) ) ;
#33 = DIRECTION ( 'NONE',  ( 0.000000000000000000, 1.091497166287048166E-16, -1.000000000000000000 ) ) ;
#34 = CARTESIAN_POINT ( 'NONE',  ( -0.8110773640444353116, -4.446923213526147833, -2.594369895495167722 ) ) ;
#35 = CARTESIAN_POINT ( 'NONE',  ( 0.8719548722804757457, -0.5210455364737158757, -2.056662407682325888 ) ) ;
#36 = CARTESIAN_POINT ( 'NONE',  ( 0.4024161457545109566, -0.9558696011316030194, 1.842588403037941802 ) ) ;
#37 = CARTESIAN_POINT ( 'NONE',  ( 4.255112374409768528, -0.1025126265847083745, -0.4096194077712553838 ) ) ;
#38 = VERTEX_POINT ( 'NONE', #3673 ) ;
#39 = ORIENTED_EDGE ( 'NONE', *, *, #3631, .T. ) ;
#40 = LINE ( 'NONE', #3475, #2172 ) ;
#41 = CYLINDRICAL_SURFACE ( 'NONE', #3339, 0.5000000000000000000 ) ;
#42 = CARTESIAN_POINT ( 'NONE',  ( -4.400000000000000355, 0.000000000000000000, 1.407106781186548083 ) ) ;
#43 = CIRCLE ( 'NONE', #119, 0.4999999999999997780 ) ;
#44 = ORIENTED_EDGE ( 'NONE', *, *, #3861, .F. ) ;
#45 = CARTESIAN_POINT ( 'NONE',  ( -2.454304691731147070, -9.826350296859345690, 0.8617240669721814017 ) ) ;
#46 = PLANE ( 'NONE',  #3695 ) ;
#47 = CARTESIAN_POINT ( 'NONE',  ( -0.3532173612614544211, -0.9533984102466799282, -2.784344442285127119 ) ) ;
#48 = ORIENTED_EDGE ( 'NONE', *, *, #1114, .F. ) ;
#49 = CARTESIAN_POINT ( 'NONE',  ( 0.2898112226216883469, -1.792756546859400224, -2.235712338002921573 ) ) ;
#50 = DIRECTION ( 'NONE',  ( -8.881784197001254296E-16, 0.000000000000000000, 1.000000000000000000 ) ) ;
#51 = CARTESIAN_POINT ( 'NONE',  ( 4.050000000000000711, -0.3499999999999998668, 1.552081528017131618 ) ) ;
#52 =( BOUNDED_SURFACE ( )  B_SPLINE_SURFACE ( 3, 2, ( 
 ( #3270, #2202, #789 ),
 ( #153, #516, #3201 ),
 ( #851, #3609, #89 ),
 ( #178, #2229, #3966 ) ),
 .UNSPECIFIED., .F., .F., .F. ) 
 B_SPLINE_SURFACE_WITH_KNOTS ( ( 4, 4 ),
 ( 3, 3 ),
 ( 0.8102189576321647824, 1.570796326794896558 ),
 ( 0.000000000000000000, 1.000000000000000000 ),
 .UNSPECIFIED. ) 
 GEOMETRIC_REPRESENTATION_ITEM ( )  RATIONAL_B_SPLINE_SURFACE ( (
 ( 1.000000000000000000, 0.8623911140185939184, 1.000000000000000000),
 ( 1.000000000000000000, 0.8248548249928433496, 1.000000000000000000),
 ( 1.000000000000000000, 0.7706146482961846456, 1.000000000000000000),
 ( 1.000000000000000000, 0.7071067811865475727, 1.000000000000000000) ) ) 
 REPRESENTATION_ITEM ( '' )  SURFACE ( )  );
#53 = CARTESIAN_POINT ( 'NONE',  ( -5.000000000000000000, 1.474999999999999645, 2.675000000000001155 ) ) ;
#54 = ORIENTED_EDGE ( 'NONE', *, *, #109, .T. ) ;
#55 = CARTESIAN_POINT ( 'NONE',  ( 1.515916725538149379, -7.859423213525414731, -2.157174773781333599 ) ) ;
#56 = CARTESIAN_POINT ( 'NONE',  ( -0.4068491067237797187, -9.265576786474296611, 1.759155723924609172 ) ) ;
#57 = CARTESIAN_POINT ( 'NONE',  ( -5.000000000000000000, 0.000000000000000000, 4.500000000000000888 ) ) ;
#58 = CARTESIAN_POINT ( 'NONE',  ( 0.8777406153116084075, -0.9292896438123681158, 0.3777406153115410725 ) ) ;
#59 = CIRCLE ( 'NONE', #1362, 0.2000000000000000666 ) ;
#60 =( LENGTH_UNIT ( ) NAMED_UNIT ( * ) SI_UNIT ( .MILLI., .METRE. ) );
#61 = ORIENTED_EDGE ( 'NONE', *, *, #1103, .F. ) ;
#62 = ORIENTED_EDGE ( 'NONE', *, *, #3631, .F. ) ;
#63 = SURFACE_STYLE_FILL_AREA ( #2463 ) ;
#64 = DIRECTION ( 'NONE',  ( 0.000000000000000000, -1.000000000000000000, 0.000000000000000000 ) ) ;
#65 = CARTESIAN_POINT ( 'NONE',  ( 0.000000000000000000, -0.3334786804920450987, -0.4999999999999989453 ) ) ;
#66 = AXIS2_PLACEMENT_3D ( 'NONE', #112, #790, #2510 ) ;
#67 = LINE ( 'NONE', #3876, #4494 ) ;
#68 = ORIENTED_EDGE ( 'NONE', *, *, #1122, .F. ) ;
#69 = VECTOR ( 'NONE', #1192, 1000.000000000000000 ) ;
#70 = EDGE_LOOP ( 'NONE', ( #617, #4229, #2899 ) ) ;
#71 = CARTESIAN_POINT ( 'NONE',  ( -2.548739757992039223, -3.578076786473985749, -1.522411024819281478 ) ) ;
#72 = CARTESIAN_POINT ( 'NONE',  ( -1.711511812269096211, -1.147239614936119478, -1.070276510974188966 ) ) ;
#73 = VECTOR ( 'NONE', #244, 1000.000000000000000 ) ;
#74 = CARTESIAN_POINT ( 'NONE',  ( 5.000000000000000000, 0.8197715939347417491, 2.514746340765326327 ) ) ;
#75 = EDGE_LOOP ( 'NONE', ( #3664, #3812, #62, #1826 ) ) ;
#76 = LINE ( 'NONE', #1764, #126 ) ;
#77 = CARTESIAN_POINT ( 'NONE',  ( 3.970116040682775349, -0.3499999999999962585, 1.428673222200405712 ) ) ;
#78 = CARTESIAN_POINT ( 'NONE',  ( -3.816732150407360802, -0.3499999999998557598, -0.3619356879388775927 ) ) ;
#79 = ORIENTED_EDGE ( 'NONE', *, *, #3067, .F. ) ;
#80 = CARTESIAN_POINT ( 'NONE',  ( 2.036668389478816898, -2.645881546859361499, 0.4466855977142695777 ) ) ;
#81 = CARTESIAN_POINT ( 'NONE',  ( 1.709320694708172272, -7.654118453140157818, -0.8546016384720144243 ) ) ;
#82 = DIRECTION ( 'NONE',  ( 0.000000000000000000, -0.000000000000000000, -1.000000000000000000 ) ) ;
#83 =( BOUNDED_SURFACE ( )  B_SPLINE_SURFACE ( 3, 3, ( 
 ( #85, #1817, #3222, #3289 ),
 ( #173, #2525, #805, #4282 ),
 ( #2221, #148, #3623, #1547 ),
 ( #1100, #1172, #106, #826 ) ),
 .UNSPECIFIED., .F., .F., .F. ) 
 B_SPLINE_SURFACE_WITH_KNOTS ( ( 4, 4 ),
 ( 4, 4 ),
 ( 0.000000000000000000, 1.000000000000000000 ),
 ( 0.000000000000000000, 1.000000000000000000 ),
 .UNSPECIFIED. ) 
 GEOMETRIC_REPRESENTATION_ITEM ( )  RATIONAL_B_SPLINE_SURFACE ( (
 ( 1.000000000000000000, 0.8047378541243613848, 0.8047378541243613848, 1.000000000000000000),
 ( 1.000000000000000000, 0.8047378541243613848, 0.8047378541243613848, 1.000000000000000000),
 ( 1.000000000000000000, 0.8047378541243613848, 0.8047378541243613848, 1.000000000000000000),
 ( 1.000000000000000000, 0.8047378541243613848, 0.8047378541243613848, 1.000000000000000000) ) ) 
 REPRESENTATION_ITEM ( '' )  SURFACE ( )  );
#84 = CARTESIAN_POINT ( 'NONE',  ( 1.640059987639163275, -1.193268229768540856, 1.140059987639036709 ) ) ;
#85 = CARTESIAN_POINT ( 'NONE',  ( 0.8838834764831868807, -0.3300000000000001266, -1.383883476483180885 ) ) ;
#86 = ORIENTED_EDGE ( 'NONE', *, *, #3318, .T. ) ;
#87 = ORIENTED_EDGE ( 'NONE', *, *, #170, .T. ) ;
#88 = DIRECTION ( 'NONE',  ( 0.000000000000000000, 0.000000000000000000, 1.000000000000000000 ) ) ;
#89 = CARTESIAN_POINT ( 'NONE',  ( 3.850000000000000533, -0.5140364940634541968, -0.3700225521656052563 ) ) ;
#90 = CARTESIAN_POINT ( 'NONE',  ( -1.129799452363507317, -1.217045720401882081, 0.6297994523635863651 ) ) ;
#91 = CARTESIAN_POINT ( 'NONE',  ( -3.850000000000000533, -0.5500000000000001554, -0.2621320343559634947 ) ) ;
#92 = ADVANCED_FACE ( 'NONE', ( #1193 ), #918, .T. ) ;
#93 = VERTEX_POINT ( 'NONE', #2571 ) ;
#94 = CARTESIAN_POINT ( 'NONE',  ( 2.298828813022799622, -1.682243453140650713, -2.002259879666993037 ) ) ;
#95 = DIRECTION ( 'NONE',  ( 0.9351177499291650763, 0.000000000000000000, -0.3543371188111902881 ) ) ;
#96 = AXIS2_PLACEMENT_3D ( 'NONE', #4142, #1641, #1023 ) ;
#97 = DIRECTION ( 'NONE',  ( -1.000000000000000000, 0.000000000000000000, 0.000000000000000000 ) ) ;
#98 = EDGE_CURVE ( 'NONE', #1541, #2166, #3626, .T. ) ;
#99 = CARTESIAN_POINT ( 'NONE',  ( -4.050000000000000711, -0.8500000000000000888, -0.9520815280171303074 ) ) ;
#100 = CARTESIAN_POINT ( 'NONE',  ( -4.255112374409768528, -0.1025126265847083884, 1.009619407771256139 ) ) ;
#101 = ORIENTED_EDGE ( 'NONE', *, *, #22, .T. ) ;
#102 = ORIENTED_EDGE ( 'NONE', *, *, #1830, .T. ) ;
#103 = CARTESIAN_POINT ( 'NONE',  ( -1.231749057932883362, -4.352131546859464351, -2.378037807900947875 ) ) ;
#104 = CARTESIAN_POINT ( 'NONE',  ( 0.8961931404551508606, -7.274951786473472737, -1.998117957427911984 ) ) ;
#105 = CARTESIAN_POINT ( 'NONE',  ( -5.000000000000000000, 0.000000000000000000, -3.499999999999999556 ) ) ;
#106 = CARTESIAN_POINT ( 'NONE',  ( -0.6793350899855855607, -1.193268229768540190, -3.100784885292636961 ) ) ;
#107 = ORIENTED_EDGE ( 'NONE', *, *, #2954, .T. ) ;
#108 = VERTEX_POINT ( 'NONE', #1526 ) ;
#109 = EDGE_CURVE ( 'NONE', #1989, #3162, #1078, .T. ) ;
#110 = CARTESIAN_POINT ( 'NONE',  ( 0.000000000000000000, -0.3300000000000002376, -0.4999999999999989453 ) ) ;
#111 = CARTESIAN_POINT ( 'NONE',  ( -4.000000000000000888, -0.3499999999999999778, -4.499999999999999112 ) ) ;
#112 = CARTESIAN_POINT ( 'NONE',  ( 4.000000000000000000, -0.3499999999999999778, -3.499999999999999556 ) ) ;
#113 = EDGE_CURVE ( 'NONE', #3003, #2090, #2918, .T. ) ;
#114 = LINE ( 'NONE', #877, #3261 ) ;
#115 = ORIENTED_EDGE ( 'NONE', *, *, #3799, .T. ) ;
#116 = EDGE_LOOP ( 'NONE', ( #3962, #1345, #286, #4134 ) ) ;
#117 = CARTESIAN_POINT ( 'NONE',  ( 1.127540307897702432, -5.379118453140425693, 2.004007090986124506 ) ) ;
#118 = CARTESIAN_POINT ( 'NONE',  ( 4.050000000000000711, -0.6525126265847087659, -0.1596194077712549397 ) ) ;
#119 = AXIS2_PLACEMENT_3D ( 'NONE', #938, #1286, #2316 ) ;
#120 = DIRECTION ( 'NONE',  ( 0.000000000000000000, 0.000000000000000000, 1.000000000000000000 ) ) ;
#121 = MECHANICAL_DESIGN_GEOMETRIC_PRESENTATION_REPRESENTATION (  '', ( #2472 ), #3257 ) ;
#122 = CARTESIAN_POINT ( 'NONE',  ( -4.050000000000000711, -0.3499999999999999223, 1.552081528017131618 ) ) ;
#123 = DIRECTION ( 'NONE',  ( -0.000000000000000000, 1.000000000000000000, 1.230255323012501829E-16 ) ) ;
#124 = ORIENTED_EDGE ( 'NONE', *, *, #656, .F. ) ;
#125 = EDGE_CURVE ( 'NONE', #3200, #1933, #4015, .T. ) ;
#126 = VECTOR ( 'NONE', #4252, 1000.000000000000000 ) ;
#127 = CARTESIAN_POINT ( 'NONE',  ( 2.045721803619751533, -1.034423213526371788, -2.421698794458346349 ) ) ;
#128 = CARTESIAN_POINT ( 'NONE',  ( 1.720010412363043972, -1.871826786473738347, -0.7984689945861580540 ) ) ;
#129 = CARTESIAN_POINT ( 'NONE',  ( -4.166732150407459478, 2.064450457780164459E-16, 0.8169609411085810846 ) ) ;
#130 = CARTESIAN_POINT ( 'NONE',  ( -4.000000000000000000, 0.000000000000000000, 3.500000000000000444 ) ) ;
#131 = EDGE_LOOP ( 'NONE', ( #1294, #4442, #3541, #766 ) ) ;
#132 = DIRECTION ( 'NONE',  ( 0.000000000000000000, 0.000000000000000000, 1.000000000000000000 ) ) ;
#133 = DIRECTION ( 'NONE',  ( -1.239088197126291063E-16, -0.000000000000000000, -1.000000000000000000 ) ) ;
#134 = FACE_OUTER_BOUND ( 'NONE', #2121, .T. ) ;
#135 = DIRECTION ( 'NONE',  ( 0.000000000000000000, -0.7071067811865474617, -0.7071067811865476838 ) ) ;
#136 = CARTESIAN_POINT ( 'NONE',  ( 4.200000000000000178, -0.1640364940634527480, 0.8250478053350425167 ) ) ;
#137 = EDGE_LOOP ( 'NONE', ( #1719 ) ) ;
#138 = CARTESIAN_POINT ( 'NONE',  ( 1.345832527627651043, -1.152912796859296263, 0.6714256094027465371 ) ) ;
#139 = CARTESIAN_POINT ( 'NONE',  ( -1.277937487449662735, -6.800993453140427469, -2.930694229188558264 ) ) ;
#140 = DIRECTION ( 'NONE',  ( 0.000000000000000000, 0.000000000000000000, -1.000000000000000000 ) ) ;
#141 = CARTESIAN_POINT ( 'NONE',  ( 4.400000000000000355, -0.4050252531694169544, 0.5121320343559643273 ) ) ;
#142 = DIRECTION ( 'NONE',  ( -1.000000000000000000, 0.000000000000000000, 0.000000000000000000 ) ) ;
#143 = DIRECTION ( 'NONE',  ( 1.000000000000000000, 0.000000000000000000, 0.000000000000000000 ) ) ;
#144 = CARTESIAN_POINT ( 'NONE',  ( -1.797196113317456545, -3.499006546859841471, 1.576411516997359596 ) ) ;
#145 = CARTESIAN_POINT ( 'NONE',  ( 1.190093179721678496, -7.369743453139915523, -1.777183535341136933 ) ) ;
#146 = CARTESIAN_POINT ( 'NONE',  ( 0.2381744187302882731, -1.810000000000000275, 0.6285571415181853139 ) ) ;
#147 = EDGE_CURVE ( 'NONE', #2415, #722, #1669, .T. ) ;
#148 = CARTESIAN_POINT ( 'NONE',  ( 0.4679782559306738254, -1.217045720401881859, -2.291620648796421911 ) ) ;
#149 = ORIENTED_EDGE ( 'NONE', *, *, #1505, .T. ) ;
#150 = DIRECTION ( 'NONE',  ( -1.000000000000000000, 0.000000000000000000, 0.000000000000000000 ) ) ;
#151 = CARTESIAN_POINT ( 'NONE',  ( -2.256452633486095039, -9.360368453140090139, -0.07841691990648799737 ) ) ;
#152 = CARTESIAN_POINT ( 'NONE',  ( -1.298817951998707088, -0.4509763357000862172, 0.2266554840076470123 ) ) ;
#153 = CARTESIAN_POINT ( 'NONE',  ( 3.690071388773235928, -0.3499999999999999778, -0.5478182429329733205 ) ) ;
#154 = CARTESIAN_POINT ( 'NONE',  ( -1.791620648796434345, -1.217045720401882081, -0.9679782559306551182 ) ) ;
#155 = ORIENTED_EDGE ( 'NONE', *, *, #3778, .F. ) ;
#156 = LINE ( 'NONE', #542, #1666 ) ;
#157 = PRESENTATION_LAYER_ASSIGNMENT (  '', '', ( #1090 ) ) ;
#158 = VERTEX_POINT ( 'NONE', #2224 ) ;
#159 = CARTESIAN_POINT ( 'NONE',  ( -1.725062214572102404, -6.721923213526136642, -0.2322689498349352621 ) ) ;
#160 = CARTESIAN_POINT ( 'NONE',  ( -2.184776435921850890, -3.293701786473851811, 0.02056092310419695493 ) ) ;
#161 = EDGE_CURVE ( 'NONE', #1804, #469, #4301, .T. ) ;
#162 = AXIS2_PLACEMENT_3D ( 'NONE', #2619, #3243, #4285 ) ;
#163 = CARTESIAN_POINT ( 'NONE',  ( 4.038579037750123391, 0.000000000000000000, 1.000625535493830931 ) ) ;
#164 = DIRECTION ( 'NONE',  ( 0.000000000000000000, -0.7071067811865472397, 0.7071067811865476838 ) ) ;
#165 = EDGE_CURVE ( 'NONE', #1983, #3711, #1478, .T. ) ;
#166 = CARTESIAN_POINT ( 'NONE',  ( 4.278421523428340478, -0.07393401433496865627, 1.072840529481610794 ) ) ;
#167 = TOROIDAL_SURFACE ( 'NONE', #458, 0.7000000000000000666, 0.2000000000000000389 ) ;
#168 = CARTESIAN_POINT ( 'NONE',  ( 2.284344442285130228, -0.9533984102466801502, -0.8532173612614425418 ) ) ;
#169 = LINE ( 'NONE', #553, #1559 ) ;
#170 = EDGE_CURVE ( 'NONE', #158, #624, #3365, .T. ) ;
#171 = CARTESIAN_POINT ( 'NONE',  ( 0.4610490979428699121, -1.792756546859596734, -3.229561207443410797 ) ) ;
#172 = CARTESIAN_POINT ( 'NONE',  ( -0.9857627080850578372, -5.853076786473963011, 0.9407607166753019223 ) ) ;
#173 = CARTESIAN_POINT ( 'NONE',  ( 0.8777406153115769882, -0.9292896438123680047, -1.377740615311570993 ) ) ;
#174 = CARTESIAN_POINT ( 'NONE',  ( 0.8828615297940960449, -0.4519300846109624015, 0.3865804575154014322 ) ) ;
#175 = FILL_AREA_STYLE ('',( #1651 ) ) ;
#176 = CARTESIAN_POINT ( 'NONE',  ( 4.000000000000000888, -0.2000000000000000389, 0.000000000000000000 ) ) ;
#177 = ADVANCED_FACE ( 'NONE', ( #2964 ), #3991, .F. ) ;
#178 = CARTESIAN_POINT ( 'NONE',  ( 3.650000000000000355, -0.3499999999999999778, -0.2621320343559636057 ) ) ;
#179 = CARTESIAN_POINT ( 'NONE',  ( -5.000000000000000000, -0.7939339828220181028, -0.3010407640085644987 ) ) ;
#180 = ORIENTED_EDGE ( 'NONE', *, *, #1570, .F. ) ;
#181 = CARTESIAN_POINT ( 'NONE',  ( 0.000000000000000000, 0.000000000000000000, 0.000000000000000000 ) ) ;
#182 = VERTEX_POINT ( 'NONE', #197 ) ;
#183 = CARTESIAN_POINT ( 'NONE',  ( 1.298143434385483186, -1.034423213526016072, -1.724061589360337488 ) ) ;
#184 = CARTESIAN_POINT ( 'NONE',  ( -0.1101941047518050915, -0.7343267864738316497, 1.792851508463657595 ) ) ;
#185 = CARTESIAN_POINT ( 'NONE',  ( -4.400000000000000355, -0.1464466094067262969, -0.4535533905932733201 ) ) ;
#186 = DIRECTION ( 'NONE',  ( -0.000000000000000000, 0.000000000000000000, -1.000000000000000000 ) ) ;
#187 = PLANE ( 'NONE',  #2539 ) ;
#188 = VERTEX_POINT ( 'NONE', #1578 ) ;
#189 = CARTESIAN_POINT ( 'NONE',  ( 4.400000000000000355, -0.5464466094067268465, 0.6535533905932739973 ) ) ;
#190 = CIRCLE ( 'NONE', #1343, 0.2000000000000000666 ) ;
#191 = DIRECTION ( 'NONE',  ( 0.8296756535198938076, -1.626303258728256848E-15, -0.5582457433392010726 ) ) ;
#192 = VECTOR ( 'NONE', #1599, 1000.000000000000000 ) ;
#193 = CARTESIAN_POINT ( 'NONE',  ( -1.531435190602858709, -6.342756546859720679, 1.779496636238477425 ) ) ;
#194 = CARTESIAN_POINT ( 'NONE',  ( 5.000000000000000000, -0.5000000000000000000, -0.8071067811865471064 ) ) ;
#195 = CIRCLE ( 'NONE', #528, 0.5000000000000000000 ) ;
#196 = DIRECTION ( 'NONE',  ( 0.000000000000000000, -1.301042606982605321E-16, 1.000000000000000000 ) ) ;
#197 = CARTESIAN_POINT ( 'NONE',  ( -0.3500000000000094702, -1.193268229768556843, -2.792835259260795233 ) ) ;
#198 = CARTESIAN_POINT ( 'NONE',  ( 0.000000000000000000, 0.000000000000000000, 0.000000000000000000 ) ) ;
#199 = CARTESIAN_POINT ( 'NONE',  ( 2.208171848127900461, -9.147087203140788603, 0.1271266775696822948 ) ) ;
#200 = CARTESIAN_POINT ( 'NONE',  ( -1.802760521908967073, -3.104118453140536804, 0.8395097051790514353 ) ) ;
#201 = CARTESIAN_POINT ( 'NONE',  ( 1.296296778530920513, -0.3334786804920449321, -1.234601613301239187 ) ) ;
#202 = ORIENTED_EDGE ( 'NONE', *, *, #3645, .T. ) ;
#203 = CARTESIAN_POINT ( 'NONE',  ( 3.997232441100909028, -0.3631152028392367614, -0.8004581791049037998 ) ) ;
#204 = ORIENTED_EDGE ( 'NONE', *, *, #3726, .F. ) ;
#205 = CARTESIAN_POINT ( 'NONE',  ( -1.594544362966352269, -1.389891963525967666, -1.134093352887729722 ) ) ;
#206 = CARTESIAN_POINT ( 'NONE',  ( -2.463217755333098946, -9.336670536473732795, 0.8455341854583581229 ) ) ;
#207 = CARTESIAN_POINT ( 'NONE',  ( -4.400000000000000355, 0.000000000000000000, 1.407106781186548083 ) ) ;
#208 = CARTESIAN_POINT ( 'NONE',  ( 4.050000000000000711, -0.3499999999999998668, 1.552081528017131618 ) ) ;
#209 = ORIENTED_EDGE ( 'NONE', *, *, #1429, .F. ) ;
#210 = ADVANCED_FACE ( 'NONE', ( #4359 ), #3341, .T. ) ;
#211 = AXIS2_PLACEMENT_3D ( 'NONE', #4097, #3749, #1053 ) ;
#212 = DIRECTION ( 'NONE',  ( -1.000000000000000000, 0.000000000000000000, 0.000000000000000000 ) ) ;
#213 = ORIENTED_EDGE ( 'NONE', *, *, #2288, .F. ) ;
#214 = CIRCLE ( 'NONE', #1935, 0.1999999999999998168 ) ;
#215 = CARTESIAN_POINT ( 'NONE',  ( 1.447958480004258641, -0.7626227362940868337, -1.170142788151460111 ) ) ;
#216 = CIRCLE ( 'NONE', #2963, 1.489974787804957179 ) ;
#217 = DIRECTION ( 'NONE',  ( 1.000000000000000000, -0.000000000000000000, 0.000000000000000000 ) ) ;
#218 = COLOUR_RGB ( '',0.7921568627450980005, 0.8196078431372548767, 0.9333333333333333481 ) ;
#219 = CARTESIAN_POINT ( 'NONE',  ( 2.701651280046271530, -2.361506546859800881, -0.9924215863138527993 ) ) ;
#220 = CARTESIAN_POINT ( 'NONE',  ( -4.207632328796364618, 1.355252715606880234E-17, -0.4415662694692946144 ) ) ;
#221 = CARTESIAN_POINT ( 'NONE',  ( -1.499999999999999556, -0.3499999999999999778, 5.000000000000000888 ) ) ;
#222 = EDGE_CURVE ( 'NONE', #2476, #1306, #3249, .T. ) ;
#223 = DIRECTION ( 'NONE',  ( 0.000000000000000000, 1.000000000000000000, 0.000000000000000000 ) ) ;
#224 = CARTESIAN_POINT ( 'NONE',  ( 4.110224748819537588, 0.000000000000000000, 1.107106781186547817 ) ) ;
#225 = CARTESIAN_POINT ( 'NONE',  ( -2.083863066528571117, -3.578076786473851634, -1.337703091542946199 ) ) ;
#226 = CARTESIAN_POINT ( 'NONE',  ( 2.011026462869359044, -0.9533984102466801502, 0.6396335380000961468 ) ) ;
#227 = EDGE_LOOP ( 'NONE', ( #463, #229, #4194, #3591 ) ) ;
#228 = DIRECTION ( 'NONE',  ( 0.000000000000000000, 0.000000000000000000, 1.000000000000000000 ) ) ;
#229 = ORIENTED_EDGE ( 'NONE', *, *, #2369, .F. ) ;
#230 = CARTESIAN_POINT ( 'NONE',  ( -3.850000000000000533, -0.6525126265847087659, 0.7596194077712559167 ) ) ;
#231 = CARTESIAN_POINT ( 'NONE',  ( 2.238049388059159206, -4.810368453140536182, -0.6880603260407571753 ) ) ;
#232 = CARTESIAN_POINT ( 'NONE',  ( 4.050000000000000711, -0.3500000000000000333, -0.9520815280171303074 ) ) ;
#233 =( BOUNDED_CURVE ( )  B_SPLINE_CURVE ( 3, ( #2335, #1364, #3076, #2787 ),
 .UNSPECIFIED., .F., .F. ) 
 B_SPLINE_CURVE_WITH_KNOTS ( ( 4, 4 ),
 ( 4.712388980384689674, 5.472966349547411902 ),
 .UNSPECIFIED. ) 
 CURVE ( )  GEOMETRIC_REPRESENTATION_ITEM ( )  RATIONAL_B_SPLINE_CURVE ( ( 1.000000000000000000, 0.9523716785737832424, 0.9523716785737832424, 1.000000000000000000 ) ) 
 REPRESENTATION_ITEM ( '' )  );
#234 = CARTESIAN_POINT ( 'NONE',  ( -1.499999999999999556, 0.000000000000000000, 5.000000000000000888 ) ) ;
#235 = DIRECTION ( 'NONE',  ( 0.000000000000000000, -1.301042606982605321E-16, 1.000000000000000000 ) ) ;
#236 = ORIENTED_EDGE ( 'NONE', *, *, #4003, .F. ) ;
#237 = COLOUR_RGB ( '',0.7921568627450980005, 0.8196078431372548767, 0.9333333333333333481 ) ;
#238 = CARTESIAN_POINT ( 'NONE',  ( -0.8331745957721055085, -0.7347417010109225100, 0.5177073744452816983 ) ) ;
#239 = DIRECTION ( 'NONE',  ( 0.000000000000000000, 1.000000000000000000, 0.000000000000000000 ) ) ;
#240 = EDGE_CURVE ( 'NONE', #2956, #3090, #1330, .T. ) ;
#241 = CARTESIAN_POINT ( 'NONE',  ( 2.277833824058617118, -9.565673213527231766, -2.139932018227015842 ) ) ;
#242 = FACE_OUTER_BOUND ( 'NONE', #4263, .T. ) ;
#243 = CYLINDRICAL_SURFACE ( 'NONE', #552, 0.4999999999999998890 ) ;
#244 = DIRECTION ( 'NONE',  ( 1.000000000000000000, -0.000000000000000000, 0.000000000000000000 ) ) ;
#245 = CARTESIAN_POINT ( 'NONE',  ( -1.985554576823461037, -1.401740921859448097, -1.457708011402778281 ) ) ;
#246 = CARTESIAN_POINT ( 'NONE',  ( -0.8598525867201052275, -0.4499517864738498130, -2.628371280978856639 ) ) ;
#247 = FACE_OUTER_BOUND ( 'NONE', #2854, .T. ) ;
#248 = ORIENTED_EDGE ( 'NONE', *, *, #3246, .F. ) ;
#249 = DIRECTION ( 'NONE',  ( -0.3543371188111895109, 0.000000000000000000, 0.9351177499291654094 ) ) ;
#250 = ORIENTED_EDGE ( 'NONE', *, *, #1487, .T. ) ;
#251 = CYLINDRICAL_SURFACE ( 'NONE', #2398, 0.2000000000000000666 ) ;
#252 = B_SPLINE_CURVE_WITH_KNOTS ( 'NONE', 3,
 ( #3735, #4466, #619, #2356 ),
 .UNSPECIFIED., .F., .F.,
 ( 4, 4 ),
 ( 0.000000000000000000, 1.000000000000000000 ),
 .UNSPECIFIED. ) ;
#253 = CARTESIAN_POINT ( 'NONE',  ( -0.7941893032009813558, -3.957243453140780964, -2.600832001922847247 ) ) ;
#254 = CARTESIAN_POINT ( 'NONE',  ( -0.2954473774711512402, -0.8164895339169102595, -2.219890236695690522 ) ) ;
#255 = DIRECTION ( 'NONE',  ( 0.000000000000000000, 8.928723773410037211E-16, 1.000000000000000000 ) ) ;
#256 = LINE ( 'NONE', #4349, #2468 ) ;
#257 = EDGE_LOOP ( 'NONE', ( #44, #2134, #4371, #3727 ) ) ;
#258 = ORIENTED_EDGE ( 'NONE', *, *, #423, .T. ) ;
#259 = PLANE ( 'NONE',  #3218 ) ;
#260 = CARTESIAN_POINT ( 'NONE',  ( -4.200000000000000178, -0.4050252531694170099, 0.08786796564403667742 ) ) ;
#261 = CARTESIAN_POINT ( 'NONE',  ( -0.9935061917733457593, -0.7580247031406909253, 2.125042742763684434 ) ) ;
#262 = DIRECTION ( 'NONE',  ( 0.000000000000000000, -1.000000000000000000, -1.230255323012501829E-16 ) ) ;
#263 = CARTESIAN_POINT ( 'NONE',  ( -1.447958480004257531, -0.7626227362940858345, -1.170142788151459889 ) ) ;
#264 = CIRCLE ( 'NONE', #984, 0.4999999999999997780 ) ;
#265 = CARTESIAN_POINT ( 'NONE',  ( -5.000000000000000000, -0.4964466094067260249, 1.198528137423857887 ) ) ;
#266 = CARTESIAN_POINT ( 'NONE',  ( -1.470384886041236072, -9.399787796859484956, -1.390651168594461362 ) ) ;
#267 = CARTESIAN_POINT ( 'NONE',  ( 2.131010103765021757, -4.999951786473851634, 0.2092444481796673916 ) ) ;
#268 = LINE ( 'NONE', #3996, #1365 ) ;
#269 = ORIENTED_EDGE ( 'NONE', *, *, #3056, .F. ) ;
#270 = CARTESIAN_POINT ( 'NONE',  ( 4.200000000000000178, -0.4050252531694165103, 0.5121320343559647714 ) ) ;
#271 = CIRCLE ( 'NONE', #2949, 0.8499999999999998668 ) ;
#272 = ORIENTED_EDGE ( 'NONE', *, *, #3392, .T. ) ;
#273 = DIRECTION ( 'NONE',  ( 1.000000000000000000, -0.000000000000000000, 0.000000000000000000 ) ) ;
#274 = CARTESIAN_POINT ( 'NONE',  ( 0.01623679004853298066, -8.412451786473878812, 1.770403511860891399 ) ) ;
#275 = EDGE_CURVE ( 'NONE', #641, #2310, #2067, .T. ) ;
#276 = CARTESIAN_POINT ( 'NONE',  ( -0.7379430756349795173, -0.5120279155650502290, -1.802228414837824477 ) ) ;
#277 = CARTESIAN_POINT ( 'NONE',  ( 0.3942785324214159726, -0.9567203190301196702, -2.675981451375839537 ) ) ;
#278 = FACE_OUTER_BOUND ( 'NONE', #4262, .T. ) ;
#279 = EDGE_LOOP ( 'NONE', ( #1796, #1780, #4207, #1376 ) ) ;
#280 = VERTEX_POINT ( 'NONE', #265 ) ;
#281 = CARTESIAN_POINT ( 'NONE',  ( 3.760224748819541496, -0.3499999999999999778, -0.6520815280171348149 ) ) ;
#282 = CIRCLE ( 'NONE', #1428, 0.2000000000000004274 ) ;
#283 = CARTESIAN_POINT ( 'NONE',  ( 9.293161478447181743E-17, -0.3499999999999999778, 10.00000000000000178 ) ) ;
#284 = ORIENTED_EDGE ( 'NONE', *, *, #622, .T. ) ;
#285 = CARTESIAN_POINT ( 'NONE',  ( -4.050000000000000711, -0.3499999999999998668, 1.552081528017131618 ) ) ;
#286 = ORIENTED_EDGE ( 'NONE', *, *, #464, .T. ) ;
#287 = EDGE_CURVE ( 'NONE', #652, #2570, #3442, .T. ) ;
#288 = CARTESIAN_POINT ( 'NONE',  ( 4.195550405924381110, 0.000000000000000000, 1.217634721217078386 ) ) ;
#289 = EDGE_CURVE ( 'NONE', #4269, #3474, #1779, .T. ) ;
#290 = CONICAL_SURFACE ( 'NONE', #2671, 2.319395077624665014, 0.03293835765007474548 ) ;
#291 = CARTESIAN_POINT ( 'NONE',  ( -3.869289518875061340, -0.4791329380078873101, 1.074733220332302563 ) ) ;
#292 = CARTESIAN_POINT ( 'NONE',  ( 1.589751589198115100, -8.049006546860304923, -1.221255463763709415 ) ) ;
#293 = CARTESIAN_POINT ( 'NONE',  ( 0.09809726182281527929, -4.146826786473607918, -2.743793367680225970 ) ) ;
#294 = LINE ( 'NONE', #690, #2884 ) ;
#295 = CARTESIAN_POINT ( 'NONE',  ( 3.857632328796367194, -0.3500000000000002554, -0.5865410162998840882 ) ) ;
#296 = ORIENTED_EDGE ( 'NONE', *, *, #3999, .F. ) ;
#297 = FILL_AREA_STYLE_COLOUR ( '', #519 ) ;
#298 = EDGE_CURVE ( 'NONE', #1316, #3485, #888, .T. ) ;
#299 = CARTESIAN_POINT ( 'NONE',  ( -1.417609294633816353, -8.945654911473642557, -2.213992534323099282 ) ) ;
#300 = CARTESIAN_POINT ( 'NONE',  ( -4.050000000000000711, -0.3499999999999999778, -0.9520815280171303074 ) ) ;
#301 = CARTESIAN_POINT ( 'NONE',  ( -1.344165326745049738, -0.6805721227388391581, 0.2617283587555802593 ) ) ;
#302 = ORIENTED_EDGE ( 'NONE', *, *, #3665, .T. ) ;
#303 = EDGE_CURVE ( 'NONE', #3008, #2823, #1507, .T. ) ;
#304 = ORIENTED_EDGE ( 'NONE', *, *, #1711, .T. ) ;
#305 = CARTESIAN_POINT ( 'NONE',  ( -1.999999999999999556, -0.3499999999999999778, 5.000000000000000888 ) ) ;
#306 = EDGE_CURVE ( 'NONE', #2969, #1316, #1209, .T. ) ;
#307 = DIRECTION ( 'NONE',  ( -1.000000000000000000, 0.000000000000000000, 0.000000000000000000 ) ) ;
#308 = AXIS2_PLACEMENT_3D ( 'NONE', #2669, #1613, #974 ) ;
#309 = EDGE_CURVE ( 'NONE', #4048, #182, #4471, .T. ) ;
#310 = B_SPLINE_CURVE_WITH_KNOTS ( 'NONE', 3,
 ( #1001, #3091, #4489, #3443 ),
 .UNSPECIFIED., .F., .F.,
 ( 4, 4 ),
 ( 2.001430823918956490E-07, 0.0002402417555245907311 ),
 .UNSPECIFIED. ) ;
#311 = AXIS2_PLACEMENT_3D ( 'NONE', #4308, #2199, #537 ) ;
#312 = ADVANCED_FACE ( 'NONE', ( #3594 ), #3030, .T. ) ;
#313 = CARTESIAN_POINT ( 'NONE',  ( -0.4354969510950112976, -0.9537525753427680275, 1.567203474473483515 ) ) ;
#314 = CARTESIAN_POINT ( 'NONE',  ( -2.199999999999999734, -0.8448398801928057589, -0.4911437554701245656 ) ) ;
#315 = CARTESIAN_POINT ( 'NONE',  ( -2.119474744232935137, -9.407764286474296966, -1.381554076133191478 ) ) ;
#316 = CIRCLE ( 'NONE', #887, 1.499999999999999556 ) ;
#317 = CARTESIAN_POINT ( 'NONE',  ( 0.9056439328402179356, -0.9126490637092389280, 1.098165633650274975 ) ) ;
#318 = ORIENTED_EDGE ( 'NONE', *, *, #3167, .F. ) ;
#319 = VERTEX_POINT ( 'NONE', #3253 ) ;
#320 = PRESENTATION_STYLE_ASSIGNMENT (( #2324 ) ) ;
#321 = CARTESIAN_POINT ( 'NONE',  ( -0.5763403033836553835, -8.981201786474295901, -2.721968189530051152 ) ) ;
#322 = CARTESIAN_POINT ( 'NONE',  ( 5.000000000000000000, -0.7939339828220179918, 0.9010407640085656977 ) ) ;
#323 = CARTESIAN_POINT ( 'NONE',  ( -1.299013051566232368, -0.9860352612339148282, 0.2265815563994450499 ) ) ;
#324 = EDGE_CURVE ( 'NONE', #718, #3229, #4274, .T. ) ;
#325 = ORIENTED_EDGE ( 'NONE', *, *, #1239, .F. ) ;
#326 = ORIENTED_EDGE ( 'NONE', *, *, #1914, .F. ) ;
#327 = EDGE_CURVE ( 'NONE', #4020, #2512, #4096, .T. ) ;
#328 = PLANE ( 'NONE',  #4497 ) ;
#329 = CARTESIAN_POINT ( 'NONE',  ( -4.500000000000000888, -0.5464466094067268465, 0.6535533905932739973 ) ) ;
#330 = CARTESIAN_POINT ( 'NONE',  ( 0.8838834764831864366, -0.3722440000456379017, 0.3838834764831836610 ) ) ;
#331 = EDGE_CURVE ( 'NONE', #2197, #1813, #1591, .T. ) ;
#332 = CARTESIAN_POINT ( 'NONE',  ( -3.947673374878812425, -0.4030023730091717993, 1.266182038394133347 ) ) ;
#333 = EDGE_LOOP ( 'NONE', ( #616, #4099, #2158 ) ) ;
#334 = DIRECTION ( 'NONE',  ( 0.000000000000000000, 0.000000000000000000, -1.000000000000000000 ) ) ;
#335 = CARTESIAN_POINT ( 'NONE',  ( 1.196018224532816809, -8.617756546860464439, 0.7756082390471394916 ) ) ;
#336 = CARTESIAN_POINT ( 'NONE',  ( 2.201427249028441224, -7.843701786474095883, -0.05508448346457339023 ) ) ;
#337 = CARTESIAN_POINT ( 'NONE',  ( 0.2680937155408962269, -0.3334786804920451542, 1.060656140612658671 ) ) ;
#338 = CARTESIAN_POINT ( 'NONE',  ( 0.000000000000000000, -1.193268229768540412, -0.4999999999999990563 ) ) ;
#339 = ORIENTED_EDGE ( 'NONE', *, *, #1724, .T. ) ;
#340 = CIRCLE ( 'NONE', #3816, 0.2000000000000000944 ) ;
#341 = CARTESIAN_POINT ( 'NONE',  ( -4.303506468771764126, -0.04735305660170206765, 1.136626336283367511 ) ) ;
#342 = CIRCLE ( 'NONE', #1350, 2.319395077624665458 ) ;
#343 = ORIENTED_EDGE ( 'NONE', *, *, #4388, .F. ) ;
#344 = CARTESIAN_POINT ( 'NONE',  ( 2.502953583116441560, -8.049006546860086431, -1.629876992599940788 ) ) ;
#345 = CIRCLE ( 'NONE', #4247, 0.8499999999999998668 ) ;
#346 = CARTESIAN_POINT ( 'NONE',  ( 5.000000000000000000, -2.725000000000000089, 2.125000000000000888 ) ) ;
#347 = ADVANCED_FACE ( 'NONE', ( #858 ), #816, .F. ) ;
#348 = CARTESIAN_POINT ( 'NONE',  ( 5.000000000000000000, -0.1928932188134528380, 0.3000000000000007105 ) ) ;
#349 = CARTESIAN_POINT ( 'NONE',  ( -3.997251580249932434, -0.3499999999999998668, 1.506399295141412908 ) ) ;
#350 = CARTESIAN_POINT ( 'NONE',  ( -5.000000000000000000, -0.3499999999999999778, 4.500000000000000888 ) ) ;
#351 = CARTESIAN_POINT ( 'NONE',  ( 2.073995596041870559, -8.428173213525266050, 0.3715036971493741458 ) ) ;
#352 = EDGE_CURVE ( 'NONE', #2668, #2000, #838, .T. ) ;
#353 = CARTESIAN_POINT ( 'NONE',  ( -0.08770701488997864614, -0.7343267864736976458, 1.282080421957581651 ) ) ;
#354 = AXIS2_PLACEMENT_3D ( 'NONE', #1220, #921, #4068 ) ;
#355 = CARTESIAN_POINT ( 'NONE',  ( -4.000000000140746081, -5.421010862427522170E-17, -0.2612041010047788658 ) ) ;
#356 = EDGE_CURVE ( 'NONE', #158, #661, #345, .T. ) ;
#357 = CARTESIAN_POINT ( 'NONE',  ( 3.650000000000000355, -0.3499999999999999778, 0.8621320343559647492 ) ) ;
#358 = ORIENTED_EDGE ( 'NONE', *, *, #352, .F. ) ;
#359 = ORIENTED_EDGE ( 'NONE', *, *, #633, .T. ) ;
#360 = DIRECTION ( 'NONE',  ( 1.000000000000000000, -0.000000000000000000, -0.000000000000000000 ) ) ;
#361 = CARTESIAN_POINT ( 'NONE',  ( 4.000000000000000888, 0.000000000000000000, 0.000000000000000000 ) ) ;
#362 = CARTESIAN_POINT ( 'NONE',  ( -4.255112374409768528, -0.1025126265847083884, 1.009619407771256139 ) ) ;
#363 = ORIENTED_EDGE ( 'NONE', *, *, #3907, .F. ) ;
#364 = ORIENTED_EDGE ( 'NONE', *, *, #287, .F. ) ;
#365 = CARTESIAN_POINT ( 'NONE',  ( -2.310395501052766143, -9.399787796859753186, -1.905433323361069409 ) ) ;
#366 = CARTESIAN_POINT ( 'NONE',  ( -1.016915513624588652, -0.7337782569081442441, -1.333474649622778951 ) ) ;
#367 = EDGE_CURVE ( 'NONE', #3634, #3229, #2208, .T. ) ;
#368 = DIRECTION ( 'NONE',  ( 0.5582457433392002955, -0.000000000000000000, 0.8296756535198942517 ) ) ;
#369 = VERTEX_POINT ( 'NONE', #3575 ) ;
#370 = DIRECTION ( 'NONE',  ( -0.000000000000000000, 1.000000000000000000, 1.230255323012501829E-16 ) ) ;
#371 = CIRCLE ( 'NONE', #2985, 0.5000000000000000000 ) ;
#372 =( BOUNDED_SURFACE ( )  B_SPLINE_SURFACE ( 3, 2, ( 
 ( #2276, #4092, #971 ),
 ( #632, #2001, #3083 ),
 ( #2460, #1013, #1352 ),
 ( #673, #3168, #1413 ),
 ( #1748, #16, #3804 ),
 ( #3142, #2735, #2413 ) ),
 .UNSPECIFIED., .F., .F., .F. ) 
 B_SPLINE_SURFACE_WITH_KNOTS ( ( 4, 2, 4 ),
 ( 3, 3 ),
 ( -0.0002776991048504746690, -6.946082652407982525E-05, 0.0001387774518023150185 ),
 ( 0.000000000000000000, 1.000000000000000000 ),
 .UNSPECIFIED. ) 
 GEOMETRIC_REPRESENTATION_ITEM ( )  RATIONAL_B_SPLINE_SURFACE ( (
 ( 1.000000000000000000, 1.000000000000000000, 1.000000000000000000),
 ( 1.000000000000000000, 1.000323156068967601, 1.000000000000000000),
 ( 1.000000000000000000, 0.9838136884512176383, 1.000000000000000000),
 ( 1.000000000000000000, 0.9317572762373467210, 1.000000000000000000),
 ( 1.000000000000000000, 0.8965982280606621391, 1.000000000000000000),
 ( 1.000000000000000000, 0.8623911140185922530, 1.000000000000000000) ) ) 
 REPRESENTATION_ITEM ( '' )  SURFACE ( )  );
#373 = CARTESIAN_POINT ( 'NONE',  ( 3.760224748819541496, -0.3499999999999999778, -0.6520815280171348149 ) ) ;
#374 = UNCERTAINTY_MEASURE_WITH_UNIT (LENGTH_MEASURE( 1.000000000000000082E-05 ), #1692, 'distance_accuracy_value', 'NONE');
#375 = CARTESIAN_POINT ( 'NONE',  ( -0.2165677676469862090, -3.214631546859534783, 1.735470901540943744 ) ) ;
#376 = CARTESIAN_POINT ( 'NONE',  ( 0.1393245033218178386, -9.004899703140788247, -2.791265908479084068 ) ) ;
#377 = AXIS2_PLACEMENT_3D ( 'NONE', #2507, #849, #2550 ) ;
#378 = CARTESIAN_POINT ( 'NONE',  ( -0.2693186974585821125, -0.5120279155650505620, 1.067787137876508474 ) ) ;
#379 = CARTESIAN_POINT ( 'NONE',  ( 4.050000000000000711, -0.4964466094067262469, 1.198528137423858109 ) ) ;
#380 = ORIENTED_EDGE ( 'NONE', *, *, #3926, .F. ) ;
#381 = ORIENTED_EDGE ( 'NONE', *, *, #3056, .T. ) ;
#382 = CARTESIAN_POINT ( 'NONE',  ( -0.6248323514415742297, -1.108393121367604595, -2.067535547647116445 ) ) ;
#383 = B_SPLINE_CURVE_WITH_KNOTS ( 'NONE', 3,
 ( #2307, #4391, #1539, #2211 ),
 .UNSPECIFIED., .F., .F.,
 ( 4, 4 ),
 ( 0.000000000000000000, 1.000000000000000000 ),
 .UNSPECIFIED. ) ;
#384 = CARTESIAN_POINT ( 'NONE',  ( 3.905112374409769771, -0.4525126265847082552, 1.154594154601840117 ) ) ;
#385 = CARTESIAN_POINT ( 'NONE',  ( -0.8865751137630503154, -0.4517721959582036151, 0.3828635546618888719 ) ) ;
#386 = VERTEX_POINT ( 'NONE', #2491 ) ;
#387 = EDGE_LOOP ( 'NONE', ( #2049, #793, #2263, #2066 ) ) ;
#388 = CARTESIAN_POINT ( 'NONE',  ( 2.776969658664165674, -0.6158372031407037817, -0.09214773595646710835 ) ) ;
#389 = CARTESIAN_POINT ( 'NONE',  ( -2.284344442285129784, -0.9533984102466801502, -0.1467826387385548215 ) ) ;
#390 = PLANE ( 'NONE',  #2131 ) ;
#391 = ORIENTED_EDGE ( 'NONE', *, *, #1941, .T. ) ;
#392 = CARTESIAN_POINT ( 'NONE',  ( -1.139972157063802394, -3.499006546859573241, 0.8221130967078174034 ) ) ;
#393 = DIRECTION ( 'NONE',  ( 0.000000000000000000, 1.734723475976807094E-15, 1.000000000000000000 ) ) ;
#394 = DIRECTION ( 'NONE',  ( 1.000000000000000000, 0.000000000000000000, -0.000000000000000000 ) ) ;
#395 = DIRECTION ( 'NONE',  ( -0.000000000000000000, 1.000000000000000000, 1.230255323012501829E-16 ) ) ;
#396 = CARTESIAN_POINT ( 'NONE',  ( 1.793213261748112020, -2.740673213526372276, 0.8522640080669771079 ) ) ;
#397 = CARTESIAN_POINT ( 'NONE',  ( -0.1754097924331101954, -6.990576786474097304, -2.739076406543562214 ) ) ;
#398 = PLANE ( 'NONE',  #3133 ) ;
#399 =( BOUNDED_CURVE ( )  B_SPLINE_CURVE ( 3, ( #2367, #3761, #1351, #2734 ),
 .UNSPECIFIED., .F., .F. ) 
 B_SPLINE_CURVE_WITH_KNOTS ( ( 4, 4 ),
 ( 3.951811611221957676, 4.712388980384689674 ),
 .UNSPECIFIED. ) 
 CURVE ( )  GEOMETRIC_REPRESENTATION_ITEM ( )  RATIONAL_B_SPLINE_CURVE ( ( 1.000000000000000000, 0.9523716785737819102, 0.9523716785737819102, 1.000000000000000000 ) ) 
 REPRESENTATION_ITEM ( '' )  );
#400 = CARTESIAN_POINT ( 'NONE',  ( 4.026019172036381377, -0.3499999999999999223, 1.482855525325551094 ) ) ;
#401 = DIRECTION ( 'NONE',  ( 0.000000000000000000, 0.7071067811865474617, -0.7071067811865476838 ) ) ;
#402 = EDGE_LOOP ( 'NONE', ( #2073, #2159, #1399, #2 ) ) ;
#403 = EDGE_LOOP ( 'NONE', ( #3732, #1834, #1969, #3041 ) ) ;
#404 = CIRCLE ( 'NONE', #4477, 1.489974787804957179 ) ;
#405 = CARTESIAN_POINT ( 'NONE',  ( 2.168404344971008868E-16, 0.000000000000000000, 10.00000000000000000 ) ) ;
#406 = CYLINDRICAL_SURFACE ( 'NONE', #3763, 0.2000000000000000666 ) ;
#407 = DIRECTION ( 'NONE',  ( 0.000000000000000000, 0.000000000000000000, 1.000000000000000000 ) ) ;
#408 = AXIS2_PLACEMENT_3D ( 'NONE', #3713, #866, #1874 ) ;
#409 = ORIENTED_EDGE ( 'NONE', *, *, #3708, .T. ) ;
#410 = ORIENTED_EDGE ( 'NONE', *, *, #2428, .F. ) ;
#411 = CARTESIAN_POINT ( 'NONE',  ( 0.6899654773974548405, -4.241618453140914902, -3.158071913556942167 ) ) ;
#412 = CARTESIAN_POINT ( 'NONE',  ( 4.500000000000000888, -0.9000000000000001332, 0.3000000000000007661 ) ) ;
#413 = AXIS2_PLACEMENT_3D ( 'NONE', #4304, #1191, #6 ) ;
#414 = FACE_OUTER_BOUND ( 'NONE', #945, .T. ) ;
#415 = ORIENTED_EDGE ( 'NONE', *, *, #703, .T. ) ;
#416 = CARTESIAN_POINT ( 'NONE',  ( 3.850000000000000533, -0.5500000000000000444, -0.9520815280171303074 ) ) ;
#417 = B_SPLINE_CURVE_WITH_KNOTS ( 'NONE', 3,
 ( #4323, #1619, #4298, #1598 ),
 .UNSPECIFIED., .F., .F.,
 ( 4, 4 ),
 ( 0.000000000000000000, 1.000000000000000000 ),
 .UNSPECIFIED. ) ;
#418 = CARTESIAN_POINT ( 'NONE',  ( 4.200000000000000178, -0.1640364940634373159, -0.2250478053350568053 ) ) ;
#419 = LINE ( 'NONE', #53, #2788 ) ;
#420 = CARTESIAN_POINT ( 'NONE',  ( -1.890390193547000885, -9.399787796859619959, -1.648042245977765274 ) ) ;
#421 = CARTESIAN_POINT ( 'NONE',  ( 0.1103479627415874798, -9.004899703140655021, -2.280821854623111378 ) ) ;
#422 = DIRECTION ( 'NONE',  ( 0.000000000000000000, 0.000000000000000000, 1.000000000000000000 ) ) ;
#423 = EDGE_CURVE ( 'NONE', #3598, #2992, #3482, .T. ) ;
#424 = CARTESIAN_POINT ( 'NONE',  ( -0.3635720671077459221, -0.9292896438123683378, 0.8919091635154059450 ) ) ;
#425 = CIRCLE ( 'NONE', #2737, 1.000000000000000000 ) ;
#426 = CARTESIAN_POINT ( 'NONE',  ( -4.050000000000000711, -0.7939339828220187689, 0.9010407640085654757 ) ) ;
#427 = ORIENTED_EDGE ( 'NONE', *, *, #539, .T. ) ;
#428 = ORIENTED_EDGE ( 'NONE', *, *, #1410, .T. ) ;
#429 = CARTESIAN_POINT ( 'NONE',  ( -0.7268519378824787047, -0.9856823329235050446, -1.798299497973877115 ) ) ;
#430 = CARTESIAN_POINT ( 'NONE',  ( 3.870122051941590868, -0.4785142747134052965, 1.076589210421105225 ) ) ;
#431 = DIRECTION ( 'NONE',  ( 1.000000000000000000, -0.000000000000000000, -0.000000000000000000 ) ) ;
#432 = CARTESIAN_POINT ( 'NONE',  ( -4.000000000000000888, -0.3499999999999999778, -3.499999999999998668 ) ) ;
#433 = ORIENTED_EDGE ( 'NONE', *, *, #1553, .T. ) ;
#434 = AXIS2_PLACEMENT_3D ( 'NONE', #1795, #2568, #3265 ) ;
#435 = CARTESIAN_POINT ( 'NONE',  ( -1.962654146924451393, -8.933805953140392830, -2.360418961823876227 ) ) ;
#436 = CARTESIAN_POINT ( 'NONE',  ( -1.301290717040100242, -0.3334786804920450431, -1.225718497793522710 ) ) ;
#437 = CARTESIAN_POINT ( 'NONE',  ( -4.400000000000000355, -0.5000000000000000000, 1.407106781186548083 ) ) ;
#438 = ORIENTED_EDGE ( 'NONE', *, *, #3329, .T. ) ;
#439 = LINE ( 'NONE', #2103, #4116 ) ;
#440 = DIRECTION ( 'NONE',  ( -0.000000000000000000, -0.000000000000000000, -1.000000000000000000 ) ) ;
#441 = ADVANCED_FACE ( 'NONE', ( #2514 ), #1895, .T. ) ;
#442 = EDGE_LOOP ( 'NONE', ( #2608, #124, #155 ) ) ;
#443 = CARTESIAN_POINT ( 'NONE',  ( -2.207161694376745142, -9.281298213525888130, -0.06841929353932496571 ) ) ;
#444 = CARTESIAN_POINT ( 'NONE',  ( -0.5163244788173413369, -8.507243453140345579, 1.228824504240986659 ) ) ;
#445 = EDGE_CURVE ( 'NONE', #4117, #2917, #2170, .T. ) ;
#446 = PLANE ( 'NONE',  #2443 ) ;
#447 = CARTESIAN_POINT ( 'NONE',  ( 4.500000000000000888, -0.1464466094067264079, 1.053553390593274353 ) ) ;
#448 = VERTEX_POINT ( 'NONE', #185 ) ;
#449 = ORIENTED_EDGE ( 'NONE', *, *, #3982, .T. ) ;
#450 = LINE ( 'NONE', #1840, #3717 ) ;
#451 = DIRECTION ( 'NONE',  ( -0.000000000000000000, -1.000000000000000000, -0.000000000000000000 ) ) ;
#452 = CARTESIAN_POINT ( 'NONE',  ( 4.050000000000000711, -0.3500000000000000333, -0.9520815280171303074 ) ) ;
#453 = CARTESIAN_POINT ( 'NONE',  ( 4.110224748819537588, 0.000000000000000000, -0.5071067811865467290 ) ) ;
#454 = ORIENTED_EDGE ( 'NONE', *, *, #3757, .F. ) ;
#455 = VERTEX_POINT ( 'NONE', #1471 ) ;
#456 = CARTESIAN_POINT ( 'NONE',  ( -0.8505571029286630447, -2.819743453140426848, 2.111120692786899067 ) ) ;
#457 = CARTESIAN_POINT ( 'NONE',  ( -0.8311611501372277999, -0.3308857761192655622, 0.5230209830167120710 ) ) ;
#458 = AXIS2_PLACEMENT_3D ( 'NONE', #3712, #598, #3380 ) ;
#459 = ADVANCED_FACE ( 'NONE', ( #4226 ), #2536, .F. ) ;
#460 = LINE ( 'NONE', #2538, #2060 ) ;
#461 = CARTESIAN_POINT ( 'NONE',  ( 4.400000000000000355, -0.4050252531694169544, 0.08786796564403669130 ) ) ;
#462 = DIRECTION ( 'NONE',  ( 0.000000000000000000, 1.000000000000000000, 0.000000000000000000 ) ) ;
#463 = ORIENTED_EDGE ( 'NONE', *, *, #3525, .T. ) ;
#464 = EDGE_CURVE ( 'NONE', #2694, #773, #3000, .T. ) ;
#465 = CARTESIAN_POINT ( 'NONE',  ( -2.692637361421717390, -0.8685377968596392773, -1.292217193782339901 ) ) ;
#466 = CARTESIAN_POINT ( 'NONE',  ( 1.031610854210764261, -5.284326786473718229, 0.9082963483727801712 ) ) ;
#467 = CARTESIAN_POINT ( 'NONE',  ( -1.999999999999999556, 0.000000000000000000, 5.000000000000000888 ) ) ;
#468 = ORIENTED_EDGE ( 'NONE', *, *, #287, .T. ) ;
#469 = VERTEX_POINT ( 'NONE', #3231 ) ;
#470 = DIRECTION ( 'NONE',  ( 0.000000000000000000, 1.000000000000000000, 0.000000000000000000 ) ) ;
#471 = DIRECTION ( 'NONE',  ( 0.3543371188111937298, 0.000000000000000000, -0.9351177499291637440 ) ) ;
#472 = DIRECTION ( 'NONE',  ( 0.000000000000000000, 0.7071067811865476838, -0.7071067811865471286 ) ) ;
#473 = CARTESIAN_POINT ( 'NONE',  ( 0.000000000000000000, -0.3334786804920450987, -0.4999999999999989453 ) ) ;
#474 = ORIENTED_EDGE ( 'NONE', *, *, #1802, .T. ) ;
#475 = CARTESIAN_POINT ( 'NONE',  ( -1.694379908641998833, -3.783381546859329259, -0.07976639287580106208 ) ) ;
#476 = CARTESIAN_POINT ( 'NONE',  ( 2.510338995728079503, -7.559326786474474424, -1.613371808593230705 ) ) ;
#477 = CARTESIAN_POINT ( 'NONE',  ( 4.000000000000000000, 0.000000000000000000, 0.8641418837032008859 ) ) ;
#478 = CIRCLE ( 'NONE', #1047, 1.489974787804957179 ) ;
#479 = FACE_OUTER_BOUND ( 'NONE', #2240, .T. ) ;
#480 = EDGE_CURVE ( 'NONE', #2476, #661, #1277, .T. ) ;
#481 = DIRECTION ( 'NONE',  ( 0.000000000000000000, 1.000000000000000000, 0.000000000000000000 ) ) ;
#482 = CARTESIAN_POINT ( 'NONE',  ( -3.817879776963278182, -0.3499999999999859335, -0.4898868711930871034 ) ) ;
#483 = CIRCLE ( 'NONE', #557, 0.5000000000000000000 ) ;
#484 = CARTESIAN_POINT ( 'NONE',  ( 1.920310524022359022, -2.077131546859582123, -2.463111344007322678 ) ) ;
#485 = CARTESIAN_POINT ( 'NONE',  ( -0.6154209698067407697, -3.957243453140647294, -2.133639063345396991 ) ) ;
#486 = DIRECTION ( 'NONE',  ( 0.000000000000000000, -0.000000000000000000, 1.000000000000000000 ) ) ;
#487 = LINE ( 'NONE', #1859, #3458 ) ;
#488 = ORIENTED_EDGE ( 'NONE', *, *, #3525, .F. ) ;
#489 = EDGE_CURVE ( 'NONE', #661, #1308, #3022, .T. ) ;
#490 = CARTESIAN_POINT ( 'NONE',  ( 0.3500000000000093592, -1.193268229768568389, 1.792835259260797232 ) ) ;
#491 = DIRECTION ( 'NONE',  ( 0.000000000000000000, 1.000000000000000000, 0.000000000000000000 ) ) ;
#492 = CARTESIAN_POINT ( 'NONE',  ( -3.870122051941593089, -0.4785142747134105146, 1.076589210421103671 ) ) ;
#493 = AXIS2_PLACEMENT_3D ( 'NONE', #473, #1890, #3969 ) ;
#494 = ADVANCED_FACE ( 'NONE', ( #638 ), #3768, .T. ) ;
#495 = CARTESIAN_POINT ( 'NONE',  ( -1.640059987639102879, -1.193268229768540190, -2.140059987639096217 ) ) ;
#496 = ORIENTED_EDGE ( 'NONE', *, *, #2369, .T. ) ;
#497 = CARTESIAN_POINT ( 'NONE',  ( 1.661388888045363998, -5.489631546859452094, 0.03600981525139523853 ) ) ;
#498 = CARTESIAN_POINT ( 'NONE',  ( 2.099147164631505635, -4.525993453140426226, -2.270587427624203958 ) ) ;
#499 = B_SPLINE_CURVE_WITH_KNOTS ( 'NONE', 3,
 ( #4027, #1966, #950, #3730, #614, #2351, #3399, #3001, #277, #1662 ),
 .UNSPECIFIED., .F., .F.,
 ( 4, 2, 2, 2, 4 ),
 ( 0.000000000000000000, 0.0003481546084836901794, 0.0006963092169673803589, 0.001044463825451070593, 0.001392618433934760718 ),
 .UNSPECIFIED. ) ;
#500 = CARTESIAN_POINT ( 'NONE',  ( 4.000000000000000888, 0.000000000000000000, 0.7171572875253813262 ) ) ;
#501 = ADVANCED_FACE ( 'NONE', ( #613 ), #2394, .F. ) ;
#502 = CARTESIAN_POINT ( 'NONE',  ( 3.924471140303067429, -0.4287773938039720067, 1.207100760806379292 ) ) ;
#503 = CARTESIAN_POINT ( 'NONE',  ( 1.162156809793535528, -0.3320894408102818551, 0.2784394602888108361 ) ) ;
#504 = CIRCLE ( 'NONE', #3045, 2.311491301150722322 ) ;
#505 = LINE ( 'NONE', #1542, #2136 ) ;
#506 = VECTOR ( 'NONE', #4038, 1000.000000000000000 ) ;
#507 = DIRECTION ( 'NONE',  ( -1.000000000000000000, -0.000000000000000000, -0.000000000000000000 ) ) ;
#508 = ORIENTED_EDGE ( 'NONE', *, *, #3977, .F. ) ;
#509 = CARTESIAN_POINT ( 'NONE',  ( -2.006426253242361124, -9.826350296859212463, 0.6151522187052358426 ) ) ;
#510 = CARTESIAN_POINT ( 'NONE',  ( -1.402444083461057867, -3.104118453140402689, 0.5395528616339274608 ) ) ;
#511 = DIRECTION ( 'NONE',  ( 0.000000000000000000, -0.000000000000000000, 1.000000000000000000 ) ) ;
#512 = CARTESIAN_POINT ( 'NONE',  ( 4.000000000000000888, -0.2000000000000000389, -0.1171572875253803769 ) ) ;
#513 = DIRECTION ( 'NONE',  ( 1.000000000000000000, -0.000000000000000000, 2.478176394252581141E-16 ) ) ;
#514 = FACE_OUTER_BOUND ( 'NONE', #402, .T. ) ;
#515 = CARTESIAN_POINT ( 'NONE',  ( -3.850000000000001421, -0.3500000000000000333, 0.8621320343559637500 ) ) ;
#516 = CARTESIAN_POINT ( 'NONE',  ( 3.817879776963291949, -0.3500000000000638156, -0.4898868711930690623 ) ) ;
#517 = CARTESIAN_POINT ( 'NONE',  ( 1.567790557470237323, -0.5120279155650501179, -0.2306746671129315251 ) ) ;
#518 = DIRECTION ( 'NONE',  ( 0.000000000000000000, 1.000000000000000000, 0.000000000000000000 ) ) ;
#519 = COLOUR_RGB ( '',0.7921568627450980005, 0.8196078431372548767, 0.9333333333333333481 ) ;
#520 =( BOUNDED_SURFACE ( )  B_SPLINE_SURFACE ( 3, 2, ( 
 ( #2838, #726, #3509 ),
 ( #1431, #2607, #4208 ),
 ( #2147, #3532, #418 ),
 ( #1788, #3188, #4232 ) ),
 .UNSPECIFIED., .F., .F., .F. ) 
 B_SPLINE_SURFACE_WITH_KNOTS ( ( 4, 4 ),
 ( 3, 3 ),
 ( 3.951811611221970111, 4.712388980384689674 ),
 ( 0.000000000000000000, 1.000000000000000000 ),
 .UNSPECIFIED. ) 
 GEOMETRIC_REPRESENTATION_ITEM ( )  RATIONAL_B_SPLINE_SURFACE ( (
 ( 1.000000000000000000, 0.8623911140185923641, 1.000000000000000000),
 ( 1.000000000000000000, 0.8248548249928411291, 1.000000000000000000),
 ( 1.000000000000000000, 0.7706146482961837574, 1.000000000000000000),
 ( 1.000000000000000000, 0.7071067811865479058, 1.000000000000000000) ) ) 
 REPRESENTATION_ITEM ( '' )  SURFACE ( )  );
#521 = ORIENTED_EDGE ( 'NONE', *, *, #423, .F. ) ;
#522 = CARTESIAN_POINT ( 'NONE',  ( -0.8254360350734377683, -7.290673213525769469, -2.038237599126834887 ) ) ;
#523 = CARTESIAN_POINT ( 'NONE',  ( -2.182649838715015722, -0.8291184531404698355, 0.2108800617143564426 ) ) ;
#524 = PRESENTATION_LAYER_ASSIGNMENT (  '', '', ( #2472 ) ) ;
#525 = LINE ( 'NONE', #4346, #2588 ) ;
#526 = CARTESIAN_POINT ( 'NONE',  ( 4.352018369415367793, -0.01045078286635047968, 1.268930135196118636 ) ) ;
#527 = ORIENTED_EDGE ( 'NONE', *, *, #4172, .T. ) ;
#528 = AXIS2_PLACEMENT_3D ( 'NONE', #2933, #1207, #2560 ) ;
#529 = DIRECTION ( 'NONE',  ( -0.000000000000000000, 1.000000000000000000, 1.230255323012501829E-16 ) ) ;
#530 = EDGE_LOOP ( 'NONE', ( #3137, #863, #3818, #3480, #3703 ) ) ;
#531 = FACE_OUTER_BOUND ( 'NONE', #640, .T. ) ;
#532 = CARTESIAN_POINT ( 'NONE',  ( -1.610799895248996361, -1.508381546859586475, -2.694377736214232488 ) ) ;
#533 = CARTESIAN_POINT ( 'NONE',  ( 6.505213034913026604E-16, -0.3499999999999999778, 11.50000000000000000 ) ) ;
#534 = DIRECTION ( 'NONE',  ( -0.000000000000000000, 1.000000000000000000, 1.230255323012501829E-16 ) ) ;
#535 = CARTESIAN_POINT ( 'NONE',  ( 4.000000000000000000, -0.3499999999999999778, 4.500000000000000888 ) ) ;
#536 = CARTESIAN_POINT ( 'NONE',  ( -1.192153376984745439, -9.455160119807194619, -2.349012914722618639 ) ) ;
#537 = DIRECTION ( 'NONE',  ( 0.03030156569551670578, 0.9993464497665540680, -0.01971011048635703047 ) ) ;
#538 = CARTESIAN_POINT ( 'NONE',  ( -2.222442941291550067, -6.232243453140291933, -0.1759951816305918848 ) ) ;
#539 = EDGE_CURVE ( 'NONE', #3919, #1655, #2768, .T. ) ;
#540 = FACE_OUTER_BOUND ( 'NONE', #1148, .T. ) ;
#541 = EDGE_LOOP ( 'NONE', ( #3211, #1000, #415, #548 ) ) ;
#542 = CARTESIAN_POINT ( 'NONE',  ( 1.499999999999999556, 0.000000000000000000, 4.500000000000001776 ) ) ;
#543 = ORIENTED_EDGE ( 'NONE', *, *, #1703, .T. ) ;
#544 = CARTESIAN_POINT ( 'NONE',  ( -0.6835424463273368501, -0.9396315468593274822, -2.148111912114491595 ) ) ;
#545 = CARTESIAN_POINT ( 'NONE',  ( 2.244311900564107454, -1.966618453140638545, -0.4145842953052982227 ) ) ;
#546 = CARTESIAN_POINT ( 'NONE',  ( 0.7345865804028803847, -0.3334786804920449876, -1.796305297445947913 ) ) ;
#547 = DIRECTION ( 'NONE',  ( -0.000000000000000000, -1.000000000000000000, -0.000000000000000000 ) ) ;
#548 = ORIENTED_EDGE ( 'NONE', *, *, #3689, .T. ) ;
#549 = DIRECTION ( 'NONE',  ( 0.000000000000000000, 0.000000000000000000, 1.000000000000000000 ) ) ;
#550 = ORIENTED_EDGE ( 'NONE', *, *, #1309, .F. ) ;
#551 = CARTESIAN_POINT ( 'NONE',  ( -0.8828615297940960449, -0.4519300846109588488, 0.3865804575154008216 ) ) ;
#552 = AXIS2_PLACEMENT_3D ( 'NONE', #1625, #604, #3338 ) ;
#553 = CARTESIAN_POINT ( 'NONE',  ( 4.400000000000000355, -0.5464466094067266244, -0.05355339059327274970 ) ) ;
#554 = VECTOR ( 'NONE', #217, 1000.000000000000000 ) ;
#555 = CARTESIAN_POINT ( 'NONE',  ( -1.207001144175548601, -9.944839880192805737, -2.339354960584303811 ) ) ;
#556 = CARTESIAN_POINT ( 'NONE',  ( 1.391909163515388848, -0.9292896438123678937, -0.8635720671077674604 ) ) ;
#557 = AXIS2_PLACEMENT_3D ( 'NONE', #99, #3691, #1873 ) ;
#558 = CARTESIAN_POINT ( 'NONE',  ( 4.400000000000000355, 0.000000000000000000, 1.407106781186548083 ) ) ;
#559 = CARTESIAN_POINT ( 'NONE',  ( 0.8754845994733834180, -0.5298370723001746274, 0.4060486365931053054 ) ) ;
#560 =( LENGTH_UNIT ( ) NAMED_UNIT ( * ) SI_UNIT ( .MILLI., .METRE. ) );
#561 = DIRECTION ( 'NONE',  ( -0.000000000000000000, 0.000000000000000000, -1.000000000000000000 ) ) ;
#562 = CARTESIAN_POINT ( 'NONE',  ( -0.1101941047518050915, -0.7343267864738316497, 1.792851508463657595 ) ) ;
#563 = EDGE_CURVE ( 'NONE', #1278, #4069, #1939, .T. ) ;
#564 = CARTESIAN_POINT ( 'NONE',  ( 1.945777625998947435, -0.9558696011316025754, -1.602657513971587955 ) ) ;
#565 = ORIENTED_EDGE ( 'NONE', *, *, #2870, .F. ) ;
#566 = CYLINDRICAL_SURFACE ( 'NONE', #3186, 0.5000000000000000000 ) ;
#567 = ORIENTED_EDGE ( 'NONE', *, *, #962, .T. ) ;
#568 = DIRECTION ( 'NONE',  ( 0.000000000000000000, -0.000000000000000000, 1.000000000000000000 ) ) ;
#569 = CARTESIAN_POINT ( 'NONE',  ( -1.304218177087121955, -1.018701786473840798, -2.304255439599971922 ) ) ;
#570 = CARTESIAN_POINT ( 'NONE',  ( -4.110224748819537588, 0.000000000000000000, 1.107106781186547817 ) ) ;
#571 = CARTESIAN_POINT ( 'NONE',  ( -1.598155131003049290, -0.9126490637092385949, -1.405662466330422022 ) ) ;
#572 = AXIS2_PLACEMENT_3D ( 'NONE', #1481, #3221, #3892 ) ;
#573 = CARTESIAN_POINT ( 'NONE',  ( -5.000000000000000000, -0.5000000000000000000, 1.407106781186548083 ) ) ;
#574 = ADVANCED_FACE ( 'NONE', ( #3437 ), #41, .F. ) ;
#575 = ORIENTED_EDGE ( 'NONE', *, *, #1118, .T. ) ;
#576 = AXIS2_PLACEMENT_3D ( 'NONE', #2320, #1292, #2665 ) ;
#577 = CARTESIAN_POINT ( 'NONE',  ( -0.4056077856773595003, -1.197771894130862158, 1.646082845639530001 ) ) ;
#578 = CARTESIAN_POINT ( 'NONE',  ( -5.000000000000000000, -0.1928932188134528380, 0.3000000000000007105 ) ) ;
#579 = COLOUR_RGB ( '',0.7921568627450980005, 0.8196078431372548767, 0.9333333333333333481 ) ;
#580 = CARTESIAN_POINT ( 'NONE',  ( 2.695646764337423118, -8.333381546859840228, 0.02429684297514903349 ) ) ;
#581 = CARTESIAN_POINT ( 'NONE',  ( 1.129799452363548617, -1.217045720401882081, 0.6297994523635447317 ) ) ;
#582 = ORIENTED_EDGE ( 'NONE', *, *, #1575, .F. ) ;
#583 = CARTESIAN_POINT ( 'NONE',  ( 4.500000000000000888, -1.147487373415291723, 0.05251262658470919747 ) ) ;
#584 = CARTESIAN_POINT ( 'NONE',  ( 5.000000000000000000, -0.8500000000000000888, -0.9520815280171303074 ) ) ;
#585 = CARTESIAN_POINT ( 'NONE',  ( 2.168404344971008868E-16, 0.000000000000000000, 10.75000000000000000 ) ) ;
#586 = CARTESIAN_POINT ( 'NONE',  ( 1.376707367077944832, -4.431201786473606852, -2.274516434146527821 ) ) ;
#587 = ORIENTED_EDGE ( 'NONE', *, *, #3516, .F. ) ;
#588 = CARTESIAN_POINT ( 'NONE',  ( -3.850000000000000533, -0.5500000000000001554, -0.2621320343559634947 ) ) ;
#589 = ORIENTED_EDGE ( 'NONE', *, *, #298, .F. ) ;
#590 = UNCERTAINTY_MEASURE_WITH_UNIT (LENGTH_MEASURE( 1.000000000000000082E-05 ), #2941, 'distance_accuracy_value', 'NONE');
#591 = CARTESIAN_POINT ( 'NONE',  ( 0.3933929533710338045, -1.303076786473886584, -2.729541824770894465 ) ) ;
#592 = CARTESIAN_POINT ( 'NONE',  ( 4.050000000000000711, -1.147487373415291723, 0.05251262658470919747 ) ) ;
#593 = CARTESIAN_POINT ( 'NONE',  ( -1.296296778530920291, -0.3334786804920449876, -1.234601613301239631 ) ) ;
#594 = DIRECTION ( 'NONE',  ( 1.000000000000000000, -0.000000000000000000, -2.478176394252581141E-16 ) ) ;
#595 = ORIENTED_EDGE ( 'NONE', *, *, #4182, .T. ) ;
#596 = ORIENTED_EDGE ( 'NONE', *, *, #2338, .F. ) ;
#597 = CIRCLE ( 'NONE', #4084, 0.2000000000000000666 ) ;
#598 = DIRECTION ( 'NONE',  ( -1.000000000000000000, 0.000000000000000000, 0.000000000000000000 ) ) ;
#599 = PLANE ( 'NONE',  #3312 ) ;
#600 = CIRCLE ( 'NONE', #737, 0.2000000000000002331 ) ;
#601 = CARTESIAN_POINT ( 'NONE',  ( -2.253317085506810979, -9.186506546859856570, 1.076160868876183674 ) ) ;
#602 = CARTESIAN_POINT ( 'NONE',  ( 0.8838834764831862145, -0.3300000000000003486, 0.3838834764831836610 ) ) ;
#603 = ORIENTED_EDGE ( 'NONE', *, *, #240, .F. ) ;
#604 = DIRECTION ( 'NONE',  ( 1.000000000000000000, -0.000000000000000000, 0.000000000000000000 ) ) ;
#605 = CARTESIAN_POINT ( 'NONE',  ( -4.050000000000000711, 0.8197715939347417491, 2.514746340765326327 ) ) ;
#606 = B_SPLINE_CURVE_WITH_KNOTS ( 'NONE', 3,
 ( #4132, #4501, #1394, #2064, #3105, #37 ),
 .UNSPECIFIED., .F., .F.,
 ( 4, 2, 4 ),
 ( -4.593609616376504974E-06, 0.0002151914623695754816, 0.0004349765343555274952 ),
 .UNSPECIFIED. ) ;
#607 = CARTESIAN_POINT ( 'NONE',  ( 0.02886334900567842990, -8.902131546859356703, 1.264541176101145359 ) ) ;
#608 = CARTESIAN_POINT ( 'NONE',  ( -0.8141091532130694253, -0.7580247031405570324, 1.646284479569451342 ) ) ;
#609 = CARTESIAN_POINT ( 'NONE',  ( 1.618290256921772308, -0.6805721227388388250, -0.2219994979070221697 ) ) ;
#610 = ORIENTED_EDGE ( 'NONE', *, *, #2426, .T. ) ;
#611 = FACE_OUTER_BOUND ( 'NONE', #3997, .T. ) ;
#612 = CARTESIAN_POINT ( 'NONE',  ( -2.592322315315064962, -9.407764286474078474, -1.575996732314218551 ) ) ;
#613 = FACE_OUTER_BOUND ( 'NONE', #257, .T. ) ;
#614 = CARTESIAN_POINT ( 'NONE',  ( 0.6338754972846727398, -0.8228724146831108976, -2.043670121917540161 ) ) ;
#615 = DIRECTION ( 'NONE',  ( 0.000000000000000000, 0.7071067811865476838, 0.7071067811865472397 ) ) ;
#616 = ORIENTED_EDGE ( 'NONE', *, *, #1239, .T. ) ;
#617 = ORIENTED_EDGE ( 'NONE', *, *, #4158, .F. ) ;
#618 = EDGE_CURVE ( 'NONE', #2992, #4020, #1079, .T. ) ;
#619 = CARTESIAN_POINT ( 'NONE',  ( 0.8838834764831861035, -0.3440813333485451264, 0.3838834764831835500 ) ) ;
#620 = EDGE_CURVE ( 'NONE', #3003, #2166, #4133, .T. ) ;
#621 = DIRECTION ( 'NONE',  ( 0.000000000000000000, -0.000000000000000000, 1.000000000000000000 ) ) ;
#622 = EDGE_CURVE ( 'NONE', #38, #1541, #659, .T. ) ;
#623 = CARTESIAN_POINT ( 'NONE',  ( -3.902473850945531897, -0.3499999999999980904, 1.305925635064830503 ) ) ;
#624 = VERTEX_POINT ( 'NONE', #322 ) ;
#625 = CARTESIAN_POINT ( 'NONE',  ( 0.3521443217217802846, -1.033354954157690297, 1.787176260535757955 ) ) ;
#626 = VECTOR ( 'NONE', #4036, 1000.000000000000000 ) ;
#627 = ADVANCED_FACE ( 'NONE', ( #1680 ), #2986, .F. ) ;
#628 = CARTESIAN_POINT ( 'NONE',  ( -4.278421523428342255, -0.07393401433496829545, -0.4728405294816107052 ) ) ;
#629 = CARTESIAN_POINT ( 'NONE',  ( 1.720774880847420141, -9.636766963526266494, -0.02836777015480761166 ) ) ;
#630 = CARTESIAN_POINT ( 'NONE',  ( 1.119496455131164359, -0.5210455364738498796, -2.504005605664155532 ) ) ;
#631 = CARTESIAN_POINT ( 'NONE',  ( -4.220122051941629593, -0.1285142747134725427, -0.3316144635905126647 ) ) ;
#632 = CARTESIAN_POINT ( 'NONE',  ( 4.347251580249862357, 0.000000000000000000, -0.7614245483108920132 ) ) ;
#633 = EDGE_CURVE ( 'NONE', #2471, #3205, #4416, .T. ) ;
#634 = VERTEX_POINT ( 'NONE', #3109 ) ;
#635 = CARTESIAN_POINT ( 'NONE',  ( 3.905112374409770215, -0.4525126265847087548, -0.5545941546018391399 ) ) ;
#636 = ADVANCED_FACE ( 'NONE', ( #1378 ), #2152, .T. ) ;
#637 = CARTESIAN_POINT ( 'NONE',  ( -1.626543967886926012, -5.947868453140293887, 1.048737056492206277 ) ) ;
#638 = FACE_OUTER_BOUND ( 'NONE', #2861, .T. ) ;
#639 = CARTESIAN_POINT ( 'NONE',  ( -1.924077958337574445, -0.9126490637092387059, -0.1694692832784362724 ) ) ;
#640 = EDGE_LOOP ( 'NONE', ( #784 ) ) ;
#641 = VERTEX_POINT ( 'NONE', #1336 ) ;
#642 = EDGE_CURVE ( 'NONE', #1773, #652, #1698, .T. ) ;
#643 = DIRECTION ( 'NONE',  ( 0.000000000000000000, 0.000000000000000000, -1.000000000000000000 ) ) ;
#644 = CIRCLE ( 'NONE', #211, 0.2999999999999997669 ) ;
#645 = CARTESIAN_POINT ( 'NONE',  ( 3.650000000000000355, -0.3499999999999999778, 1.552081528017131618 ) ) ;
#646 = CARTESIAN_POINT ( 'NONE',  ( -4.023528662521036914, -0.3499999999999998668, 1.475663830593774151 ) ) ;
#647 = ADVANCED_FACE ( 'NONE', ( #2397 ), #3622, .F. ) ;
#648 = VECTOR ( 'NONE', #1879, 1000.000000000000000 ) ;
#649 = CARTESIAN_POINT ( 'NONE',  ( 2.260031846755746088, -1.081819046859417766, -0.9019537687775358581 ) ) ;
#650 = CARTESIAN_POINT ( 'NONE',  ( 1.523557881362926913, -8.128076786474228044, 1.155218337380505833 ) ) ;
#651 = CARTESIAN_POINT ( 'NONE',  ( -0.4024161457545100129, -0.9558696011316030194, 1.842588403037942024 ) ) ;
#652 = VERTEX_POINT ( 'NONE', #1863 ) ;
#653 = AXIS2_PLACEMENT_3D ( 'NONE', #1928, #3652, #2893 ) ;
#654 =( NAMED_UNIT ( * ) SI_UNIT ( $, .STERADIAN. ) SOLID_ANGLE_UNIT ( ) );
#655 = VERTEX_POINT ( 'NONE', #3588 ) ;
#656 = EDGE_CURVE ( 'NONE', #3524, #3919, #3277, .T. ) ;
#657 = CARTESIAN_POINT ( 'NONE',  ( -4.050000000000000711, -0.8500000000000000888, -0.9520815280171303074 ) ) ;
#658 = CARTESIAN_POINT ( 'NONE',  ( 1.101752900407167335, -8.222868453140510070, 1.485229553184011619 ) ) ;
#659 = LINE ( 'NONE', #3767, #1790 ) ;
#660 = CARTESIAN_POINT ( 'NONE',  ( -1.295584491826132778, -0.3899568211400267770, 0.2341979657946397231 ) ) ;
#661 = VERTEX_POINT ( 'NONE', #810 ) ;
#662 = EDGE_LOOP ( 'NONE', ( #302, #3872, #1584, #1049, #4217, #2031, #3401, #2533, #2505, #427, #2298, #202, #2347, #1531, #4093, #3199, #18, #1761, #1819, #2493, #3026, #3504, #1221, #4315, #3355, #1301, #3710, #3422, #4342, #2332, #884 ) ) ;
#663 = CARTESIAN_POINT ( 'NONE',  ( 4.255112374409768528, -0.1025126265847083745, -0.4096194077712553838 ) ) ;
#664 = CARTESIAN_POINT ( 'NONE',  ( -0.8838834764831858815, -0.3300000000000000155, -1.383883476483181774 ) ) ;
#665 = DIRECTION ( 'NONE',  ( 1.000000000000000000, 0.000000000000000000, -0.000000000000000000 ) ) ;
#666 = AXIS2_PLACEMENT_3D ( 'NONE', #3373, #568, #2348 ) ;
#667 = LINE ( 'NONE', #1706, #4183 ) ;
#668 = ORIENTED_EDGE ( 'NONE', *, *, #1248, .T. ) ;
#669 = CARTESIAN_POINT ( 'NONE',  ( -1.541630601293203950, -9.387938838525936802, -1.253351478610034597 ) ) ;
#670 = CARTESIAN_POINT ( 'NONE',  ( -0.6664347948588875692, -0.4499517864737158090, -2.155103566241841406 ) ) ;
#671 = B_SPLINE_CURVE_WITH_KNOTS ( 'NONE', 3,
 ( #2617, #2940, #3697, #2548 ),
 .UNSPECIFIED., .F., .F.,
 ( 4, 4 ),
 ( 2.001433952383118969E-07, 0.0002402417558374372950 ),
 .UNSPECIFIED. ) ;
#672 = CARTESIAN_POINT ( 'NONE',  ( -0.2779936529324069650, -0.6805721227388389361, 1.118286727180387130 ) ) ;
#673 = CARTESIAN_POINT ( 'NONE',  ( 4.195346794135258683, 0.000000000000000000, -0.6174192272272693849 ) ) ;
#674 = EDGE_LOOP ( 'NONE', ( #3775, #3827, #778, #1733 ) ) ;
#675 = ADVANCED_FACE ( 'NONE', ( #3967 ), #3248, .T. ) ;
#676 = CARTESIAN_POINT ( 'NONE',  ( -0.7750014247968256553, -0.9016069885717682419, -1.671229999822932744 ) ) ;
#677 = CARTESIAN_POINT ( 'NONE',  ( -4.023545327070611854, -0.3499999999999999778, -0.8757119379664767278 ) ) ;
#678 = ORIENTED_EDGE ( 'NONE', *, *, #4127, .T. ) ;
#679 = ORIENTED_EDGE ( 'NONE', *, *, #2223, .F. ) ;
#680 = CARTESIAN_POINT ( 'NONE',  ( 2.766917689311665374, -0.5921392864739403183, -0.9712435198512284762 ) ) ;
#681 = DIRECTION ( 'NONE',  ( -0.000000000000000000, -1.000000000000000000, -0.000000000000000000 ) ) ;
#682 = FACE_OUTER_BOUND ( 'NONE', #2830, .T. ) ;
#683 = ADVANCED_FACE ( 'NONE', ( #1153 ), #406, .T. ) ;
#684 = ADVANCED_FACE ( 'NONE', ( #1510 ), #1800, .T. ) ;
#685 = LINE ( 'NONE', #1367, #3889 ) ;
#686 =( BOUNDED_CURVE ( )  B_SPLINE_CURVE ( 3, ( #2929, #3639, #2955, #929 ),
 .UNSPECIFIED., .F., .F. ) 
 B_SPLINE_CURVE_WITH_KNOTS ( ( 4, 4 ),
 ( 1.570796326794897002, 2.331373695957619230 ),
 .UNSPECIFIED. ) 
 CURVE ( )  GEOMETRIC_REPRESENTATION_ITEM ( )  RATIONAL_B_SPLINE_CURVE ( ( 1.000000000000000000, 0.9523716785737832424, 0.9523716785737832424, 1.000000000000000000 ) ) 
 REPRESENTATION_ITEM ( '' )  );
#687 = DIRECTION ( 'NONE',  ( 0.000000000000000000, 0.7071067811865476838, 0.7071067811865474617 ) ) ;
#688 = CARTESIAN_POINT ( 'NONE',  ( 1.519238150730392700, -9.684162796859212108, 1.220821380024418090 ) ) ;
#689 = CARTESIAN_POINT ( 'NONE',  ( 1.370125359881423144, -9.052295536473600635, -2.341756574250037026 ) ) ;
#690 = CARTESIAN_POINT ( 'NONE',  ( -3.850000000000000533, -0.4964466094067262469, -0.5985281374238565766 ) ) ;
#691 = PRESENTATION_STYLE_ASSIGNMENT (( #3452 ) ) ;
#692 = ORIENTED_EDGE ( 'NONE', *, *, #3511, .F. ) ;
#693 = ORIENTED_EDGE ( 'NONE', *, *, #222, .T. ) ;
#694 = CARTESIAN_POINT ( 'NONE',  ( -0.8331745957720941842, -0.7347417010109581481, -1.517707374445306456 ) ) ;
#695 = EDGE_CURVE ( 'NONE', #2570, #699, #216, .T. ) ;
#696 = CARTESIAN_POINT ( 'NONE',  ( 0.8838834764831866586, -0.3722440000456802012, -1.383883476483181330 ) ) ;
#697 = CARTESIAN_POINT ( 'NONE',  ( 4.400000000000000355, -0.4585786437626907519, 0.4585786437626905854 ) ) ;
#698 = AXIS2_PLACEMENT_3D ( 'NONE', #845, #3715, #2567 ) ;
#699 = VERTEX_POINT ( 'NONE', #2552 ) ;
#700 = ORIENTED_EDGE ( 'NONE', *, *, #642, .F. ) ;
#701 = CARTESIAN_POINT ( 'NONE',  ( 2.058330876439108170, -0.5447434531407164826, -2.408187086615165118 ) ) ;
#702 = CARTESIAN_POINT ( 'NONE',  ( -2.000249720150770738, -1.191619930283422057, -0.9608672324334766035 ) ) ;
#703 = EDGE_CURVE ( 'NONE', #1595, #2164, #1822, .T. ) ;
#704 = CARTESIAN_POINT ( 'NONE',  ( 0.4608402633532870940, -1.191618177696044167, -2.500320893234968533 ) ) ;
#705 = ORIENTED_EDGE ( 'NONE', *, *, #2395, .F. ) ;
#706 = VECTOR ( 'NONE', #2602, 1000.000000000000000 ) ;
#707 = CARTESIAN_POINT ( 'NONE',  ( -3.760224748819538831, -0.3499999999999999778, 1.252081528017132017 ) ) ;
#708 = CARTESIAN_POINT ( 'NONE',  ( -2.292835259260797898, -1.193268229768540412, -0.8499999999999985345 ) ) ;
#709 = CARTESIAN_POINT ( 'NONE',  ( 1.362376114773047986, -4.920881546859218858, -2.285542794647733800 ) ) ;
#710 = CARTESIAN_POINT ( 'NONE',  ( -1.265393272888073462, -0.9713059531404913960, -1.729622148098061807 ) ) ;
#711 = CARTESIAN_POINT ( 'NONE',  ( -0.7379430756349792953, -0.5120279155650504510, 0.8022284148378261426 ) ) ;
#712 = AXIS2_PLACEMENT_3D ( 'NONE', #3998, #3923, #2204 ) ;
#713 = ORIENTED_EDGE ( 'NONE', *, *, #2048, .T. ) ;
#714 = ORIENTED_EDGE ( 'NONE', *, *, #563, .F. ) ;
#715 = CARTESIAN_POINT ( 'NONE',  ( -3.874956677824969109, -0.3500000000000053069, -0.6439179459927134586 ) ) ;
#716 = CARTESIAN_POINT ( 'NONE',  ( -4.000000000000000888, 0.000000000000000000, -3.499999999999998668 ) ) ;
#717 = ORIENTED_EDGE ( 'NONE', *, *, #1830, .F. ) ;
#718 = VERTEX_POINT ( 'NONE', #1445 ) ;
#719 = CARTESIAN_POINT ( 'NONE',  ( -0.2345063559106291828, -7.480256546859842537, -3.236129643616606266 ) ) ;
#720 = CARTESIAN_POINT ( 'NONE',  ( -2.290006525915800228, -1.113311560980200676, -0.1489281294003582667 ) ) ;
#721 = CARTESIAN_POINT ( 'NONE',  ( -0.7257184977935297043, -0.3334786804920449321, -1.801290717040095801 ) ) ;
#722 = VERTEX_POINT ( 'NONE', #1178 ) ;
#723 = CARTESIAN_POINT ( 'NONE',  ( 1.512272755085537046, -5.584423213525893104, 0.3720955644832166787 ) ) ;
#724 = DIRECTION ( 'NONE',  ( 0.000000000000000000, 0.000000000000000000, 1.000000000000000000 ) ) ;
#725 = ORIENTED_EDGE ( 'NONE', *, *, #98, .T. ) ;
#726 = CARTESIAN_POINT ( 'NONE',  ( 4.207632328796364618, 2.710505431213761085E-17, -0.4415662694692983892 ) ) ;
#727 = MECHANICAL_DESIGN_GEOMETRIC_PRESENTATION_REPRESENTATION (  '', ( #4290 ), #1320 ) ;
#728 = CARTESIAN_POINT ( 'NONE',  ( 3.650000000000000355, -0.3499999999999999778, -0.2621320343559637722 ) ) ;
#729 = CARTESIAN_POINT ( 'NONE',  ( -1.841920777036608170, -9.186506546859725120, 0.7904079322828615473 ) ) ;
#730 = CARTESIAN_POINT ( 'NONE',  ( 1.529209510562969054, -7.369743453140049638, -2.144916418067183361 ) ) ;
#731 = CIRCLE ( 'NONE', #311, 0.2450000000000001898 ) ;
#732 = CARTESIAN_POINT ( 'NONE',  ( 1.500000000000000222, -0.3499999999999999778, 10.00000000000000000 ) ) ;
#733 = CARTESIAN_POINT ( 'NONE',  ( -0.8777406153115763221, -0.9292896438123681158, 0.3777406153115731580 ) ) ;
#734 = EDGE_CURVE ( 'NONE', #2380, #4503, #2227, .T. ) ;
#735 = ORIENTED_EDGE ( 'NONE', *, *, #1381, .T. ) ;
#736 = ORIENTED_EDGE ( 'NONE', *, *, #3522, .F. ) ;
#737 = AXIS2_PLACEMENT_3D ( 'NONE', #2551, #1219, #874 ) ;
#738 = DIRECTION ( 'NONE',  ( 0.000000000000000000, 0.7071067811865471286, -0.7071067811865476838 ) ) ;
#739 = CARTESIAN_POINT ( 'NONE',  ( -3.924471140303084749, -0.4287773938039881605, -0.6071007608063876404 ) ) ;
#740 = CARTESIAN_POINT ( 'NONE',  ( 2.284344442285129784, -0.9533984102466801502, -0.1467826387385552933 ) ) ;
#741 = EDGE_LOOP ( 'NONE', ( #1285, #1838, #4464, #550 ) ) ;
#742 = CARTESIAN_POINT ( 'NONE',  ( -1.917887396243113551, -8.649430953140685219, 1.439796956531742333 ) ) ;
#743 = FACE_OUTER_BOUND ( 'NONE', #3415, .T. ) ;
#744 = CARTESIAN_POINT ( 'NONE',  ( -4.000000000000000888, 0.000000000000000000, -0.1171572875253803769 ) ) ;
#745 = VERTEX_POINT ( 'NONE', #2486 ) ;
#746 = ADVANCED_FACE ( 'NONE', ( #2851 ), #3875, .F. ) ;
#747 = ADVANCED_FACE ( 'NONE', ( #4244 ), #1130, .T. ) ;
#748 = DIRECTION ( 'NONE',  ( 0.3543371188111895664, 0.000000000000000000, -0.9351177499291652984 ) ) ;
#749 = CARTESIAN_POINT ( 'NONE',  ( 3.845550405924384130, -0.3499999999999999778, 1.362609468047672356 ) ) ;
#750 = CARTESIAN_POINT ( 'NONE',  ( 2.146062712639151382, -1.197772511989703581, -0.9056154145233938912 ) ) ;
#751 = ORIENTED_EDGE ( 'NONE', *, *, #642, .T. ) ;
#752 = CARTESIAN_POINT ( 'NONE',  ( 1.706136671295751750, -5.015673213525904117, -1.960592143098798257 ) ) ;
#753 = CARTESIAN_POINT ( 'NONE',  ( -1.100337412789266445, -8.945654911473679860, -1.833516850479649296 ) ) ;
#754 = DIRECTION ( 'NONE',  ( -0.000000000000000000, -0.000000000000000000, 1.000000000000000000 ) ) ;
#755 = CARTESIAN_POINT ( 'NONE',  ( 0.3661165235168533649, -0.3300000000000003486, 0.9016504294495572003 ) ) ;
#756 =( NAMED_UNIT ( * ) PLANE_ANGLE_UNIT ( ) SI_UNIT ( $, .RADIAN. ) );
#757 = ORIENTED_EDGE ( 'NONE', *, *, #1483, .F. ) ;
#758 = ORIENTED_EDGE ( 'NONE', *, *, #3191, .T. ) ;
#759 = SURFACE_STYLE_USAGE ( .BOTH. , #2113 ) ;
#760 = VECTOR ( 'NONE', #4423, 1000.000000000000000 ) ;
#761 = DIRECTION ( 'NONE',  ( 0.000000000000000000, 0.000000000000000000, 1.000000000000000000 ) ) ;
#762 = DIRECTION ( 'NONE',  ( 0.000000000000000000, 0.7071067811865476838, -0.7071067811865474617 ) ) ;
#763 = ADVANCED_FACE ( 'NONE', ( #1489 ), #3655, .T. ) ;
#764 = CARTESIAN_POINT ( 'NONE',  ( -1.016915513624589096, -0.7337782569081462425, 0.3334746496227815049 ) ) ;
#765 = AXIS2_PLACEMENT_3D ( 'NONE', #283, #5, #3736 ) ;
#766 = ORIENTED_EDGE ( 'NONE', *, *, #1875, .T. ) ;
#767 = ADVANCED_FACE ( 'NONE', ( #3319 ), #3294, .F. ) ;
#768 = CARTESIAN_POINT ( 'NONE',  ( 0.04936720249059800558, -5.568701786474229642, 2.245716944071392440 ) ) ;
#769 = DIRECTION ( 'NONE',  ( -1.000000000000000000, 0.000000000000000000, -0.000000000000000000 ) ) ;
#770 = EDGE_CURVE ( 'NONE', #1233, #4223, #4130, .T. ) ;
#771 = CIRCLE ( 'NONE', #4254, 0.7500000000000006661 ) ;
#772 = PLANE ( 'NONE',  #4112 ) ;
#773 = VERTEX_POINT ( 'NONE', #3700 ) ;
#774 = EDGE_CURVE ( 'NONE', #1271, #448, #268, .T. ) ;
#775 = CARTESIAN_POINT ( 'NONE',  ( -4.200000000000000178, -0.1632538509555448714, -0.2273957346587459072 ) ) ;
#776 = CARTESIAN_POINT ( 'NONE',  ( 3.947775180826319730, -0.4029049538222510551, 1.266451563185441831 ) ) ;
#777 = CYLINDRICAL_SURFACE ( 'NONE', #1204, 0.2000000000000001221 ) ;
#778 = ORIENTED_EDGE ( 'NONE', *, *, #3151, .T. ) ;
#779 = CARTESIAN_POINT ( 'NONE',  ( -2.090539877237255872, -4.067756546859463640, -1.320898758253830074 ) ) ;
#780 = CARTESIAN_POINT ( 'NONE',  ( -1.153605322897779173, -3.009326786473961679, 0.8102344516722093104 ) ) ;
#781 = CARTESIAN_POINT ( 'NONE',  ( -2.284344442285129784, -0.9533984102466801502, -0.8532173612614428748 ) ) ;
#782 = LINE ( 'NONE', #447, #648 ) ;
#783 = AXIS2_PLACEMENT_3D ( 'NONE', #198, #2595, #940 ) ;
#784 = ORIENTED_EDGE ( 'NONE', *, *, #1631, .F. ) ;
#785 = VECTOR ( 'NONE', #3960, 1000.000000000000000 ) ;
#786 = VERTEX_POINT ( 'NONE', #179 ) ;
#787 = CARTESIAN_POINT ( 'NONE',  ( -3.760224748819538831, -0.3499999999999999778, 1.252081528017132017 ) ) ;
#788 = ADVANCED_FACE ( 'NONE', ( #540 ), #2366, .F. ) ;
#789 = CARTESIAN_POINT ( 'NONE',  ( 3.905112374409771103, -0.4525126265847072005, -0.5545941546018420265 ) ) ;
#790 = DIRECTION ( 'NONE',  ( 0.000000000000000000, 1.000000000000000000, 0.000000000000000000 ) ) ;
#791 = VECTOR ( 'NONE', #3476, 1000.000000000000000 ) ;
#792 = DIRECTION ( 'NONE',  ( 0.000000000000000000, -0.000000000000000000, 1.000000000000000000 ) ) ;
#793 = ORIENTED_EDGE ( 'NONE', *, *, #2873, .F. ) ;
#794 = VERTEX_POINT ( 'NONE', #1582 ) ;
#795 = CARTESIAN_POINT ( 'NONE',  ( 2.804676324549581601, -9.123389286473381432, -0.6081418926330303121 ) ) ;
#796 = ADVANCED_FACE ( 'NONE', ( #247 ), #2967, .T. ) ;
#797 = CARTESIAN_POINT ( 'NONE',  ( -0.8838834764831866586, -0.3300000000000000155, 0.3838834764831835500 ) ) ;
#798 = ADVANCED_FACE ( 'NONE', ( #2274 ), #3184, .T. ) ;
#799 = CARTESIAN_POINT ( 'NONE',  ( -0.8311611501372405675, -0.3308857761192650071, -1.523020983016676766 ) ) ;
#800 = CARTESIAN_POINT ( 'NONE',  ( -3.850000000000000533, -0.5500000000000000444, -0.2621320343559634947 ) ) ;
#801 = ORIENTED_EDGE ( 'NONE', *, *, #563, .T. ) ;
#802 = CARTESIAN_POINT ( 'NONE',  ( -1.070378030049772056, -0.9396315468595954901, -3.094647341588609990 ) ) ;
#803 = CARTESIAN_POINT ( 'NONE',  ( -0.1343343501689229502, -6.990576786473962301, -2.240538376977161406 ) ) ;
#804 = CARTESIAN_POINT ( 'NONE',  ( 4.200000000000000178, -0.005025253169416718860, -0.3121320343559637611 ) ) ;
#805 = CARTESIAN_POINT ( 'NONE',  ( -0.3635720671077701249, -0.9292896438123678937, -1.891909163515390402 ) ) ;
#806 = PRESENTATION_LAYER_ASSIGNMENT (  '', '', ( #2757 ) ) ;
#807 = VERTEX_POINT ( 'NONE', #15 ) ;
#808 = CARTESIAN_POINT ( 'NONE',  ( -3.690071388773279892, -0.3499999999999999778, 1.147818242932898025 ) ) ;
#809 = CARTESIAN_POINT ( 'NONE',  ( -0.2381744187302881621, -1.810000000000000275, 0.6285571415181853139 ) ) ;
#810 = CARTESIAN_POINT ( 'NONE',  ( 4.050000000000000711, -0.7939339828220182138, -0.3010407640085643877 ) ) ;
#811 = FACE_BOUND ( 'NONE', #1134, .T. ) ;
#812 = EDGE_CURVE ( 'NONE', #2823, #2471, #1723, .T. ) ;
#813 = ORIENTED_EDGE ( 'NONE', *, *, #1577, .T. ) ;
#814 = CARTESIAN_POINT ( 'NONE',  ( -1.709999999999999742, -0.8448398801926718660, -0.4911437554664192517 ) ) ;
#815 = CARTESIAN_POINT ( 'NONE',  ( 1.673633401218892036, -9.052295536473733861, -2.753187784617491030 ) ) ;
#816 = PLANE ( 'NONE',  #1716 ) ;
#817 = DIRECTION ( 'NONE',  ( 1.000000000000000000, -0.000000000000000000, 0.000000000000000000 ) ) ;
#818 = PLANE ( 'NONE',  #3608 ) ;
#819 = ADVANCED_FACE ( 'NONE', ( #3782 ), #2858, .F. ) ;
#820 = CARTESIAN_POINT ( 'NONE',  ( -3.760224748819538831, -0.3499999999999999778, -0.6520815280171308181 ) ) ;
#821 = VERTEX_POINT ( 'NONE', #3743 ) ;
#822 = EDGE_CURVE ( 'NONE', #1684, #4153, #294, .T. ) ;
#823 = CARTESIAN_POINT ( 'NONE',  ( -1.504404893013928435, -4.352131546859476785, -2.797425640911954225 ) ) ;
#824 = CARTESIAN_POINT ( 'NONE',  ( 0.8527516495699177801, -2.440576786473493520, 1.023264318338348522 ) ) ;
#825 = DIRECTION ( 'NONE',  ( -0.000000000000000000, 1.000000000000000000, 1.230255323012501829E-16 ) ) ;
#826 = CARTESIAN_POINT ( 'NONE',  ( -1.640059987639119754, -1.193268229768540190, -2.140059987639079342 ) ) ;
#827 = CARTESIAN_POINT ( 'NONE',  ( 0.3510718705996506150, -1.113311560980185799, -2.790006525915797564 ) ) ;
#828 = CARTESIAN_POINT ( 'NONE',  ( 2.168404344971008868E-16, -0.3499999999999999778, 10.75000000000000000 ) ) ;
#829 = LINE ( 'NONE', #3607, #2101 ) ;
#830 = EDGE_CURVE ( 'NONE', #3485, #3751, #399, .T. ) ;
#831 = CARTESIAN_POINT ( 'NONE',  ( 4.255112374409768528, -0.1025126265847083745, -0.4096194077712553838 ) ) ;
#832 = DIRECTION ( 'NONE',  ( 1.000000000000000000, 0.000000000000000000, 0.000000000000000000 ) ) ;
#833 = CARTESIAN_POINT ( 'NONE',  ( 4.167879776963363092, 9.776132513442605658E-15, 0.9449121243622042865 ) ) ;
#834 =( BOUNDED_SURFACE ( )  B_SPLINE_SURFACE ( 3, 2, ( 
 ( #787, #3244, #1798 ),
 ( #808, #1552, #492 ),
 ( #4242, #3628, #2849 ),
 ( #3225, #515, #1485 ) ),
 .UNSPECIFIED., .F., .F., .F. ) 
 B_SPLINE_SURFACE_WITH_KNOTS ( ( 4, 4 ),
 ( 3, 3 ),
 ( 3.951811611221967446, 4.712388980384689674 ),
 ( 0.000000000000000000, 1.000000000000000000 ),
 .UNSPECIFIED. ) 
 GEOMETRIC_REPRESENTATION_ITEM ( )  RATIONAL_B_SPLINE_SURFACE ( (
 ( 1.000000000000000000, 0.8623911140185928081, 1.000000000000000000),
 ( 1.000000000000000000, 0.8248548249928415732, 1.000000000000000000),
 ( 1.000000000000000000, 0.7706146482961833133, 1.000000000000000000),
 ( 1.000000000000000000, 0.7071067811865469066, 1.000000000000000000) ) ) 
 REPRESENTATION_ITEM ( '' )  SURFACE ( )  );
#835 = ORIENTED_EDGE ( 'NONE', *, *, #3212, .F. ) ;
#836 = CARTESIAN_POINT ( 'NONE',  ( -1.278061698301473648, -1.460985713526102847, -1.716449364954414802 ) ) ;
#837 = CARTESIAN_POINT ( 'NONE',  ( 2.367229507172646574, -5.094743453140670120, 0.8919853153000031343 ) ) ;
#838 = LINE ( 'NONE', #3551, #4258 ) ;
#839 = CARTESIAN_POINT ( 'NONE',  ( 4.219289518875060097, -0.1291329380078875266, 0.9297584735017188073 ) ) ;
#840 = DIRECTION ( 'NONE',  ( 0.000000000000000000, -0.7071067811865473507, 0.7071067811865477948 ) ) ;
#841 = CARTESIAN_POINT ( 'NONE',  ( -3.650000000140745993, -0.3499999999999999778, -0.4061788478352998943 ) ) ;
#842 = CIRCLE ( 'NONE', #2286, 0.2000000000000001221 ) ;
#843 = CARTESIAN_POINT ( 'NONE',  ( 0.9911496170794112937, -1.887548213526297536, -3.061058588592916685 ) ) ;
#844 = CARTESIAN_POINT ( 'NONE',  ( 0.7137646714268165438, -5.379118453140157463, 1.093128856430008566 ) ) ;
#845 = CARTESIAN_POINT ( 'NONE',  ( -4.400000000000000355, -0.5000000000000000000, 1.407106781186548083 ) ) ;
#846 = ORIENTED_EDGE ( 'NONE', *, *, #965, .F. ) ;
#847 = DIRECTION ( 'NONE',  ( -1.000000000000000000, 0.000000000000000000, 0.000000000000000000 ) ) ;
#848 = CARTESIAN_POINT ( 'NONE',  ( 1.301290717040099798, -0.3334786804920451542, 0.2257184977935253745 ) ) ;
#849 = DIRECTION ( 'NONE',  ( 1.000000000000000000, -0.000000000000000000, -0.000000000000000000 ) ) ;
#850 = AXIS2_PLACEMENT_3D ( 'NONE', #1254, #2629, #2328 ) ;
#851 = CARTESIAN_POINT ( 'NONE',  ( 3.650000000140745993, -0.3499999999999999778, -0.4061788478352995613 ) ) ;
#852 = CARTESIAN_POINT ( 'NONE',  ( 4.500000000000000888, -0.5464466094067268465, 0.6535533905932739973 ) ) ;
#853 = EDGE_LOOP ( 'NONE', ( #1333, #3565, #3640 ) ) ;
#854 = CARTESIAN_POINT ( 'NONE',  ( -3.869289518875061340, -0.4791329380078875322, -0.4747332203323010313 ) ) ;
#855 = ORIENTED_EDGE ( 'NONE', *, *, #1802, .F. ) ;
#856 = CARTESIAN_POINT ( 'NONE',  ( 1.218370856743157038, -2.077131546859313893, -1.750236783495403792 ) ) ;
#857 = CARTESIAN_POINT ( 'NONE',  ( -2.132282169850119757, -9.431462203142665146, -2.325178563980779600 ) ) ;
#858 = FACE_OUTER_BOUND ( 'NONE', #1567, .T. ) ;
#859 =( BOUNDED_SURFACE ( )  B_SPLINE_SURFACE ( 3, 2, ( 
 ( #1432, #4277, #800 ),
 ( #841, #78, #2124 ),
 ( #2215, #482, #3558 ),
 ( #2909, #3934, #1789 ) ),
 .UNSPECIFIED., .F., .F., .T. ) 
 B_SPLINE_SURFACE_WITH_KNOTS ( ( 4, 4 ),
 ( 3, 3 ),
 ( 4.712388980384689674, 5.472966349547411902 ),
 ( 0.000000000000000000, 1.000000000000000000 ),
 .UNSPECIFIED. ) 
 GEOMETRIC_REPRESENTATION_ITEM ( )  RATIONAL_B_SPLINE_SURFACE ( (
 ( 1.000000000000000000, 0.7071067811865475727, 1.000000000000000000),
 ( 1.000000000000000000, 0.7706146482961826472, 1.000000000000000000),
 ( 1.000000000000000000, 0.8248548249928425724, 1.000000000000000000),
 ( 1.000000000000000000, 0.8623911140185934743, 1.000000000000000000) ) ) 
 REPRESENTATION_ITEM ( '' )  SURFACE ( )  );
#860 = CARTESIAN_POINT ( 'NONE',  ( 3.902608057705146738, -0.3500000000000038636, 1.306191353588028958 ) ) ;
#861 = CARTESIAN_POINT ( 'NONE',  ( 4.303507185158669479, -0.04735229305352102458, 1.136628202902500773 ) ) ;
#862 = PRESENTATION_LAYER_ASSIGNMENT (  '', '', ( #3911 ) ) ;
#863 = ORIENTED_EDGE ( 'NONE', *, *, #1081, .T. ) ;
#864 = CARTESIAN_POINT ( 'NONE',  ( -0.8754845994733830850, -0.5298370723001710747, 0.4060486365931036956 ) ) ;
#865 = VECTOR ( 'NONE', #1174, 1000.000000000000000 ) ;
#866 = DIRECTION ( 'NONE',  ( 1.000000000000000000, 0.000000000000000000, -0.000000000000000000 ) ) ;
#867 = CARTESIAN_POINT ( 'NONE',  ( -0.9898456974386757867, -4.446923213526402741, -3.061562834072679262 ) ) ;
#868 = CARTESIAN_POINT ( 'NONE',  ( -0.3182597167809633754, -9.265576786473813442, 1.255623508460115945 ) ) ;
#869 = LINE ( 'NONE', #1212, #785 ) ;
#870 = PLANE ( 'NONE',  #2498 ) ;
#871 = DIRECTION ( 'NONE',  ( 0.000000000000000000, 0.000000000000000000, 1.000000000000000000 ) ) ;
#872 = DIRECTION ( 'NONE',  ( -1.000000000000000000, 0.000000000000000000, 0.000000000000000000 ) ) ;
#873 = CARTESIAN_POINT ( 'NONE',  ( -1.749152604172921732, -0.9063119614608466934, 0.05601356948607188330 ) ) ;
#874 = DIRECTION ( 'NONE',  ( -0.8296756535198884785, 0.000000000000000000, 0.5582457433392090662 ) ) ;
#875 = DIRECTION ( 'NONE',  ( 0.000000000000000000, 0.000000000000000000, -1.000000000000000000 ) ) ;
#876 = EDGE_LOOP ( 'NONE', ( #2420, #1420, #3832, #1699, #4392 ) ) ;
#877 = CARTESIAN_POINT ( 'NONE',  ( 1.999999999999999556, -0.3499999999999999778, 4.500000000000001776 ) ) ;
#878 = MECHANICAL_DESIGN_GEOMETRIC_PRESENTATION_REPRESENTATION (  '', ( #2832 ), #3207 ) ;
#879 = ORIENTED_EDGE ( 'NONE', *, *, #3646, .F. ) ;
#880 = CARTESIAN_POINT ( 'NONE',  ( 1.453206713235156045, -2.171923213525932983, -1.467320943624400353 ) ) ;
#881 = CARTESIAN_POINT ( 'NONE',  ( -0.8141091532130694253, -0.7580247031405570324, 1.646284479569451342 ) ) ;
#882 = CARTESIAN_POINT ( 'NONE',  ( 0.2779936529324078531, -0.6805721227388388250, -2.118286727180386020 ) ) ;
#883 = CARTESIAN_POINT ( 'NONE',  ( 4.200000000000000178, -0.2000000000000000389, -0.1171572875253804324 ) ) ;
#884 = ORIENTED_EDGE ( 'NONE', *, *, #2037, .T. ) ;
#885 = CARTESIAN_POINT ( 'NONE',  ( 0.7257184977935297043, -0.3334786804920452652, 0.8012907170400980217 ) ) ;
#886 = ORIENTED_EDGE ( 'NONE', *, *, #1752, .T. ) ;
#887 = AXIS2_PLACEMENT_3D ( 'NONE', #405, #1775, #2334 ) ;
#888 = B_SPLINE_CURVE_WITH_KNOTS ( 'NONE', 3,
 ( #2684, #4086, #3410, #3035 ),
 .UNSPECIFIED., .F., .F.,
 ( 4, 4 ),
 ( -4.000000000137097184E-06, 0.0004140006602366916332 ),
 .UNSPECIFIED. ) ;
#889 = DIRECTION ( 'NONE',  ( 0.000000000000000000, 0.000000000000000000, 1.000000000000000000 ) ) ;
#890 = CYLINDRICAL_SURFACE ( 'NONE', #3394, 0.2000000000000001221 ) ;
#891 = CARTESIAN_POINT ( 'NONE',  ( 2.744864795885162856, -2.456298213526384444, -0.4156441469041437520 ) ) ;
#892 = CARTESIAN_POINT ( 'NONE',  ( -4.400000000000000355, 0.000000000000000000, -0.8071067811865471064 ) ) ;
#893 = CARTESIAN_POINT ( 'NONE',  ( 4.224956677824920348, -3.164952510010481818E-15, 1.098943199162135897 ) ) ;
#894 = B_SPLINE_CURVE_WITH_KNOTS ( 'NONE', 3,
 ( #3357, #577, #3617, #933, #2287, #2907, #1945, #238, #2586, #864, #551, #4030 ),
 .UNSPECIFIED., .F., .F.,
 ( 4, 2, 2, 2, 2, 4 ),
 ( 0.000000000000000000, 0.0004671597923954244808, 0.0009343195847908489617, 0.001401479377186273497, 0.001635059273383985710, 0.001868639169581697923 ),
 .UNSPECIFIED. ) ;
#895 = CARTESIAN_POINT ( 'NONE',  ( 0.5701776671924846385, -1.147292387121966684, 1.211772667172072326 ) ) ;
#896 = DIRECTION ( 'NONE',  ( 0.000000000000000000, -0.7071067811865476838, -0.7071067811865472397 ) ) ;
#897 = CARTESIAN_POINT ( 'NONE',  ( -1.304218177087121955, -1.018701786473840798, -2.304255439599971922 ) ) ;
#898 = CARTESIAN_POINT ( 'NONE',  ( 1.295584491826132778, -0.3899568211400267770, 0.2341979657946401117 ) ) ;
#899 = ADVANCED_FACE ( 'NONE', ( #3472 ), #1126, .F. ) ;
#900 = EDGE_LOOP ( 'NONE', ( #2010, #4278, #488, #714, #4055 ) ) ;
#901 = ORIENTED_EDGE ( 'NONE', *, *, #1033, .T. ) ;
#902 = FACE_OUTER_BOUND ( 'NONE', #3440, .T. ) ;
#903 = CARTESIAN_POINT ( 'NONE',  ( -2.199999999999999734, -0.3551601198071943077, -0.5088562445298272507 ) ) ;
#904 = CARTESIAN_POINT ( 'NONE',  ( 0.2680937155408962269, -0.3334786804920449876, -2.060656140612656451 ) ) ;
#905 = CARTESIAN_POINT ( 'NONE',  ( -1.559801996394486689, -0.3899568211400267215, -0.2320469944692636344 ) ) ;
#906 = PLANE ( 'NONE',  #3574 ) ;
#907 = VERTEX_POINT ( 'NONE', #3515 ) ;
#908 = EDGE_CURVE ( 'NONE', #1056, #2471, #4415, .T. ) ;
#909 = DIRECTION ( 'NONE',  ( 0.000000000000000000, -0.7071067811865474617, -0.7071067811865476838 ) ) ;
#910 = AXIS2_PLACEMENT_3D ( 'NONE', #1766, #3161, #3235 ) ;
#911 = ADVANCED_FACE ( 'NONE', ( #2481 ), #46, .T. ) ;
#912 = CARTESIAN_POINT ( 'NONE',  ( 0.000000000000000000, -1.400000000000000133, -0.4999999999999989453 ) ) ;
#913 = CIRCLE ( 'NONE', #2502, 2.319395077624665458 ) ;
#914 = CARTESIAN_POINT ( 'NONE',  ( -2.658714751758377126, -6.911506546859719435, -1.187484200854472371 ) ) ;
#915 = CARTESIAN_POINT ( 'NONE',  ( -4.224956677824910578, -1.802736065509216520E-15, -0.4989431991621437468 ) ) ;
#916 = VECTOR ( 'NONE', #1307, 1000.000000000000000 ) ;
#917 = CARTESIAN_POINT ( 'NONE',  ( 0.3532173612614541991, -0.9533984102466803723, 1.784344442285129340 ) ) ;
#918 = CYLINDRICAL_SURFACE ( 'NONE', #3049, 0.5000000000000000000 ) ;
#919 = CARTESIAN_POINT ( 'NONE',  ( 0.8953664215881911304, -9.218180953140089784, 1.613676832365005920 ) ) ;
#920 = CARTESIAN_POINT ( 'NONE',  ( 1.684541691821930476, -0.5447434531405824787, -2.059368484066161020 ) ) ;
#921 = DIRECTION ( 'NONE',  ( 0.000000000000000000, -1.000000000000000000, 0.000000000000000000 ) ) ;
#922 = ORIENTED_EDGE ( 'NONE', *, *, #3799, .F. ) ;
#923 = FACE_OUTER_BOUND ( 'NONE', #1737, .T. ) ;
#924 = EDGE_CURVE ( 'NONE', #1933, #4363, #3501, .T. ) ;
#925 = ORIENTED_EDGE ( 'NONE', *, *, #1019, .T. ) ;
#926 = CARTESIAN_POINT ( 'NONE',  ( -0.4324678383528367531, -5.663493453140294065, 1.703906376961511926 ) ) ;
#927 = CARTESIAN_POINT ( 'NONE',  ( 0.3735930791479603608, -0.9526598926696979719, -2.674800449485783105 ) ) ;
#928 = CARTESIAN_POINT ( 'NONE',  ( -1.567790557470237323, -0.5120279155650503400, -0.7693253328870661711 ) ) ;
#929 = CARTESIAN_POINT ( 'NONE',  ( 3.760224748819538831, -0.3499999999999999778, 1.252081528017132017 ) ) ;
#930 = VERTEX_POINT ( 'NONE', #4121 ) ;
#931 = ORIENTED_EDGE ( 'NONE', *, *, #1744, .F. ) ;
#932 = VECTOR ( 'NONE', #2764, 1000.000000000000000 ) ;
#933 = CARTESIAN_POINT ( 'NONE',  ( -0.5701776671924849715, -1.147292387121966462, 1.211772667172072326 ) ) ;
#934 = DIRECTION ( 'NONE',  ( -0.000000000000000000, 1.000000000000000000, -0.000000000000000000 ) ) ;
#935 = B_SPLINE_CURVE_WITH_KNOTS ( 'NONE', 3,
 ( #2075, #720, #1721, #389 ),
 .UNSPECIFIED., .F., .F.,
 ( 4, 4 ),
 ( 2.001430823697590782E-07, 0.0002402417555245907311 ),
 .UNSPECIFIED. ) ;
#936 = CARTESIAN_POINT ( 'NONE',  ( -0.1326811946136315645, -0.7343267864739656536, 2.303622594969732873 ) ) ;
#937 = FACE_OUTER_BOUND ( 'NONE', #387, .T. ) ;
#938 = CARTESIAN_POINT ( 'NONE',  ( -4.400000000000000355, -0.1928932188134528380, 0.3000000000000007105 ) ) ;
#939 = CARTESIAN_POINT ( 'NONE',  ( -0.3532173612614544211, -0.9533984102466799282, -2.784344442285127119 ) ) ;
#940 = DIRECTION ( 'NONE',  ( 1.000000000000000000, 0.000000000000000000, 0.000000000000000000 ) ) ;
#941 = CARTESIAN_POINT ( 'NONE',  ( -0.4638538768177777327, -9.470881546859773792, -2.222887904580101548 ) ) ;
#942 = CARTESIAN_POINT ( 'NONE',  ( 1.582225162682957542, -1.587451786473836668, -2.093987228366482434 ) ) ;
#943 = CARTESIAN_POINT ( 'NONE',  ( 1.719893988050532618, -0.8164895339169103705, -0.2045453433463669535 ) ) ;
#944 = CARTESIAN_POINT ( 'NONE',  ( -3.838300681009424675, -0.3499999999999999778, -0.7681194930830972378 ) ) ;
#945 = EDGE_LOOP ( 'NONE', ( #380, #1960, #4441, #1020 ) ) ;
#946 = SURFACE_STYLE_FILL_AREA ( #1317 ) ;
#947 = CARTESIAN_POINT ( 'NONE',  ( 0.8259135130632121458, -1.397868453140552081, -2.588563769331194475 ) ) ;
#948 = CARTESIAN_POINT ( 'NONE',  ( 1.023658693079730453, -0.9526598926696981939, -2.306423125628130233 ) ) ;
#949 = CIRCLE ( 'NONE', #2906, 1.250000000000000000 ) ;
#950 = CARTESIAN_POINT ( 'NONE',  ( 0.7177227165922026586, -0.5685725380030652865, -1.822392082177895611 ) ) ;
#951 = EDGE_CURVE ( 'NONE', #930, #4419, #2520, .T. ) ;
#952 = DIRECTION ( 'NONE',  ( 0.000000000000000000, 0.7071067811865474617, -0.7071067811865476838 ) ) ;
#953 = ORIENTED_EDGE ( 'NONE', *, *, #1416, .F. ) ;
#954 = B_SPLINE_CURVE_WITH_KNOTS ( 'NONE', 3,
 ( #2519, #2171, #31, #2789 ),
 .UNSPECIFIED., .F., .F.,
 ( 4, 4 ),
 ( 0.000000000000000000, 1.000000000000000000 ),
 .UNSPECIFIED. ) ;
#955 = ORIENTED_EDGE ( 'NONE', *, *, #3382, .F. ) ;
#956 = AXIS2_PLACEMENT_3D ( 'NONE', #3965, #470, #88 ) ;
#957 = ORIENTED_EDGE ( 'NONE', *, *, #1341, .T. ) ;
#958 = DIRECTION ( 'NONE',  ( 0.000000000000000000, -0.7071067811865476838, -0.7071067811865471286 ) ) ;
#959 = CARTESIAN_POINT ( 'NONE',  ( -3.760224748819538831, -0.3499999999999999778, 1.252081528017132017 ) ) ;
#960 = VECTOR ( 'NONE', #1144, 1000.000000000000000 ) ;
#961 = CARTESIAN_POINT ( 'NONE',  ( -5.000000000000000000, -0.8474873734152920113, 0.8474873734152917892 ) ) ;
#962 = EDGE_CURVE ( 'NONE', #2466, #3204, #1783, .T. ) ;
#963 = EDGE_LOOP ( 'NONE', ( #4459, #3063, #705, #4235 ) ) ;
#964 = CARTESIAN_POINT ( 'NONE',  ( -1.545439278308325726, -0.8239152461752240475, -1.133205124192175894 ) ) ;
#965 = EDGE_CURVE ( 'NONE', #4487, #3750, #935, .T. ) ;
#966 = CARTESIAN_POINT ( 'NONE',  ( -4.303507185158670367, -0.04735229305352047641, -0.5366282029025011280 ) ) ;
#967 = CARTESIAN_POINT ( 'NONE',  ( 1.612849079313904088, -8.428173213524878804, 0.1755396799097524163 ) ) ;
#968 = CARTESIAN_POINT ( 'NONE',  ( -0.4324678383528367531, -5.663493453140294065, 1.703906376961511926 ) ) ;
#969 = CARTESIAN_POINT ( 'NONE',  ( 0.7341829411565271579, -0.3899568211400268325, 0.7955930060602051102 ) ) ;
#970 = ORIENTED_EDGE ( 'NONE', *, *, #4172, .F. ) ;
#971 = CARTESIAN_POINT ( 'NONE',  ( 4.400000000000000355, 0.000000000000000000, -0.8071067811865471064 ) ) ;
#972 = EDGE_CURVE ( 'NONE', #1308, #3919, #4062, .T. ) ;
#973 = ORIENTED_EDGE ( 'NONE', *, *, #3233, .T. ) ;
#974 = DIRECTION ( 'NONE',  ( 0.000000000000000000, -1.407146337015102995E-16, 1.000000000000000000 ) ) ;
#975 = CARTESIAN_POINT ( 'NONE',  ( -1.974368715038501643, -8.898259078140458911, -1.487433802726094934 ) ) ;
#976 = CARTESIAN_POINT ( 'NONE',  ( -4.252473850945559519, 2.710505431213761085E-17, 1.160950888234215217 ) ) ;
#977 = CLOSED_SHELL ( 'NONE', ( #312, #2308, #2678, #647, #1950, #3403 ) ) ;
#978 = CARTESIAN_POINT ( 'NONE',  ( 4.200000000000000178, -0.2000000000000000389, 0.000000000000000000 ) ) ;
#979 = EDGE_LOOP ( 'NONE', ( #1155, #603, #209, #1425, #4386 ) ) ;
#980 = ORIENTED_EDGE ( 'NONE', *, *, #1426, .T. ) ;
#981 = LINE ( 'NONE', #1340, #3858 ) ;
#982 = CARTESIAN_POINT ( 'NONE',  ( 0.8754845994733780890, -0.5298370723002168159, -1.406048636593116630 ) ) ;
#983 =( BOUNDED_SURFACE ( )  B_SPLINE_SURFACE ( 3, 2, ( 
 ( #285, #3486, #3466 ),
 ( #349, #1725, #646 ),
 ( #3098, #2057, #4469 ),
 ( #2680, #623, #332 ),
 ( #4449, #3116, #2705 ),
 ( #707, #2767, #1388 ) ),
 .UNSPECIFIED., .F., .F., .F. ) 
 B_SPLINE_SURFACE_WITH_KNOTS ( ( 4, 2, 4 ),
 ( 3, 3 ),
 ( -0.0002776991048504749400, -6.946082652408048933E-05, 0.0001387774518023139614 ),
 ( 0.000000000000000000, 1.000000000000000000 ),
 .UNSPECIFIED. ) 
 GEOMETRIC_REPRESENTATION_ITEM ( )  RATIONAL_B_SPLINE_SURFACE ( (
 ( 1.000000000000000000, 1.000000000000000000, 1.000000000000000000),
 ( 1.000000000000000000, 1.000323156068973596, 1.000000000000000000),
 ( 1.000000000000000000, 0.9838136884512098668, 1.000000000000000000),
 ( 1.000000000000000000, 0.9317572762373544926, 1.000000000000000000),
 ( 1.000000000000000000, 0.8965982280606575872, 1.000000000000000000),
 ( 1.000000000000000000, 0.8623911140185928081, 1.000000000000000000) ) ) 
 REPRESENTATION_ITEM ( '' )  SURFACE ( )  );
#984 = AXIS2_PLACEMENT_3D ( 'NONE', #578, #4081, #3306 ) ;
#985 = PLANE ( 'NONE',  #4409 ) ;
#986 = DIRECTION ( 'NONE',  ( -1.000000000000000000, 0.000000000000000000, 0.000000000000000000 ) ) ;
#987 = AXIS2_PLACEMENT_3D ( 'NONE', #141, #2835, #1085 ) ;
#988 = CARTESIAN_POINT ( 'NONE',  ( -0.3521443217217804511, -1.033354954157686079, -2.787176260535755734 ) ) ;
#989 = CARTESIAN_POINT ( 'NONE',  ( -0.8294520779742071692, -9.778954463526266849, 1.079719089309447932 ) ) ;
#990 = CARTESIAN_POINT ( 'NONE',  ( 0.3933929533710338045, -1.303076786473886584, -2.729541824770894465 ) ) ;
#991 = CIRCLE ( 'NONE', #2795, 0.7500000000000006661 ) ;
#992 = CARTESIAN_POINT ( 'NONE',  ( 1.139610216522392472, -0.9533984102466803723, 1.511039678796330499 ) ) ;
#993 = CARTESIAN_POINT ( 'NONE',  ( -5.000000000000000000, -0.3499999999999999778, 1.552081528017131618 ) ) ;
#994 = ORIENTED_EDGE ( 'NONE', *, *, #774, .T. ) ;
#995 = CARTESIAN_POINT ( 'NONE',  ( -0.8837373320401664678, -0.3583389974467844907, 0.3837373320401635812 ) ) ;
#996 = CARTESIAN_POINT ( 'NONE',  ( 2.198586663876804348, -7.654118453140291045, -0.9587465869551790032 ) ) ;
#997 = CARTESIAN_POINT ( 'NONE',  ( -1.391909163515389958, -0.9292896438123683378, -0.1364279328922047285 ) ) ;
#998 = CARTESIAN_POINT ( 'NONE',  ( -1.302219856997911984, -0.5120279155650504510, 0.2379581772221154023 ) ) ;
#999 = ORIENTED_EDGE ( 'NONE', *, *, #618, .T. ) ;
#1000 = ORIENTED_EDGE ( 'NONE', *, *, #3667, .T. ) ;
#1001 = CARTESIAN_POINT ( 'NONE',  ( -2.292835259260797898, -1.193268229768540412, -0.8499999999999985345 ) ) ;
#1002 = FACE_OUTER_BOUND ( 'NONE', #541, .T. ) ;
#1003 = VECTOR ( 'NONE', #1298, 1000.000000000000000 ) ;
#1004 = DIRECTION ( 'NONE',  ( 1.000000000000000000, 0.000000000000000000, -0.000000000000000000 ) ) ;
#1005 = EDGE_LOOP ( 'NONE', ( #565, #325, #1124 ) ) ;
#1006 = AXIS2_PLACEMENT_3D ( 'NONE', #3202, #832, #4288 ) ;
#1007 = DIRECTION ( 'NONE',  ( -1.000000000000000000, 0.000000000000000000, 0.000000000000000000 ) ) ;
#1008 = CARTESIAN_POINT ( 'NONE',  ( -0.7266521582695698589, -0.4505592896214603016, 0.7988267288288652956 ) ) ;
#1009 = ADVANCED_FACE ( 'NONE', ( #743 ), #1022, .T. ) ;
#1010 = CARTESIAN_POINT ( 'NONE',  ( -0.4240456707385068524, -1.650569046859459377, -2.675235095863644386 ) ) ;
#1011 = CARTESIAN_POINT ( 'NONE',  ( 1.150766887217151258, -7.274951786473606852, -2.428721680520075310 ) ) ;
#1012 = CARTESIAN_POINT ( 'NONE',  ( -1.023658693079729343, -0.9526598926696986380, 1.306423125628132231 ) ) ;
#1013 = CARTESIAN_POINT ( 'NONE',  ( 4.320035303637505208, -4.332980436093259032E-16, -0.6835729737418544394 ) ) ;
#1014 = ORIENTED_EDGE ( 'NONE', *, *, #3893, .T. ) ;
#1015 = DIRECTION ( 'NONE',  ( -1.000000000000000000, 0.000000000000000000, 0.000000000000000000 ) ) ;
#1016 = CARTESIAN_POINT ( 'NONE',  ( 3.850000000000000533, -0.5499999999999999334, 0.8621320343559647492 ) ) ;
#1017 = CARTESIAN_POINT ( 'NONE',  ( -2.146062712639147829, -1.197772511989704025, -0.09438458547660143194 ) ) ;
#1018 = ORIENTED_EDGE ( 'NONE', *, *, #1551, .F. ) ;
#1019 = EDGE_CURVE ( 'NONE', #2089, #1368, #1759, .T. ) ;
#1020 = ORIENTED_EDGE ( 'NONE', *, *, #924, .T. ) ;
#1021 = CARTESIAN_POINT ( 'NONE',  ( -2.699135783177826209, -9.281298213526019580, 0.02572502615373628218 ) ) ;
#1022 = PLANE ( 'NONE',  #2079 ) ;
#1023 = DIRECTION ( 'NONE',  ( 0.000000000000000000, 9.349008135309623345E-17, -1.000000000000000000 ) ) ;
#1024 = CARTESIAN_POINT ( 'NONE',  ( 0.3500000000000094702, -1.193268229768540190, -2.792835259260795233 ) ) ;
#1025 = CIRCLE ( 'NONE', #3849, 0.5000000000000000000 ) ;
#1026 = CARTESIAN_POINT ( 'NONE',  ( -4.002018369415369037, -0.3604507828663504609, 1.413904882026701948 ) ) ;
#1027 = PLANE ( 'NONE',  #2646 ) ;
#1028 = CARTESIAN_POINT ( 'NONE',  ( -2.157948359593016008, -1.366194046859509958, -0.9660633954101279786 ) ) ;
#1029 = CARTESIAN_POINT ( 'NONE',  ( -1.709999999999999742, -0.3551601198070603038, -0.5088562445261218814 ) ) ;
#1030 = CARTESIAN_POINT ( 'NONE',  ( -0.7341829411565263808, -0.3899568211400268880, 0.7955930060602054432 ) ) ;
#1031 = ORIENTED_EDGE ( 'NONE', *, *, #1634, .T. ) ;
#1032 = ORIENTED_EDGE ( 'NONE', *, *, #275, .T. ) ;
#1033 = EDGE_CURVE ( 'NONE', #3529, #3474, #214, .T. ) ;
#1034 = DIRECTION ( 'NONE',  ( 1.000000000000000000, 0.000000000000000000, -0.000000000000000000 ) ) ;
#1035 = DIRECTION ( 'NONE',  ( -0.000000000000000000, 0.7071067811865474617, 0.7071067811865476838 ) ) ;
#1036 = VERTEX_POINT ( 'NONE', #663 ) ;
#1037 = CARTESIAN_POINT ( 'NONE',  ( -2.144253829037814363, -9.921141963527233543, -2.311098992029155141 ) ) ;
#1038 = CARTESIAN_POINT ( 'NONE',  ( 1.231453209264028015, -1.810000000000000275, -0.4666252802435433833 ) ) ;
#1039 = CARTESIAN_POINT ( 'NONE',  ( 4.400000000000000355, -0.1928932188134528380, 0.3000000000000007105 ) ) ;
#1040 = ORIENTED_EDGE ( 'NONE', *, *, #2055, .T. ) ;
#1041 = DIRECTION ( 'NONE',  ( 0.000000000000000000, 0.000000000000000000, -1.000000000000000000 ) ) ;
#1042 = DIRECTION ( 'NONE',  ( 0.000000000000000000, 0.000000000000000000, 1.000000000000000000 ) ) ;
#1043 = UNCERTAINTY_MEASURE_WITH_UNIT (LENGTH_MEASURE( 1.000000000000000082E-05 ), #4411, 'distance_accuracy_value', 'NONE');
#1044 = CARTESIAN_POINT ( 'NONE',  ( 1.115093475111011534, -2.930256546859239641, 1.449563615630016455 ) ) ;
#1045 = CARTESIAN_POINT ( 'NONE',  ( -1.673917847027666106, -0.8765142864737646144, -0.8776837955794484225 ) ) ;
#1046 = CARTESIAN_POINT ( 'NONE',  ( -0.8095366139696976715, -0.8164895339169107036, 0.9285676177065955716 ) ) ;
#1047 = AXIS2_PLACEMENT_3D ( 'NONE', #2814, #123, #4209 ) ;
#1048 = PRESENTATION_STYLE_ASSIGNMENT (( #3517 ) ) ;
#1049 = ORIENTED_EDGE ( 'NONE', *, *, #1941, .F. ) ;
#1050 = CARTESIAN_POINT ( 'NONE',  ( 1.999999999999999556, -0.3499999999999999778, 5.000000000000001776 ) ) ;
#1051 =( NAMED_UNIT ( * ) PLANE_ANGLE_UNIT ( ) SI_UNIT ( $, .RADIAN. ) );
#1052 = CARTESIAN_POINT ( 'NONE',  ( 0.8837373320401803456, -0.3442576640994833848, -1.383737332040174017 ) ) ;
#1053 = DIRECTION ( 'NONE',  ( 0.000000000000000000, 0.000000000000000000, 1.000000000000000000 ) ) ;
#1054 = CIRCLE ( 'NONE', #3404, 0.2000000000000000944 ) ;
#1055 = ORIENTED_EDGE ( 'NONE', *, *, #4260, .F. ) ;
#1056 = VERTEX_POINT ( 'NONE', #2403 ) ;
#1057 = CARTESIAN_POINT ( 'NONE',  ( 1.855033056379531420, -7.859423213525795759, -2.524907656507349607 ) ) ;
#1058 = AXIS2_PLACEMENT_3D ( 'NONE', #3615, #1849, #1160 ) ;
#1059 = DIRECTION ( 'NONE',  ( 0.9351177499291636330, 0.000000000000000000, 0.3543371188111937298 ) ) ;
#1060 = DIRECTION ( 'NONE',  ( 0.000000000000000000, -0.7071067811865474617, -0.7071067811865476838 ) ) ;
#1061 = ORIENTED_EDGE ( 'NONE', *, *, #1304, .T. ) ;
#1062 = CARTESIAN_POINT ( 'NONE',  ( 1.716826630371874662, -2.361506546859410083, -0.8162686842117615749 ) ) ;
#1063 = AXIS2_PLACEMENT_3D ( 'NONE', #181, #518, #792 ) ;
#1064 = CARTESIAN_POINT ( 'NONE',  ( 5.000000000000000000, 0.000000000000000000, 3.500000000000000888 ) ) ;
#1065 = EDGE_CURVE ( 'NONE', #3123, #3106, #4261, .T. ) ;
#1066 = ORIENTED_EDGE ( 'NONE', *, *, #2358, .F. ) ;
#1067 = CARTESIAN_POINT ( 'NONE',  ( 3.905112374409767106, -0.4525126265847114748, 1.154594154601832789 ) ) ;
#1068 = CARTESIAN_POINT ( 'NONE',  ( 3.688579037750123746, -0.3500000000000000333, -0.5456002823244179289 ) ) ;
#1069 = CARTESIAN_POINT ( 'NONE',  ( -1.872235668998404545, -4.162548213526148011, -1.740550421930937341 ) ) ;
#1070 = CARTESIAN_POINT ( 'NONE',  ( 1.463148173079489300, -1.682243453140382705, -1.452216878122056354 ) ) ;
#1071 = DIRECTION ( 'NONE',  ( 0.000000000000000000, -1.000000000000000000, -1.230255323012501829E-16 ) ) ;
#1072 = CARTESIAN_POINT ( 'NONE',  ( 4.050000000000000711, -0.3499999999999999223, 1.552081528017131618 ) ) ;
#1073 = FILL_AREA_STYLE_COLOUR ( '', #579 ) ;
#1074 = AXIS2_PLACEMENT_3D ( 'NONE', #3064, #4457, #4110 ) ;
#1075 = EDGE_LOOP ( 'NONE', ( #2506 ) ) ;
#1076 = ORIENTED_EDGE ( 'NONE', *, *, #1885, .T. ) ;
#1077 = PRESENTATION_STYLE_ASSIGNMENT (( #759 ) ) ;
#1078 = CIRCLE ( 'NONE', #2015, 0.5000000000000000000 ) ;
#1079 = LINE ( 'NONE', #361, #1226 ) ;
#1080 = DIRECTION ( 'NONE',  ( 0.000000000000000000, -0.7071067811865475727, 0.7071067811865473507 ) ) ;
#1081 = EDGE_CURVE ( 'NONE', #3106, #2135, #310, .T. ) ;
#1082 = EDGE_LOOP ( 'NONE', ( #2331, #250, #3266, #1245 ) ) ;
#1083 = CARTESIAN_POINT ( 'NONE',  ( 0.02188872562898275254, -8.412451786474012039, 2.276061541810085576 ) ) ;
#1084 = CARTESIAN_POINT ( 'NONE',  ( -1.171147799881005813, -0.9017215149283115405, -1.275032572201083347 ) ) ;
#1085 = DIRECTION ( 'NONE',  ( 0.000000000000000000, -0.7071067811865482389, 0.7071067811865469066 ) ) ;
#1086 = ORIENTED_EDGE ( 'NONE', *, *, #1269, .F. ) ;
#1087 = EDGE_CURVE ( 'NONE', #3123, #1813, #3988, .T. ) ;
#1088 = FACE_OUTER_BOUND ( 'NONE', #1912, .T. ) ;
#1089 = CARTESIAN_POINT ( 'NONE',  ( 3.997283938352679478, -0.3499999999999998668, 1.506427318547461924 ) ) ;
#1090 = STYLED_ITEM ( 'NONE', ( #320 ), #4180 ) ;
#1091 = LINE ( 'NONE', #2475, #3599 ) ;
#1092 = EDGE_LOOP ( 'NONE', ( #725, #1990, #269, #284 ) ) ;
#1093 = CARTESIAN_POINT ( 'NONE',  ( -2.174831087492774984, -6.911506546859463640, -1.060661654207081694 ) ) ;
#1094 = ADVANCED_FACE ( 'NONE', ( #2423 ), #328, .F. ) ;
#1095 = CARTESIAN_POINT ( 'NONE',  ( -1.587890947023977706, -0.9002122031403562152, -1.150575472949546096 ) ) ;
#1096 = VECTOR ( 'NONE', #3566, 1000.000000000000000 ) ;
#1097 = CARTESIAN_POINT ( 'NONE',  ( -4.200000000000000178, -0.1640364940634608526, 0.8250478053350538410 ) ) ;
#1098 = CARTESIAN_POINT ( 'NONE',  ( 3.953506468771766258, -0.3973530566017019483, 1.281601083113951045 ) ) ;
#1099 = ADVANCED_FACE ( 'NONE', ( #1402 ), #1740, .F. ) ;
#1100 = CARTESIAN_POINT ( 'NONE',  ( 1.640059987639104433, -1.193268229768540190, -2.140059987639093997 ) ) ;
#1101 = VERTEX_POINT ( 'NONE', #4104 ) ;
#1102 = ORIENTED_EDGE ( 'NONE', *, *, #965, .T. ) ;
#1103 = EDGE_CURVE ( 'NONE', #3090, #280, #869, .T. ) ;
#1104 = AXIS2_PLACEMENT_3D ( 'NONE', #2114, #2404, #958 ) ;
#1105 = CARTESIAN_POINT ( 'NONE',  ( 3.850000000000000977, -0.3499999999999999223, 0.8621320343559645272 ) ) ;
#1106 = CARTESIAN_POINT ( 'NONE',  ( 1.301290717040099798, -0.3334786804920451542, 0.2257184977935253745 ) ) ;
#1107 = DIRECTION ( 'NONE',  ( 0.000000000000000000, 1.000000000000000000, 0.000000000000000000 ) ) ;
#1108 = VERTEX_POINT ( 'NONE', #533 ) ;
#1109 = ORIENTED_EDGE ( 'NONE', *, *, #2494, .T. ) ;
#1110 = CARTESIAN_POINT ( 'NONE',  ( 2.744249851741931590, -1.966618453140772882, -0.3975724214128351086 ) ) ;
#1111 = CARTESIAN_POINT ( 'NONE',  ( 4.500000000000000888, -0.8500000000000000888, -0.9520815280171303074 ) ) ;
#1112 = CARTESIAN_POINT ( 'NONE',  ( -0.7266521582695706361, -0.4505592896214599685, -1.798826728828862187 ) ) ;
#1113 = ORIENTED_EDGE ( 'NONE', *, *, #303, .F. ) ;
#1114 = EDGE_CURVE ( 'NONE', #2579, #2577, #3336, .T. ) ;
#1115 = CARTESIAN_POINT ( 'NONE',  ( 3.944591976797959365, -0.3499999999999999778, 1.460793980717971730 ) ) ;
#1116 = CARTESIAN_POINT ( 'NONE',  ( 3.944569392839301969, -0.3499999999999999778, 1.460759785497226737 ) ) ;
#1117 = DIRECTION ( 'NONE',  ( 0.000000000000000000, -9.349008135309622112E-17, 1.000000000000000000 ) ) ;
#1118 = EDGE_CURVE ( 'NONE', #718, #2466, #3097, .T. ) ;
#1119 = CARTESIAN_POINT ( 'NONE',  ( -0.5942106922351931830, -9.470881546859908795, -2.717256059597402018 ) ) ;
#1120 = CARTESIAN_POINT ( 'NONE',  ( 0.8545865237526949487, -8.222868453140378620, 1.044059773550763515 ) ) ;
#1121 = CARTESIAN_POINT ( 'NONE',  ( 4.110224748819537588, -0.1999999999999999833, 1.107106781186548039 ) ) ;
#1122 = EDGE_CURVE ( 'NONE', #3701, #1278, #1137, .T. ) ;
#1123 = CARTESIAN_POINT ( 'NONE',  ( -1.499999999999999556, -0.3499999999999999778, 5.000000000000000888 ) ) ;
#1124 = ORIENTED_EDGE ( 'NONE', *, *, #1033, .F. ) ;
#1125 = VERTEX_POINT ( 'NONE', #2636 ) ;
#1126 =( BOUNDED_SURFACE ( )  B_SPLINE_SURFACE ( 3, 3, ( 
 ( #2130, #3538, #755, #4215 ),
 ( #733, #424, #3846, #58 ),
 ( #2110, #1438, #2459, #2820 ),
 ( #3197, #3869, #1794, #84 ) ),
 .UNSPECIFIED., .F., .F., .F. ) 
 B_SPLINE_SURFACE_WITH_KNOTS ( ( 4, 4 ),
 ( 4, 4 ),
 ( 0.000000000000000000, 1.000000000000000000 ),
 ( 0.000000000000000000, 1.000000000000000000 ),
 .UNSPECIFIED. ) 
 GEOMETRIC_REPRESENTATION_ITEM ( )  RATIONAL_B_SPLINE_SURFACE ( (
 ( 1.000000000000000000, 0.8047378541243551675, 0.8047378541243551675, 1.000000000000000000),
 ( 1.000000000000000000, 0.8047378541243551675, 0.8047378541243551675, 1.000000000000000000),
 ( 1.000000000000000000, 0.8047378541243551675, 0.8047378541243551675, 1.000000000000000000),
 ( 1.000000000000000000, 0.8047378541243551675, 0.8047378541243551675, 1.000000000000000000) ) ) 
 REPRESENTATION_ITEM ( '' )  SURFACE ( )  );
#1127 = CARTESIAN_POINT ( 'NONE',  ( 0.7257184977935297043, -0.3334786804920452652, 0.8012907170400980217 ) ) ;
#1128 = AXIS2_PLACEMENT_3D ( 'NONE', #2081, #2408, #3100 ) ;
#1129 = LINE ( 'NONE', #4266, #1257 ) ;
#1130 = CYLINDRICAL_SURFACE ( 'NONE', #66, 1.000000000000000000 ) ;
#1131 = FACE_OUTER_BOUND ( 'NONE', #1677, .T. ) ;
#1132 = CIRCLE ( 'NONE', #3530, 0.2000000000000002887 ) ;
#1133 = ORIENTED_EDGE ( 'NONE', *, *, #240, .T. ) ;
#1134 = EDGE_LOOP ( 'NONE', ( #1772 ) ) ;
#1135 = CARTESIAN_POINT ( 'NONE',  ( -0.7066971188010710003, -8.981201786474780846, -3.216336344547438664 ) ) ;
#1136 = CARTESIAN_POINT ( 'NONE',  ( 4.110224748819537588, 0.000000000000000000, 1.107106781186547817 ) ) ;
#1137 = CIRCLE ( 'NONE', #698, 0.5000000000000000000 ) ;
#1138 = DIRECTION ( 'NONE',  ( 0.000000000000000000, 0.000000000000000000, 1.000000000000000000 ) ) ;
#1139 = DIRECTION ( 'NONE',  ( 0.9351177499291652984, -0.000000000000000000, 0.3543371188111895664 ) ) ;
#1140 = DIRECTION ( 'NONE',  ( -0.000000000000000000, 0.7071067811865474617, 0.7071067811865476838 ) ) ;
#1141 = ORIENTED_EDGE ( 'NONE', *, *, #2035, .T. ) ;
#1142 = CARTESIAN_POINT ( 'NONE',  ( -2.098919964808743988, -6.627131546859464706, 0.2992288351581563477 ) ) ;
#1143 = CARTESIAN_POINT ( 'NONE',  ( -0.5438238698514433755, -2.819743453140158618, 1.158847539090450240 ) ) ;
#1144 = DIRECTION ( 'NONE',  ( -0.000000000000000000, 0.7071067811865474617, -0.7071067811865476838 ) ) ;
#1145 = ADVANCED_FACE ( 'NONE', ( #242 ), #3344, .T. ) ;
#1146 = CIRCLE ( 'NONE', #850, 1.000000000000000000 ) ;
#1147 = FACE_OUTER_BOUND ( 'NONE', #2008, .T. ) ;
#1148 = EDGE_LOOP ( 'NONE', ( #1462, #1031, #1018, #2603 ) ) ;
#1149 = AXIS2_PLACEMENT_3D ( 'NONE', #4091, #2230, #4044 ) ;
#1150 = ORIENTED_EDGE ( 'NONE', *, *, #3708, .F. ) ;
#1151 = CARTESIAN_POINT ( 'NONE',  ( 0.4354969510950126854, -0.9537525753427681385, 1.567203474473484404 ) ) ;
#1152 = DIRECTION ( 'NONE',  ( -0.000000000000000000, -0.000000000000000000, 1.000000000000000000 ) ) ;
#1153 = FACE_OUTER_BOUND ( 'NONE', #979, .T. ) ;
#1154 = CARTESIAN_POINT ( 'NONE',  ( 4.166732150407484347, 2.042972831800280354E-16, 0.8169609411085502204 ) ) ;
#1155 = ORIENTED_EDGE ( 'NONE', *, *, #1640, .T. ) ;
#1156 = STYLED_ITEM ( 'NONE', ( #691 ), #2774 ) ;
#1157 = CARTESIAN_POINT ( 'NONE',  ( -1.625663185773818187, -4.067756546859450317, -1.136190824977479474 ) ) ;
#1158 = CARTESIAN_POINT ( 'NONE',  ( 0.3617042889705022746, -7.085368453140914902, -3.222235967909979681 ) ) ;
#1159 = ADVANCED_FACE ( 'NONE', ( #3309 ), #2689, .F. ) ;
#1160 = DIRECTION ( 'NONE',  ( 0.000000000000000000, 9.349008135309623345E-17, -1.000000000000000000 ) ) ;
#1161 = EDGE_CURVE ( 'NONE', #3162, #3634, #1623, .T. ) ;
#1162 = DIRECTION ( 'NONE',  ( 0.000000000000000000, 0.7071067811865476838, 0.7071067811865474617 ) ) ;
#1163 = DIRECTION ( 'NONE',  ( -0.000000000000000000, -1.000000000000000000, -0.000000000000000000 ) ) ;
#1164 = CARTESIAN_POINT ( 'NONE',  ( 1.171147799881027796, -0.9017215149283265285, -1.275032572201074244 ) ) ;
#1165 = ORIENTED_EDGE ( 'NONE', *, *, #1103, .T. ) ;
#1166 = ORIENTED_EDGE ( 'NONE', *, *, #4385, .T. ) ;
#1167 = CARTESIAN_POINT ( 'NONE',  ( -2.006887976588695999, -1.460985713526371077, -2.417370441801035330 ) ) ;
#1168 = CARTESIAN_POINT ( 'NONE',  ( 1.597137001809570744, -7.559326786474207083, -1.204750279757060172 ) ) ;
#1169 = CARTESIAN_POINT ( 'NONE',  ( -5.000000000000000000, -0.8499999999999999778, 1.552081528017131618 ) ) ;
#1170 = COLOUR_RGB ( '',0.7921568627450980005, 0.8196078431372548767, 0.9333333333333333481 ) ;
#1171 = ADVANCED_FACE ( 'NONE', ( #937 ), #3819, .T. ) ;
#1172 = CARTESIAN_POINT ( 'NONE',  ( 0.6793350899855616909, -1.193268229768540190, -3.100784885292642734 ) ) ;
#1173 = EDGE_LOOP ( 'NONE', ( #596 ) ) ;
#1174 = DIRECTION ( 'NONE',  ( -6.195440985631454085E-17, 0.000000000000000000, 1.000000000000000000 ) ) ;
#1175 = CARTESIAN_POINT ( 'NONE',  ( -2.015339316844312556, -9.336670536473599569, 0.5989623371914561956 ) ) ;
#1176 = CARTESIAN_POINT ( 'NONE',  ( 0.6338754972846736280, -0.8228724146831111197, 1.043670121917540827 ) ) ;
#1177 = DIRECTION ( 'NONE',  ( 0.000000000000000000, -0.7071067811865474617, 0.7071067811865476838 ) ) ;
#1178 = CARTESIAN_POINT ( 'NONE',  ( 6.505213034913026604E-16, 0.000000000000000000, 11.50000000000000000 ) ) ;
#1179 = CARTESIAN_POINT ( 'NONE',  ( 0.7784394602888247139, -0.3320894408102816331, 0.6621568097935067732 ) ) ;
#1180 = VECTOR ( 'NONE', #754, 1000.000000000000000 ) ;
#1181 = ORIENTED_EDGE ( 'NONE', *, *, #3958, .F. ) ;
#1182 = CARTESIAN_POINT ( 'NONE',  ( -0.6174059911852257665, -1.247704463526034591, 1.174011049197180467 ) ) ;
#1183 = CARTESIAN_POINT ( 'NONE',  ( -2.702538906101528138, -8.791618453140410239, 0.007941177856721453113 ) ) ;
#1184 = DIRECTION ( 'NONE',  ( 0.000000000000000000, 0.000000000000000000, -1.000000000000000000 ) ) ;
#1185 = CARTESIAN_POINT ( 'NONE',  ( 4.200000000000000178, -0.1632538509555450656, 0.8273957346587460515 ) ) ;
#1186 = DIRECTION ( 'NONE',  ( 1.000000000000000000, 0.000000000000000000, 0.000000000000000000 ) ) ;
#1187 = CARTESIAN_POINT ( 'NONE',  ( 2.290006525915800228, -1.113311560980186021, -0.1489281294003586831 ) ) ;
#1188 = ORIENTED_EDGE ( 'NONE', *, *, #4191, .F. ) ;
#1189 = CARTESIAN_POINT ( 'NONE',  ( 1.641522129989255729, -5.774006546859475897, 1.701545764774171188 ) ) ;
#1190 = CARTESIAN_POINT ( 'NONE',  ( 1.715797449868730506, -9.147087203140655376, -0.01056945149676514518 ) ) ;
#1191 = DIRECTION ( 'NONE',  ( 1.000000000000000000, 0.000000000000000000, -0.000000000000000000 ) ) ;
#1192 = DIRECTION ( 'NONE',  ( -0.000000000000000000, -1.000000000000000000, -0.000000000000000000 ) ) ;
#1193 = FACE_OUTER_BOUND ( 'NONE', #3968, .T. ) ;
#1194 = CYLINDRICAL_SURFACE ( 'NONE', #3930, 0.2000000000000000944 ) ;
#1195 = CARTESIAN_POINT ( 'NONE',  ( 4.000000000000000000, 0.000000000000000000, -4.499999999999999112 ) ) ;
#1196 = CARTESIAN_POINT ( 'NONE',  ( 3.850000000000000533, -0.5499999999999999334, 0.8621320343559645272 ) ) ;
#1197 = CARTESIAN_POINT ( 'NONE',  ( -1.640059987639043371, -1.193268229768540634, 1.140059987639157502 ) ) ;
#1198 = ORIENTED_EDGE ( 'NONE', *, *, #4013, .T. ) ;
#1199 = LINE ( 'NONE', #2183, #4355 ) ;
#1200 = VERTEX_POINT ( 'NONE', #4357 ) ;
#1201 = CARTESIAN_POINT ( 'NONE',  ( 1.665643555336959958, -5.205256546859574840, -1.022638599733153075 ) ) ;
#1202 = CARTESIAN_POINT ( 'NONE',  ( -2.043853900792707012, -0.9002122031404902192, -1.334636211158741759 ) ) ;
#1203 = LINE ( 'NONE', #3278, #3901 ) ;
#1204 = AXIS2_PLACEMENT_3D ( 'NONE', #4299, #4234, #3189 ) ;
#1205 = CARTESIAN_POINT ( 'NONE',  ( -4.000000000000000888, 0.000000000000000000, 0.7171572875253815482 ) ) ;
#1206 = ORIENTED_EDGE ( 'NONE', *, *, #1540, .F. ) ;
#1207 = DIRECTION ( 'NONE',  ( -1.000000000000000000, 0.000000000000000000, 0.000000000000000000 ) ) ;
#1208 = LINE ( 'NONE', #2587, #192 ) ;
#1209 = B_SPLINE_CURVE_WITH_KNOTS ( 'NONE', 3,
 ( #2662, #628, #966, #1672, #4065, #2709 ),
 .UNSPECIFIED., .F., .F.,
 ( 4, 2, 4 ),
 ( 1.057097118173366823E-18, 0.0002194824500065879118, 0.0004389649000131747936 ),
 .UNSPECIFIED. ) ;
#1210 = CARTESIAN_POINT ( 'NONE',  ( 0.06744529743444117875, -6.058381546859718192, 2.245332364121998658 ) ) ;
#1211 = CARTESIAN_POINT ( 'NONE',  ( -0.8457701593667275031, -9.289274703140655731, 1.071042961955087192 ) ) ;
#1212 = CARTESIAN_POINT ( 'NONE',  ( -5.000000000000000000, -0.4964466094067262469, 1.198528137423858109 ) ) ;
#1213 = CARTESIAN_POINT ( 'NONE',  ( 4.373545327070481825, 0.000000000000000000, 1.330737191135941355 ) ) ;
#1214 = CARTESIAN_POINT ( 'NONE',  ( -1.499999999999999556, -0.3499999999999999778, 4.500000000000001776 ) ) ;
#1215 = CARTESIAN_POINT ( 'NONE',  ( 0.000000000000000000, -0.3500000000000000333, 0.7500000000000011102 ) ) ;
#1216 = CARTESIAN_POINT ( 'NONE',  ( 1.505334577956729758, -9.194483036473599213, 1.232996996244222654 ) ) ;
#1217 =( NAMED_UNIT ( * ) SI_UNIT ( $, .STERADIAN. ) SOLID_ANGLE_UNIT ( ) );
#1218 = TOROIDAL_SURFACE ( 'NONE', #2004, 0.2999999999999997669, 0.2000000000000000389 ) ;
#1219 = DIRECTION ( 'NONE',  ( -0.5582457433392097323, -1.698574795273524811E-14, -0.8296756535198879234 ) ) ;
#1220 = CARTESIAN_POINT ( 'NONE',  ( 1.999999999999999556, -0.3499999999999999778, 5.000000000000001776 ) ) ;
#1221 = ORIENTED_EDGE ( 'NONE', *, *, #113, .F. ) ;
#1222 = CARTESIAN_POINT ( 'NONE',  ( 3.905112374409769771, -0.4525126265847082552, 1.154594154601840117 ) ) ;
#1223 = ORIENTED_EDGE ( 'NONE', *, *, #2213, .F. ) ;
#1224 = CARTESIAN_POINT ( 'NONE',  ( 1.046142510787219315, -5.774006546859451916, 0.8975354759324266629 ) ) ;
#1225 = CARTESIAN_POINT ( 'NONE',  ( -1.884150634920012557, -0.4025559531405387692, -1.811215911097733722 ) ) ;
#1226 = VECTOR ( 'NONE', #1418, 1000.000000000000000 ) ;
#1227 = CARTESIAN_POINT ( 'NONE',  ( -4.274342978418276040, -0.07893452777324878877, 1.061778403327047648 ) ) ;
#1228 = ADVANCED_FACE ( 'NONE', ( #2914 ), #3384, .F. ) ;
#1229 = DIRECTION ( 'NONE',  ( -1.000000000000000000, 0.000000000000000000, 0.000000000000000000 ) ) ;
#1230 = ADVANCED_FACE ( 'NONE', ( #3055 ), #983, .F. ) ;
#1231 = DIRECTION ( 'NONE',  ( -1.000000000000000000, 0.000000000000000000, 0.000000000000000000 ) ) ;
#1232 = VECTOR ( 'NONE', #2623, 1000.000000000000000 ) ;
#1233 = VERTEX_POINT ( 'NONE', #3776 ) ;
#1234 = FACE_OUTER_BOUND ( 'NONE', #2151, .T. ) ;
#1235 = DIRECTION ( 'NONE',  ( 8.816207631167151055E-31, -0.7071067811865473507, -0.7071067811865477948 ) ) ;
#1236 = CARTESIAN_POINT ( 'NONE',  ( -1.974903619486223505, -6.437548213526161689, 1.408180901115081873 ) ) ;
#1237 = DIRECTION ( 'NONE',  ( 1.000000000000000000, 0.000000000000000000, 0.000000000000000000 ) ) ;
#1238 = CARTESIAN_POINT ( 'NONE',  ( 4.207632328796361953, 1.355252715606880543E-17, 1.041566269469290873 ) ) ;
#1239 = EDGE_CURVE ( 'NONE', #3474, #1469, #2409, .T. ) ;
#1240 = CARTESIAN_POINT ( 'NONE',  ( 2.168404344971008868E-16, -0.3499999999999999778, 10.00000000000000000 ) ) ;
#1241 = VERTEX_POINT ( 'NONE', #536 ) ;
#1242 = FACE_OUTER_BOUND ( 'NONE', #1477, .T. ) ;
#1243 = CARTESIAN_POINT ( 'NONE',  ( 1.162125228366395646, -0.6869309531405569658, 1.479589789370596264 ) ) ;
#1244 = CARTESIAN_POINT ( 'NONE',  ( 1.618290256921772530, -0.6805721227388389361, -0.7780005020929756654 ) ) ;
#1245 = ORIENTED_EDGE ( 'NONE', *, *, #3191, .F. ) ;
#1246 = CARTESIAN_POINT ( 'NONE',  ( -4.050000000000000711, -0.3500000000000000333, -0.9520815280171303074 ) ) ;
#1247 = CIRCLE ( 'NONE', #3781, 0.5000000000000000000 ) ;
#1248 = EDGE_CURVE ( 'NONE', #786, #2871, #667, .T. ) ;
#1249 = ORIENTED_EDGE ( 'NONE', *, *, #1703, .F. ) ;
#1250 = DIRECTION ( 'NONE',  ( 0.000000000000000000, 0.000000000000000000, 1.000000000000000000 ) ) ;
#1251 = CARTESIAN_POINT ( 'NONE',  ( 1.684541691821930476, -0.5447434531405824787, -2.059368484066161020 ) ) ;
#1252 = EDGE_CURVE ( 'NONE', #280, #2461, #3446, .T. ) ;
#1253 = CARTESIAN_POINT ( 'NONE',  ( -0.4024161457545100129, -0.9558696011316022423, -2.842588403037940026 ) ) ;
#1254 = CARTESIAN_POINT ( 'NONE',  ( -4.000000000000000000, -0.3499999999999999778, 3.500000000000000444 ) ) ;
#1255 = CARTESIAN_POINT ( 'NONE',  ( -4.110224748819537588, 0.000000000000000000, 1.107106781186547817 ) ) ;
#1256 = VERTEX_POINT ( 'NONE', #3077 ) ;
#1257 = VECTOR ( 'NONE', #1842, 1000.000000000000000 ) ;
#1258 = DIRECTION ( 'NONE',  ( 1.000000000000000000, 0.000000000000000000, -0.000000000000000000 ) ) ;
#1259 = FACE_OUTER_BOUND ( 'NONE', #1075, .T. ) ;
#1260 = CARTESIAN_POINT ( 'NONE',  ( -0.2668068322833637152, -3.214631546859668454, 2.233168998046847431 ) ) ;
#1261 = CARTESIAN_POINT ( 'NONE',  ( 1.791620648796415693, -1.217045720401881859, -0.9679782559306869816 ) ) ;
#1262 = EDGE_CURVE ( 'NONE', #1785, #1804, #342, .T. ) ;
#1263 = CARTESIAN_POINT ( 'NONE',  ( 0.3510718705996503930, -1.113311560980204673, 1.790006525915800006 ) ) ;
#1264 = CARTESIAN_POINT ( 'NONE',  ( 5.000000000000000000, -0.3499999999999999778, -4.499999999999999112 ) ) ;
#1265 = CARTESIAN_POINT ( 'NONE',  ( -2.292835259260797898, -1.193268229768562616, -0.1499999999999993006 ) ) ;
#1266 = CARTESIAN_POINT ( 'NONE',  ( -0.6969299463216122037, -1.113493453140547818, -2.614382068571250439 ) ) ;
#1267 = CARTESIAN_POINT ( 'NONE',  ( 2.342593512596771177, -0.9558696011316026864, -0.9024260604153973020 ) ) ;
#1268 = DIRECTION ( 'NONE',  ( -0.9351177499291654094, 0.000000000000000000, -0.3543371188111895109 ) ) ;
#1269 = EDGE_CURVE ( 'NONE', #4153, #2871, #685, .T. ) ;
#1270 = ADVANCED_FACE ( 'NONE', ( #3032 ), #985, .T. ) ;
#1271 = VERTEX_POINT ( 'NONE', #2729 ) ;
#1272 = LINE ( 'NONE', #3416, #1810 ) ;
#1273 = CARTESIAN_POINT ( 'NONE',  ( 1.582225162682957542, -1.587451786473836668, -2.093987228366482434 ) ) ;
#1274 = CARTESIAN_POINT ( 'NONE',  ( -4.195346794135288881, 0.000000000000000000, 1.217419227227266809 ) ) ;
#1275 = CARTESIAN_POINT ( 'NONE',  ( -1.945777625998947435, -0.9558696011316030194, 0.6026575139715901752 ) ) ;
#1276 = DIRECTION ( 'NONE',  ( 1.000000000000000000, -0.000000000000000000, 0.000000000000000000 ) ) ;
#1277 = CIRCLE ( 'NONE', #1589, 0.2000000000000000666 ) ;
#1278 = VERTEX_POINT ( 'NONE', #2016 ) ;
#1279 = CARTESIAN_POINT ( 'NONE',  ( -4.000000000000000000, -0.3499999999999999778, 4.500000000000000888 ) ) ;
#1280 = VECTOR ( 'NONE', #2247, 1000.000000000000000 ) ;
#1281 = CARTESIAN_POINT ( 'NONE',  ( -1.999999999999999556, 0.000000000000000000, 4.500000000000001776 ) ) ;
#1282 = CIRCLE ( 'NONE', #1564, 1.000000000000000000 ) ;
#1283 = CARTESIAN_POINT ( 'NONE',  ( 2.684088008023486349, -8.143798213526036278, -1.080577490797884455 ) ) ;
#1284 = CARTESIAN_POINT ( 'NONE',  ( 1.640059987639103101, -1.193268229768540856, 1.140059987639096883 ) ) ;
#1285 = ORIENTED_EDGE ( 'NONE', *, *, #1302, .T. ) ;
#1286 = DIRECTION ( 'NONE',  ( 1.000000000000000000, -0.000000000000000000, -0.000000000000000000 ) ) ;
#1287 = DIRECTION ( 'NONE',  ( -1.000000000000000000, 0.000000000000000000, 0.000000000000000000 ) ) ;
#1288 =( NAMED_UNIT ( * ) SI_UNIT ( $, .STERADIAN. ) SOLID_ANGLE_UNIT ( ) );
#1289 = CARTESIAN_POINT ( 'NONE',  ( 1.178025243302856850, -1.176610713526168306, 1.470169359909845985 ) ) ;
#1290 = CARTESIAN_POINT ( 'NONE',  ( -0.2345585270131212430, -2.724951786473923221, 1.733654863004944424 ) ) ;
#1291 = EDGE_CURVE ( 'NONE', #2741, #1612, #4151, .T. ) ;
#1292 = DIRECTION ( 'NONE',  ( 1.000000000000000000, 0.000000000000000000, 0.000000000000000000 ) ) ;
#1293 = CARTESIAN_POINT ( 'NONE',  ( 4.010448794511978221, -0.3500581351574959532, -0.8911876179170364898 ) ) ;
#1294 = ORIENTED_EDGE ( 'NONE', *, *, #822, .T. ) ;
#1295 = CONICAL_SURFACE ( 'NONE', #493, 1.489974787804957179, 1.556301317170307730 ) ;
#1296 = CARTESIAN_POINT ( 'NONE',  ( -0.1592352266581831821, -0.4736497031405387248, -2.789968323618627455 ) ) ;
#1297 = CARTESIAN_POINT ( 'NONE',  ( -0.4159105888488875413, -0.9533984102466797061, -2.921143715074621561 ) ) ;
#1298 = DIRECTION ( 'NONE',  ( 0.000000000000000000, -0.000000000000000000, 1.000000000000000000 ) ) ;
#1299 = CARTESIAN_POINT ( 'NONE',  ( 4.050000000000000711, -1.006066017177982275, 0.1939339828220187079 ) ) ;
#1300 = EDGE_LOOP ( 'NONE', ( #4410, #1133, #1165, #2840 ) ) ;
#1301 = ORIENTED_EDGE ( 'NONE', *, *, #2358, .T. ) ;
#1302 = EDGE_CURVE ( 'NONE', #634, #3751, #1712, .T. ) ;
#1303 = CARTESIAN_POINT ( 'NONE',  ( 1.500000000000000222, -0.3499999999999999778, 10.00000000000000000 ) ) ;
#1304 = EDGE_CURVE ( 'NONE', #2421, #1256, #4425, .T. ) ;
#1305 = CARTESIAN_POINT ( 'NONE',  ( 3.905112374409770215, -0.4525126265847087548, -0.5545941546018391399 ) ) ;
#1306 = VERTEX_POINT ( 'NONE', #3754 ) ;
#1307 = DIRECTION ( 'NONE',  ( -1.000000000000000000, 0.000000000000000000, 0.000000000000000000 ) ) ;
#1308 = VERTEX_POINT ( 'NONE', #2336 ) ;
#1309 = EDGE_CURVE ( 'NONE', #634, #2969, #2833, .T. ) ;
#1310 = CARTESIAN_POINT ( 'NONE',  ( 4.360472906348919153, -5.809971621331919573E-05, 1.346249994203441602 ) ) ;
#1311 = DIRECTION ( 'NONE',  ( 0.000000000000000000, 0.000000000000000000, -1.000000000000000000 ) ) ;
#1312 = CARTESIAN_POINT ( 'NONE',  ( 1.871047033206841848, -2.171923213526006258, -1.742342444396868917 ) ) ;
#1313 = CARTESIAN_POINT ( 'NONE',  ( 1.880988493051144683, -1.682243453140516820, -1.727238378894524473 ) ) ;
#1314 = CARTESIAN_POINT ( 'NONE',  ( 1.296296778530920291, -0.3334786804920451542, 0.2346016133012417959 ) ) ;
#1315 = CARTESIAN_POINT ( 'NONE',  ( 0.000000000000000000, -0.3334786804920450987, -0.4999999999999989453 ) ) ;
#1316 = VERTEX_POINT ( 'NONE', #2386 ) ;
#1317 = FILL_AREA_STYLE ('',( #4437 ) ) ;
#1318 = CARTESIAN_POINT ( 'NONE',  ( -2.105286531252454019, -6.137451786474096949, 0.2823045257112977158 ) ) ;
#1319 = CARTESIAN_POINT ( 'NONE',  ( -4.320035303637474122, 2.710505431213760777E-17, 1.283572973741866408 ) ) ;
#1320 =( GEOMETRIC_REPRESENTATION_CONTEXT ( 3 ) GLOBAL_UNCERTAINTY_ASSIGNED_CONTEXT ( ( #2082 ) ) GLOBAL_UNIT_ASSIGNED_CONTEXT ( ( #2417, #1051, #1417 ) ) REPRESENTATION_CONTEXT ( 'NONE', 'WORKASPACE' ) );
#1321 = LINE ( 'NONE', #978, #1003 ) ;
#1322 = ORIENTED_EDGE ( 'NONE', *, *, #3318, .F. ) ;
#1323 = CIRCLE ( 'NONE', #3852, 0.2000000000000000389 ) ;
#1324 = VERTEX_POINT ( 'NONE', #2541 ) ;
#1325 = CARTESIAN_POINT ( 'NONE',  ( 0.3500000000000093592, -1.193268229768568389, 1.792835259260797232 ) ) ;
#1326 = DIRECTION ( 'NONE',  ( 0.000000000000000000, 0.000000000000000000, -1.000000000000000000 ) ) ;
#1327 = DIRECTION ( 'NONE',  ( 0.000000000000000000, -9.349008135309622112E-17, 1.000000000000000000 ) ) ;
#1328 =( BOUNDED_CURVE ( )  B_SPLINE_CURVE ( 3, ( #3328, #1185, #839, #3687 ),
 .UNSPECIFIED., .F., .F. ) 
 B_SPLINE_CURVE_WITH_KNOTS ( ( 4, 4 ),
 ( 4.712388980384689674, 5.472966349547410125 ),
 .UNSPECIFIED. ) 
 CURVE ( )  GEOMETRIC_REPRESENTATION_ITEM ( )  RATIONAL_B_SPLINE_CURVE ( ( 1.000000000000000000, 0.9523716785737832424, 0.9523716785737832424, 1.000000000000000000 ) ) 
 REPRESENTATION_ITEM ( '' )  );
#1329 = FACE_OUTER_BOUND ( 'NONE', #2029, .T. ) ;
#1330 = LINE ( 'NONE', #605, #4051 ) ;
#1331 = CARTESIAN_POINT ( 'NONE',  ( -0.7968030297455894750, -1.247704463526168484, 1.652769312391413559 ) ) ;
#1332 = CARTESIAN_POINT ( 'NONE',  ( 3.874848044110535739, -0.3500000000000002554, -0.6435581752305908898 ) ) ;
#1333 = ORIENTED_EDGE ( 'NONE', *, *, #2055, .F. ) ;
#1334 = CARTESIAN_POINT ( 'NONE',  ( 3.850000000000000533, -0.5132538509555449879, -0.3723704814893289972 ) ) ;
#1335 = CARTESIAN_POINT ( 'NONE',  ( -1.043698163353856456, -6.800993453140293354, -2.488699548306172016 ) ) ;
#1336 = CARTESIAN_POINT ( 'NONE',  ( 4.255112374409768528, -0.1025126265847082913, 1.009619407771256139 ) ) ;
#1337 = CARTESIAN_POINT ( 'NONE',  ( -1.598155131003049290, -0.9126490637092389280, 0.4056624663304240208 ) ) ;
#1338 = ORIENTED_EDGE ( 'NONE', *, *, #2030, .T. ) ;
#1339 = ORIENTED_EDGE ( 'NONE', *, *, #147, .T. ) ;
#1340 = CARTESIAN_POINT ( 'NONE',  ( -4.000000000000000888, 0.000000000000000000, 0.000000000000000000 ) ) ;
#1341 = EDGE_CURVE ( 'NONE', #655, #699, #3171, .T. ) ;
#1342 = CARTESIAN_POINT ( 'NONE',  ( 0.8828615297940931583, -0.4519300846110079761, -1.386580457515407705 ) ) ;
#1343 = AXIS2_PLACEMENT_3D ( 'NONE', #2934, #2633, #1571 ) ;
#1344 = DIRECTION ( 'NONE',  ( -0.000000000000000000, 1.000000000000000000, 1.230255323012501829E-16 ) ) ;
#1345 = ORIENTED_EDGE ( 'NONE', *, *, #3893, .F. ) ;
#1346 = CARTESIAN_POINT ( 'NONE',  ( 3.650000000000000355, -0.3500000000000000333, -0.4091166305337858855 ) ) ;
#1347 = AXIS2_PLACEMENT_3D ( 'NONE', #2405, #1704, #621 ) ;
#1348 = CARTESIAN_POINT ( 'NONE',  ( -1.653655874008345350, -9.897444046859774858, -1.170018955809833949 ) ) ;
#1349 = CARTESIAN_POINT ( 'NONE',  ( 0.2974508820390672770, -7.085368453140779899, -2.726152448148470686 ) ) ;
#1350 = AXIS2_PLACEMENT_3D ( 'NONE', #1995, #1344, #1327 ) ;
#1351 = CARTESIAN_POINT ( 'NONE',  ( -4.000000000000000000, -5.421010862427522170E-17, -0.2641418837032026845 ) ) ;
#1352 = CARTESIAN_POINT ( 'NONE',  ( 4.347232441100932654, -0.01311520283924980101, -0.6554834322743168240 ) ) ;
#1353 = EDGE_LOOP ( 'NONE', ( #735, #4240, #3914, #1076, #2527 ) ) ;
#1354 = CARTESIAN_POINT ( 'NONE',  ( -2.001017191524451455, -6.516618453140782030, -1.519883301582485524 ) ) ;
#1355 = CARTESIAN_POINT ( 'NONE',  ( -4.050000000000000711, -0.3499999999999999778, -0.9520815280171303074 ) ) ;
#1356 = CARTESIAN_POINT ( 'NONE',  ( 2.292835259260797898, -1.193268229768540412, -0.1499999999999996336 ) ) ;
#1357 = VERTEX_POINT ( 'NONE', #1064 ) ;
#1358 = EDGE_LOOP ( 'NONE', ( #3764, #3156, #2666, #757 ) ) ;
#1359 = CARTESIAN_POINT ( 'NONE',  ( -0.7245675076526090219, -9.470881546860042022, -3.211624214614701600 ) ) ;
#1360 = DIRECTION ( 'NONE',  ( 0.000000000000000000, 0.000000000000000000, 1.000000000000000000 ) ) ;
#1361 = DIRECTION ( 'NONE',  ( 0.000000000000000000, 0.000000000000000000, 1.000000000000000000 ) ) ;
#1362 = AXIS2_PLACEMENT_3D ( 'NONE', #2813, #1870, #164 ) ;
#1363 = EDGE_CURVE ( 'NONE', #1200, #1056, #2569, .T. ) ;
#1364 = CARTESIAN_POINT ( 'NONE',  ( -3.650000000000000355, -0.3499999999999999778, -0.4091166305337837206 ) ) ;
#1365 = VECTOR ( 'NONE', #1932, 1000.000000000000000 ) ;
#1366 = VECTOR ( 'NONE', #3748, 1000.000000000000000 ) ;
#1367 = CARTESIAN_POINT ( 'NONE',  ( -4.050000000000000711, -1.147487373415291723, 0.05251262658470919747 ) ) ;
#1368 = VERTEX_POINT ( 'NONE', #2473 ) ;
#1369 = CARTESIAN_POINT ( 'NONE',  ( -0.5570172842449165884, -0.9055607778415255549, 1.246503738340354328 ) ) ;
#1371 = EDGE_CURVE ( 'NONE', #2111, #1108, #2434, .T. ) ;
#1370 = CIRCLE ( 'NONE', #1074, 1.000000000000000000 ) ;
#1372 = CARTESIAN_POINT ( 'NONE',  ( 1.103325921457201764, -1.010725296859504851, -2.512953723170227693 ) ) ;
#1373 = CARTESIAN_POINT ( 'NONE',  ( 1.764807330094582349, -0.6158372031404356628, -0.2374009930917396205 ) ) ;
#1374 = CARTESIAN_POINT ( 'NONE',  ( 4.050000000000000711, -0.3550252531694166325, 1.057106781186548217 ) ) ;
#1375 = DIRECTION ( 'NONE',  ( 0.000000000000000000, 9.349008135309623345E-17, -1.000000000000000000 ) ) ;
#1376 = ORIENTED_EDGE ( 'NONE', *, *, #25, .F. ) ;
#1377 =( LENGTH_UNIT ( ) NAMED_UNIT ( * ) SI_UNIT ( .MILLI., .METRE. ) );
#1378 = FACE_OUTER_BOUND ( 'NONE', #2393, .T. ) ;
#1379 = CARTESIAN_POINT ( 'NONE',  ( 5.000000000000000000, -0.1464466094067266300, 1.053553390593274353 ) ) ;
#1380 = ORIENTED_EDGE ( 'NONE', *, *, #1953, .F. ) ;
#1381 = EDGE_CURVE ( 'NONE', #369, #3604, #1054, .T. ) ;
#1382 = CARTESIAN_POINT ( 'NONE',  ( -2.304971188240099611, -0.4025559531406727731, -2.101565414153070410 ) ) ;
#1383 = VECTOR ( 'NONE', #1060, 1000.000000000000000 ) ;
#1384 = CARTESIAN_POINT ( 'NONE',  ( -0.8837373320401662458, -0.3583389974468201289, -1.383737332040162027 ) ) ;
#1385 = CARTESIAN_POINT ( 'NONE',  ( 0.5701776671924790874, -1.147292387121969570, -2.211772667172086315 ) ) ;
#1386 = ORIENTED_EDGE ( 'NONE', *, *, #2994, .T. ) ;
#1387 = AXIS2_PLACEMENT_3D ( 'NONE', #3342, #491, #132 ) ;
#1388 = CARTESIAN_POINT ( 'NONE',  ( -3.905112374409769771, -0.4525126265847082552, 1.154594154601840117 ) ) ;
#1389 = FACE_OUTER_BOUND ( 'NONE', #3307, .T. ) ;
#1390 = PRODUCT ( 'Bat neg', 'Bat neg', '', ( #2618 ) ) ;
#1391 = CARTESIAN_POINT ( 'NONE',  ( 0.5483624264412180205, -4.731298213526391905, -2.677964737751700408 ) ) ;
#1392 = CARTESIAN_POINT ( 'NONE',  ( -1.463330081599926169, -0.4025559531404047098, -1.520866408042396589 ) ) ;
#1393 = CARTESIAN_POINT ( 'NONE',  ( 1.102634949171793499, -0.9558696011316030194, 1.445790413128049234 ) ) ;
#1394 = CARTESIAN_POINT ( 'NONE',  ( 4.352016966698891487, -0.01045163128826535545, -0.6689262225028715925 ) ) ;
#1395 = ORIENTED_EDGE ( 'NONE', *, *, #1426, .F. ) ;
#1396 = EDGE_LOOP ( 'NONE', ( #3791, #2799, #1102, #2484 ) ) ;
#1397 = CARTESIAN_POINT ( 'NONE',  ( -4.010472906348880429, -0.3500580997162137664, -0.8912247410340320419 ) ) ;
#1398 = CARTESIAN_POINT ( 'NONE',  ( 0.000000000000000000, 0.000000000000000000, -0.4999999999999989453 ) ) ;
#1399 = ORIENTED_EDGE ( 'NONE', *, *, #2862, .T. ) ;
#1400 = VERTEX_POINT ( 'NONE', #2837 ) ;
#1401 = CARTESIAN_POINT ( 'NONE',  ( -1.772545946372049874, -7.195881546859354216, -2.597493629464172837 ) ) ;
#1402 = FACE_OUTER_BOUND ( 'NONE', #876, .T. ) ;
#1403 = CARTESIAN_POINT ( 'NONE',  ( 3.650000000000000355, -0.5500000000000000444, 0.8621320343559647492 ) ) ;
#1404 = EDGE_LOOP ( 'NONE', ( #879, #3542, #922, #1441 ) ) ;
#1405 = ADVANCED_BREP_SHAPE_REPRESENTATION ( 'Bat neg', ( #4264, #2794, #4211, #4196, #4180, #2774, #783 ), #1880 ) ;
#1406 = CARTESIAN_POINT ( 'NONE',  ( 4.050000000000000711, -0.3499999999999999223, 1.552081528017131618 ) ) ;
#1407 = DIRECTION ( 'NONE',  ( 0.000000000000000000, 0.000000000000000000, -1.000000000000000000 ) ) ;
#1408 = CARTESIAN_POINT ( 'NONE',  ( -1.251110879154968769, -6.342756546859464883, 1.365195249211618389 ) ) ;
#1409 = CARTESIAN_POINT ( 'NONE',  ( -1.715699062810353448, -0.8646653281404225178, -0.7130406965074106429 ) ) ;
#1410 = EDGE_CURVE ( 'NONE', #386, #1684, #4486, .T. ) ;
#1411 = CARTESIAN_POINT ( 'NONE',  ( 0.2679464039125874497, -0.3899568211400268325, 1.059798594225045854 ) ) ;
#1412 = CIRCLE ( 'NONE', #4108, 0.1999999999999999833 ) ;
#1413 = CARTESIAN_POINT ( 'NONE',  ( 4.297673374878810293, -0.05300237300917511052, -0.5212072915635412862 ) ) ;
#1414 = ORIENTED_EDGE ( 'NONE', *, *, #2976, .T. ) ;
#1415 = VERTEX_POINT ( 'NONE', #1474 ) ;
#1416 = EDGE_CURVE ( 'NONE', #1595, #2310, #76, .T. ) ;
#1417 =( NAMED_UNIT ( * ) SI_UNIT ( $, .STERADIAN. ) SOLID_ANGLE_UNIT ( ) );
#1418 = DIRECTION ( 'NONE',  ( -0.000000000000000000, 0.000000000000000000, -1.000000000000000000 ) ) ;
#1419 = CARTESIAN_POINT ( 'NONE',  ( -4.352016966698891487, -0.01045163128826532423, 1.268926222502872569 ) ) ;
#1420 = ORIENTED_EDGE ( 'NONE', *, *, #445, .F. ) ;
#1421 = VERTEX_POINT ( 'NONE', #1430 ) ;
#1422 = CARTESIAN_POINT ( 'NONE',  ( -1.987425218975773511, -5.947868453140428002, 1.395135788438116364 ) ) ;
#1423 = CARTESIAN_POINT ( 'NONE',  ( -4.000000000000000888, -0.3499999999999999778, -4.499999999999999112 ) ) ;
#1424 = DIRECTION ( 'NONE',  ( 0.5582457433392098434, -1.608621180673065394E-14, -0.8296756535198879234 ) ) ;
#1425 = ORIENTED_EDGE ( 'NONE', *, *, #2243, .F. ) ;
#1426 = EDGE_CURVE ( 'NONE', #2989, #2989, #771, .T. ) ;
#1427 = CARTESIAN_POINT ( 'NONE',  ( -0.6323090306501945035, -4.446923213525891150, -2.127176956917656181 ) ) ;
#1428 = AXIS2_PLACEMENT_3D ( 'NONE', #1121, #1459, #2458 ) ;
#1429 = EDGE_CURVE ( 'NONE', #4177, #2956, #842, .T. ) ;
#1430 = CARTESIAN_POINT ( 'NONE',  ( 0.8838834764831864366, -0.3722440000456379017, 0.3838834764831836610 ) ) ;
#1431 = CARTESIAN_POINT ( 'NONE',  ( 4.040071388773289307, 0.000000000000000000, -0.4028434961023020233 ) ) ;
#1432 = CARTESIAN_POINT ( 'NONE',  ( -3.650000000000000355, -0.3499999999999999778, -0.2621320343559634947 ) ) ;
#1433 = ORIENTED_EDGE ( 'NONE', *, *, #4230, .T. ) ;
#1434 = CARTESIAN_POINT ( 'NONE',  ( 2.046352586157278441, -8.049006546860194788, -1.425566228181824879 ) ) ;
#1435 = CARTESIAN_POINT ( 'NONE',  ( -1.192153376984745439, -9.455160119807194619, -2.349012914722618639 ) ) ;
#1436 = DIRECTION ( 'NONE',  ( 0.03030156569551635884, 0.9993464497665540680, -0.01971011048635775212 ) ) ;
#1437 = EDGE_CURVE ( 'NONE', #3205, #2174, #1831, .T. ) ;
#1438 = CARTESIAN_POINT ( 'NONE',  ( -0.4679782559306588374, -1.217045720401882303, 1.291620648796437898 ) ) ;
#1439 =( GEOMETRIC_REPRESENTATION_CONTEXT ( 3 ) GLOBAL_UNCERTAINTY_ASSIGNED_CONTEXT ( ( #2770 ) ) GLOBAL_UNIT_ASSIGNED_CONTEXT ( ( #60, #756, #3941 ) ) REPRESENTATION_CONTEXT ( 'NONE', 'WORKASPACE' ) );
#1440 = ORIENTED_EDGE ( 'NONE', *, *, #1597, .F. ) ;
#1441 = ORIENTED_EDGE ( 'NONE', *, *, #1437, .F. ) ;
#1442 =( BOUNDED_SURFACE ( )  B_SPLINE_SURFACE ( 3, 2, ( 
 ( #1913, #3657, #3017 ),
 ( #4408, #1293, #3745 ),
 ( #3321, #2255, #203 ),
 ( #1610, #3678, #4364 ),
 ( #2322, #1332, #4046 ),
 ( #4070, #295, #2993 ) ),
 .UNSPECIFIED., .F., .F., .F. ) 
 B_SPLINE_SURFACE_WITH_KNOTS ( ( 4, 2, 4 ),
 ( 3, 3 ),
 ( -0.0002776991048504748858, -6.946082652408141090E-05, 0.0001387774518023120640 ),
 ( 0.000000000000000000, 1.000000000000000000 ),
 .UNSPECIFIED. ) 
 GEOMETRIC_REPRESENTATION_ITEM ( )  RATIONAL_B_SPLINE_SURFACE ( (
 ( 1.000000000000000000, 1.000000000000000000, 1.000000000000000000),
 ( 1.000000000000000000, 1.000323156068961383, 1.000000000000000000),
 ( 1.000000000000000000, 0.9838136884512257430, 1.000000000000000000),
 ( 1.000000000000000000, 0.9317572762373397266, 1.000000000000000000),
 ( 1.000000000000000000, 0.8965982280606689114, 1.000000000000000000),
 ( 1.000000000000000000, 0.8623911140185940294, 1.000000000000000000) ) ) 
 REPRESENTATION_ITEM ( '' )  SURFACE ( )  );
#1443 = SURFACE_STYLE_FILL_AREA ( #3146 ) ;
#1444 = CARTESIAN_POINT ( 'NONE',  ( 4.200000000000000178, -0.2000000000000000389, 0.7171572875253813262 ) ) ;
#1445 = CARTESIAN_POINT ( 'NONE',  ( 5.000000000000000000, 0.000000000000000000, -0.8071067811865469954 ) ) ;
#1446 = CARTESIAN_POINT ( 'NONE',  ( 1.567243781333166330, -1.108232389118456007, 0.1249429082511894912 ) ) ;
#1447 = ADVANCED_FACE ( 'NONE', ( #2452 ), #818, .T. ) ;
#1448 = ORIENTED_EDGE ( 'NONE', *, *, #1363, .F. ) ;
#1449 = CARTESIAN_POINT ( 'NONE',  ( -0.8070905542755586470, -8.507243453140612033, 2.221118720390855561 ) ) ;
#1450 = CARTESIAN_POINT ( 'NONE',  ( -0.8837373320401794574, -0.3442576640994877701, -1.383737332040175128 ) ) ;
#1451 = DIRECTION ( 'NONE',  ( 0.000000000000000000, -0.7071067811865474617, 0.7071067811865476838 ) ) ;
#1452 = ORIENTED_EDGE ( 'NONE', *, *, #2708, .F. ) ;
#1453 = CARTESIAN_POINT ( 'NONE',  ( -4.050000000000000711, -0.6525126265847087659, 0.7596194077712559167 ) ) ;
#1454 = FACE_OUTER_BOUND ( 'NONE', #2878, .T. ) ;
#1455 = MECHANICAL_DESIGN_GEOMETRIC_PRESENTATION_REPRESENTATION (  '', ( #1090 ), #3281 ) ;
#1456 = CARTESIAN_POINT ( 'NONE',  ( -4.200000000000000178, -0.005025253169416502019, 0.9121320343559651267 ) ) ;
#1457 = CARTESIAN_POINT ( 'NONE',  ( -2.009163420293443636, -7.006298213526393148, -1.503740056079296172 ) ) ;
#1458 = CARTESIAN_POINT ( 'NONE',  ( -1.461080729628636776, -8.910108036473753046, -1.405833493929688816 ) ) ;
#1459 = DIRECTION ( 'NONE',  ( -0.5582457433391979640, -8.995361460046018625E-16, -0.8296756535198959170 ) ) ;
#1460 = LINE ( 'NONE', #3870, #3158 ) ;
#1461 = EDGE_LOOP ( 'NONE', ( #296, #2610, #855, #410, #409, #1386 ) ) ;
#1462 = ORIENTED_EDGE ( 'NONE', *, *, #4119, .T. ) ;
#1463 = CIRCLE ( 'NONE', #3789, 1.000000000000000000 ) ;
#1464 = DIRECTION ( 'NONE',  ( 0.000000000000000000, -1.301042606982605321E-16, 1.000000000000000000 ) ) ;
#1465 = FACE_OUTER_BOUND ( 'NONE', #2180, .T. ) ;
#1466 = DIRECTION ( 'NONE',  ( 0.000000000000000000, 0.7071067811865474617, 0.7071067811865476838 ) ) ;
#1467 = CARTESIAN_POINT ( 'NONE',  ( -3.650000000000000355, -0.3499999999999999778, -0.2621320343559638277 ) ) ;
#1468 = EDGE_LOOP ( 'NONE', ( #2836, #693, #610, #1808 ) ) ;
#1469 = VERTEX_POINT ( 'NONE', #122 ) ;
#1470 = CARTESIAN_POINT ( 'NONE',  ( 1.348919277061639388, -8.222868453140645073, 1.926399332817259058 ) ) ;
#1471 = CARTESIAN_POINT ( 'NONE',  ( 0.8838834764831864366, -0.3300000000000000155, 0.3838834764831836610 ) ) ;
#1472 = CARTESIAN_POINT ( 'NONE',  ( 0.8838834764831864366, -0.3300000000000000155, 0.3838834764831836610 ) ) ;
#1473 = ADVANCED_FACE ( 'NONE', ( #1088 ), #4231, .F. ) ;
#1474 = CARTESIAN_POINT ( 'NONE',  ( 0.8838834764831866586, -0.3722440000456802012, -1.383883476483181330 ) ) ;
#1475 = LINE ( 'NONE', #3954, #3019 ) ;
#1476 = ORIENTED_EDGE ( 'NONE', *, *, #3104, .T. ) ;
#1477 = EDGE_LOOP ( 'NONE', ( #3135, #3928, #4007 ) ) ;
#1478 = B_SPLINE_CURVE_WITH_KNOTS ( 'NONE', 3,
 ( #4333, #1954, #827, #2594 ),
 .UNSPECIFIED., .F., .F.,
 ( 4, 4 ),
 ( 2.001433952379945507E-07, 0.0002402417558374368614 ),
 .UNSPECIFIED. ) ;
#1479 = CARTESIAN_POINT ( 'NONE',  ( 1.861933445919026653, -9.565673213527098540, -1.842577604295575266 ) ) ;
#1480 = CARTESIAN_POINT ( 'NONE',  ( -1.727742806668645770, -6.232243453140158707, -0.2501513390642231549 ) ) ;
#1481 = CARTESIAN_POINT ( 'NONE',  ( 4.200000000000000178, -0.1928932188134528380, 0.3000000000000007105 ) ) ;
#1482 = ORIENTED_EDGE ( 'NONE', *, *, #2827, .T. ) ;
#1483 = EDGE_CURVE ( 'NONE', #2778, #1989, #439, .T. ) ;
#1484 = ORIENTED_EDGE ( 'NONE', *, *, #3646, .T. ) ;
#1485 = CARTESIAN_POINT ( 'NONE',  ( -3.850000000000000533, -0.5500000000000003775, 0.8621320343559636390 ) ) ;
#1486 = AXIS2_PLACEMENT_3D ( 'NONE', #4085, #534, #196 ) ;
#1487 = EDGE_CURVE ( 'NONE', #2135, #3750, #4047, .T. ) ;
#1488 = LINE ( 'NONE', #2875, #1820 ) ;
#1489 = FACE_OUTER_BOUND ( 'NONE', #2815, .T. ) ;
#1490 = CARTESIAN_POINT ( 'NONE',  ( 4.220122051941597618, -0.1285142747134203900, 0.9316144635905182492 ) ) ;
#1491 = AXIS2_PLACEMENT_3D ( 'NONE', #1496, #3232, #1851 ) ;
#1492 = ORIENTED_EDGE ( 'NONE', *, *, #1570, .T. ) ;
#1493 = CARTESIAN_POINT ( 'NONE',  ( -1.546411330980776322, -5.853076786474230353, 1.769363490729080279 ) ) ;
#1494 = DIRECTION ( 'NONE',  ( 0.000000000000000000, 0.000000000000000000, 1.000000000000000000 ) ) ;
#1495 = VECTOR ( 'NONE', #3885, 1000.000000000000000 ) ;
#1496 = CARTESIAN_POINT ( 'NONE',  ( 5.000000000000000000, -0.3499999999999999778, -4.499999999999999112 ) ) ;
#1497 = EDGE_CURVE ( 'NONE', #448, #2563, #1809, .T. ) ;
#1498 = CARTESIAN_POINT ( 'NONE',  ( -3.650000000000000355, -0.5500000000000000444, 0.000000000000000000 ) ) ;
#1499 = CARTESIAN_POINT ( 'NONE',  ( 4.000000000000000888, -0.2000000000000000389, 0.7171572875253813262 ) ) ;
#1500 = ORIENTED_EDGE ( 'NONE', *, *, #4251, .T. ) ;
#1501 = CARTESIAN_POINT ( 'NONE',  ( 2.113630819749016343, -1.152912796859564271, 1.346745437854393268 ) ) ;
#1502 = CARTESIAN_POINT ( 'NONE',  ( -1.745302024399600471, -3.388493453140402512, -0.4620473585528711569 ) ) ;
#1503 = CARTESIAN_POINT ( 'NONE',  ( -4.400000000000000355, -0.5464466094067268465, 0.6535533905932739973 ) ) ;
#1504 = DIRECTION ( 'NONE',  ( -1.000000000000000000, 0.000000000000000000, 0.000000000000000000 ) ) ;
#1505 = EDGE_CURVE ( 'NONE', #1101, #655, #954, .T. ) ;
#1506 = AXIS2_PLACEMENT_3D ( 'NONE', #3390, #2946, #875 ) ;
#1507 = LINE ( 'NONE', #2363, #2439 ) ;
#1508 = CARTESIAN_POINT ( 'NONE',  ( -4.255112374409768528, -0.1025126265847083884, 1.009619407771256139 ) ) ;
#1509 = PLANE ( 'NONE',  #19 ) ;
#1510 = FACE_OUTER_BOUND ( 'NONE', #3467, .T. ) ;
#1511 = DIRECTION ( 'NONE',  ( -0.000000000000000000, -1.000000000000000000, -0.000000000000000000 ) ) ;
#1512 = ORIENTED_EDGE ( 'NONE', *, *, #2564, .T. ) ;
#1513 = CARTESIAN_POINT ( 'NONE',  ( -1.253141117308468999, -6.437548213526136820, 0.7153834372232921179 ) ) ;
#1514 = CARTESIAN_POINT ( 'NONE',  ( 1.864374324298189611, -8.128076786474361271, 1.522508624454912862 ) ) ;
#1515 = CARTESIAN_POINT ( 'NONE',  ( -0.3500000000000094702, -1.193268229768556843, -2.792835259260795233 ) ) ;
#1516 = FACE_OUTER_BOUND ( 'NONE', #1173, .T. ) ;
#1517 = CARTESIAN_POINT ( 'NONE',  ( 2.168404344971008868E-16, -0.3499999999999999778, 10.00000000000000000 ) ) ;
#1518 = CARTESIAN_POINT ( 'NONE',  ( 2.292835259260797898, -1.193268229768540412, -0.1499999999999996336 ) ) ;
#1519 = CARTESIAN_POINT ( 'NONE',  ( 2.621748518481919810, -5.205256546859842182, -1.317210721588512934 ) ) ;
#1520 = CARTESIAN_POINT ( 'NONE',  ( -0.4459834879662396556, -8.981201786473814508, -2.227600034512663640 ) ) ;
#1521 = CARTESIAN_POINT ( 'NONE',  ( -4.040071388773293748, -5.421010862427522170E-17, 1.002843496102296283 ) ) ;
#1522 = CIRCLE ( 'NONE', #3642, 0.2000000000000003719 ) ;
#1523 = DIRECTION ( 'NONE',  ( -5.689956038473477570E-17, -0.7071067811865473507, 0.7071067811865477948 ) ) ;
#1524 = ORIENTED_EDGE ( 'NONE', *, *, #2848, .T. ) ;
#1525 = AXIS2_PLACEMENT_3D ( 'NONE', #176, #561, #872 ) ;
#1526 = CARTESIAN_POINT ( 'NONE',  ( -4.000000000000000888, 0.000000000000000000, 0.7171572875253815482 ) ) ;
#1527 = DIRECTION ( 'NONE',  ( 1.000000000000000000, 0.000000000000000000, -0.000000000000000000 ) ) ;
#1528 = CARTESIAN_POINT ( 'NONE',  ( 0.3532173612614541991, -0.9533984102466803723, 1.784344442285129340 ) ) ;
#1529 = CARTESIAN_POINT ( 'NONE',  ( 3.850000000000000533, -0.5140364940634787327, 0.9700225521656292704 ) ) ;
#1530 = CARTESIAN_POINT ( 'NONE',  ( -4.000000000000000000, -0.3499999999999999778, 3.500000000000000444 ) ) ;
#1531 = ORIENTED_EDGE ( 'NONE', *, *, #1363, .T. ) ;
#1532 = CARTESIAN_POINT ( 'NONE',  ( -3.905112374409769327, -0.4525126265847083107, -0.5545941546018386958 ) ) ;
#1533 = CIRCLE ( 'NONE', #1104, 0.2000000000000000666 ) ;
#1534 = ORIENTED_EDGE ( 'NONE', *, *, #3578, .T. ) ;
#1535 = CARTESIAN_POINT ( 'NONE',  ( 1.738164833472171544, -5.300048213525893281, -0.6621806740849692785 ) ) ;
#1536 = CARTESIAN_POINT ( 'NONE',  ( -0.6971904863900533211, -2.819743453140292733, 1.634984115938674654 ) ) ;
#1537 = CARTESIAN_POINT ( 'NONE',  ( 1.301290717040100464, -0.3334786804920450431, -1.225718497793522266 ) ) ;
#1538 = CARTESIAN_POINT ( 'NONE',  ( -1.301290717040100242, -0.3334786804920450431, -1.225718497793522710 ) ) ;
#1539 = CARTESIAN_POINT ( 'NONE',  ( 0.8838834764831866586, -0.3440813333485600589, -1.383883476483181107 ) ) ;
#1540 = EDGE_CURVE ( 'NONE', #2741, #4153, #483, .T. ) ;
#1541 = VERTEX_POINT ( 'NONE', #1279 ) ;
#1542 = CARTESIAN_POINT ( 'NONE',  ( -5.000000000000000000, -0.3500000000000000333, -0.9520815280171303074 ) ) ;
#1543 = CARTESIAN_POINT ( 'NONE',  ( -3.650000000000000355, -0.3499999999999999778, 1.009116630533784864 ) ) ;
#1544 = CARTESIAN_POINT ( 'NONE',  ( 2.611913443534831458, -5.489631546859476074, 0.3481195794954042855 ) ) ;
#1545 = CARTESIAN_POINT ( 'NONE',  ( -0.3381230147063221114, -5.663493453140159950, 1.212656528989721760 ) ) ;
#1546 = CARTESIAN_POINT ( 'NONE',  ( -4.347284718555727956, -0.01308865744991188212, -0.6556314036178311211 ) ) ;
#1547 = CARTESIAN_POINT ( 'NONE',  ( -1.129799452363559942, -1.217045720401881637, -1.629799452363531964 ) ) ;
#1548 = CARTESIAN_POINT ( 'NONE',  ( 4.500000000000000888, -0.7939339828220179918, 0.9010407640085656977 ) ) ;
#1549 = SURFACE_STYLE_FILL_AREA ( #175 ) ;
#1550 = CARTESIAN_POINT ( 'NONE',  ( -0.4068491067237797187, -9.265576786474296611, 1.759155723924609172 ) ) ;
#1551 = EDGE_CURVE ( 'NONE', #4503, #4117, #3027, .T. ) ;
#1552 = CARTESIAN_POINT ( 'NONE',  ( -3.817879776963398530, -0.3500000000000533795, 1.089886871192967455 ) ) ;
#1553 = EDGE_CURVE ( 'NONE', #2823, #158, #2214, .T. ) ;
#1554 = CARTESIAN_POINT ( 'NONE',  ( 3.905112374409769771, -0.4525126265847083662, 1.154594154601839451 ) ) ;
#1555 = CARTESIAN_POINT ( 'NONE',  ( 2.421148995975114016, -0.9533984102466799282, -0.08407916401641765680 ) ) ;
#1556 = ORIENTED_EDGE ( 'NONE', *, *, #3539, .F. ) ;
#1557 = CARTESIAN_POINT ( 'NONE',  ( 5.000000000000000000, -0.4964466094067262469, -0.5985281374238565766 ) ) ;
#1558 = ORIENTED_EDGE ( 'NONE', *, *, #2362, .F. ) ;
#1559 = VECTOR ( 'NONE', #4374, 1000.000000000000000 ) ;
#1560 = CARTESIAN_POINT ( 'NONE',  ( -1.712637361427999716, -0.8685377968593710474, -1.000376312904248666 ) ) ;
#1561 = CARTESIAN_POINT ( 'NONE',  ( -1.216589053026831291, -3.862451786473852344, -2.387893753811106023 ) ) ;
#1562 = CARTESIAN_POINT ( 'NONE',  ( 0.3305225733623432527, -0.9126490637092384839, -2.424073761625907597 ) ) ;
#1563 = CARTESIAN_POINT ( 'NONE',  ( 3.799142275164250293, -0.3499999999999999778, 1.309921386611673899 ) ) ;
#1564 = AXIS2_PLACEMENT_3D ( 'NONE', #3424, #29, #3753 ) ;
#1565 = EDGE_CURVE ( 'NONE', #2871, #2956, #271, .T. ) ;
#1566 = DIRECTION ( 'NONE',  ( -0.8296756535198966942, 0.000000000000000000, -0.5582457433391967427 ) ) ;
#1567 = EDGE_LOOP ( 'NONE', ( #3425, #3572, #3447, #2700, #180 ) ) ;
#1568 = AXIS2_PLACEMENT_3D ( 'NONE', #3304, #840, #1901 ) ;
#1569 = DIRECTION ( 'NONE',  ( 0.000000000000000000, 0.000000000000000000, 1.000000000000000000 ) ) ;
#1570 = EDGE_CURVE ( 'NONE', #1785, #2216, #894, .T. ) ;
#1571 = DIRECTION ( 'NONE',  ( 0.000000000000000000, -0.7071067811865476838, 0.7071067811865471286 ) ) ;
#1572 = EDGE_CURVE ( 'NONE', #3627, #3627, #991, .T. ) ;
#1573 = CARTESIAN_POINT ( 'NONE',  ( -2.638156656585519233, -1.366194046859644295, -1.071801534438491910 ) ) ;
#1574 = CARTESIAN_POINT ( 'NONE',  ( 1.391909163515392178, -0.9292896438123678937, -0.1364279328922448353 ) ) ;
#1575 = EDGE_CURVE ( 'NONE', #1835, #188, #417, .T. ) ;
#1576 = FACE_OUTER_BOUND ( 'NONE', #2585, .T. ) ;
#1577 = EDGE_CURVE ( 'NONE', #4153, #1612, #3534, .T. ) ;
#1578 = CARTESIAN_POINT ( 'NONE',  ( -0.8838834764831866586, -0.3300000000000000155, 0.3838834764831835500 ) ) ;
#1579 = CARTESIAN_POINT ( 'NONE',  ( 4.400000000000000355, -0.5000000000000000000, -0.8071067811865471064 ) ) ;
#1580 = CARTESIAN_POINT ( 'NONE',  ( -2.001017191524451455, -6.516618453140782030, -1.519883301582485524 ) ) ;
#1581 = CIRCLE ( 'NONE', #3758, 1.250000000000000000 ) ;
#1582 = CARTESIAN_POINT ( 'NONE',  ( -4.200000000000000178, -0.4050252531694172320, 0.5121320343559644384 ) ) ;
#1583 = PRODUCT_DEFINITION_FORMATION_WITH_SPECIFIED_SOURCE ( 'ANY', '', #1390, .NOT_KNOWN. ) ;
#1584 = ORIENTED_EDGE ( 'NONE', *, *, #1597, .T. ) ;
#1585 = CARTESIAN_POINT ( 'NONE',  ( -3.944591976797983346, -0.3499999999999999778, -0.8607939807179428859 ) ) ;
#1586 = ORIENTED_EDGE ( 'NONE', *, *, #306, .F. ) ;
#1587 = CARTESIAN_POINT ( 'NONE',  ( -0.3315509567769516219, -1.650569046859307276, -2.190378571873018654 ) ) ;
#1588 = CARTESIAN_POINT ( 'NONE',  ( -2.197362638558214343, -0.3788580364738935446, -1.164009242402953337 ) ) ;
#1589 = AXIS2_PLACEMENT_3D ( 'NONE', #118, #2142, #3931 ) ;
#1590 = CARTESIAN_POINT ( 'NONE',  ( 0.7617127707350960231, -0.6805721227388388250, -1.844174160239347993 ) ) ;
#1591 = B_SPLINE_CURVE_WITH_KNOTS ( 'NONE', 3,
 ( #436, #2582, #1869, #3973 ),
 .UNSPECIFIED., .F., .F.,
 ( 4, 4 ),
 ( 2.128409395618181875E-05, 0.0004676662902130041184 ),
 .UNSPECIFIED. ) ;
#1592 = CARTESIAN_POINT ( 'NONE',  ( -5.000000000000000000, -0.1464466094067266300, 1.053553390593274353 ) ) ;
#1593 = CARTESIAN_POINT ( 'NONE',  ( 4.050000000000000711, -0.3500000000000000333, -0.9520815280171303074 ) ) ;
#1594 = CIRCLE ( 'NONE', #3983, 0.2000000000000002887 ) ;
#1595 = VERTEX_POINT ( 'NONE', #189 ) ;
#1596 =( BOUNDED_SURFACE ( )  B_SPLINE_SURFACE ( 3, 2, ( 
 ( #1996, #1238, #2616 ),
 ( #4014, #893, #2269 ),
 ( #288, #1649, #2938 ),
 ( #4379, #3009, #3671 ),
 ( #4427, #1310, #1213 ),
 ( #2683, #3696, #558 ) ),
 .UNSPECIFIED., .F., .F., .F. ) 
 B_SPLINE_SURFACE_WITH_KNOTS ( ( 4, 2, 4 ),
 ( 3, 3 ),
 ( -0.0001390270619396870311, 7.002991833547645968E-05, 0.0002790868986106399504 ),
 ( 0.000000000000000000, 1.000000000000000000 ),
 .UNSPECIFIED. ) 
 GEOMETRIC_REPRESENTATION_ITEM ( )  RATIONAL_B_SPLINE_SURFACE ( (
 ( 1.000000000000000000, 0.8623911140185874791, 1.000000000000000000),
 ( 1.000000000000000000, 0.8968194724329853207, 1.000000000000000000),
 ( 1.000000000000000000, 0.9318866080662787654, 1.000000000000000000),
 ( 1.000000000000000000, 0.9838461352043249564, 1.000000000000000000),
 ( 1.000000000000000000, 1.000319005955222940, 1.000000000000000000),
 ( 1.000000000000000000, 1.000000000000000000, 1.000000000000000000) ) ) 
 REPRESENTATION_ITEM ( '' )  SURFACE ( )  );
#1597 = EDGE_CURVE ( 'NONE', #2741, #386, #505, .T. ) ;
#1598 = CARTESIAN_POINT ( 'NONE',  ( -0.8838834764831866586, -0.3300000000000000155, 0.3838834764831835500 ) ) ;
#1599 = DIRECTION ( 'NONE',  ( -0.000000000000000000, -1.000000000000000000, -0.000000000000000000 ) ) ;
#1600 = EDGE_CURVE ( 'NONE', #2563, #1368, #195, .T. ) ;
#1601 = CARTESIAN_POINT ( 'NONE',  ( 1.361703222190038920, -2.930256546859374200, 1.884777346487432892 ) ) ;
#1602 = CARTESIAN_POINT ( 'NONE',  ( -4.110224748819535812, 0.000000000000000000, -0.5071067811865430652 ) ) ;
#1603 = EDGE_CURVE ( 'NONE', #1639, #1271, #3980, .T. ) ;
#1604 = CARTESIAN_POINT ( 'NONE',  ( 5.000000000000000000, -0.3499999999999999778, 4.500000000000000888 ) ) ;
#1605 = DIRECTION ( 'NONE',  ( 0.000000000000000000, 0.000000000000000000, 1.000000000000000000 ) ) ;
#1606 = VERTEX_POINT ( 'NONE', #4429 ) ;
#1607 = PLANE ( 'NONE',  #4450 ) ;
#1608 = CARTESIAN_POINT ( 'NONE',  ( -0.7941893032009813558, -3.957243453140780964, -2.600832001922847247 ) ) ;
#1609 = CARTESIAN_POINT ( 'NONE',  ( 2.011026462869359044, -0.9533984102466799282, -1.639633538000094148 ) ) ;
#1610 = CARTESIAN_POINT ( 'NONE',  ( 3.845346794135275470, -0.3499999999999999778, -0.7623939740578464797 ) ) ;
#1611 = AXIS2_PLACEMENT_3D ( 'NONE', #4076, #952, #2330 ) ;
#1612 = VERTEX_POINT ( 'NONE', #3282 ) ;
#1613 = DIRECTION ( 'NONE',  ( -0.000000000000000000, 1.000000000000000000, 1.230255323012501829E-16 ) ) ;
#1614 = CARTESIAN_POINT ( 'NONE',  ( 2.131010103765021757, -4.999951786473851634, 0.2092444481796673916 ) ) ;
#1615 = CARTESIAN_POINT ( 'NONE',  ( 3.944674486157568438, -0.3499999999999999778, -0.8608654371103209302 ) ) ;
#1616 = CARTESIAN_POINT ( 'NONE',  ( -1.945777625998947435, -0.9558696011316026864, -1.602657513971588621 ) ) ;
#1617 = LINE ( 'NONE', #3616, #3124 ) ;
#1618 = ORIENTED_EDGE ( 'NONE', *, *, #2076, .T. ) ;
#1619 = CARTESIAN_POINT ( 'NONE',  ( -0.8838834764831866586, -0.3581626666970935124, 0.3838834764831834945 ) ) ;
#1620 = CARTESIAN_POINT ( 'NONE',  ( -3.760224748819538831, -0.3499999999999999778, 1.252081528017132017 ) ) ;
#1621 = ADVANCED_FACE ( 'NONE', ( #1234 ), #4012, .T. ) ;
#1622 = CARTESIAN_POINT ( 'NONE',  ( -2.829056414500563665, -9.328694046859876465, -0.6545812854855849183 ) ) ;
#1623 = LINE ( 'NONE', #4399, #2874 ) ;
#1624 = ORIENTED_EDGE ( 'NONE', *, *, #309, .T. ) ;
#1625 = CARTESIAN_POINT ( 'NONE',  ( 0.000000000000000000, -0.5000000000000000000, -0.8071067811865471064 ) ) ;
#1626 = CARTESIAN_POINT ( 'NONE',  ( 3.850000000000000533, -0.1928932188134528380, 0.3000000000000007105 ) ) ;
#1627 = CARTESIAN_POINT ( 'NONE',  ( 1.671932619002617582, -1.034423213526193708, -2.072880191909341807 ) ) ;
#1628 = FACE_OUTER_BOUND ( 'NONE', #17, .T. ) ;
#1629 = CARTESIAN_POINT ( 'NONE',  ( 1.559801996394486912, -0.3899568211400267215, -0.2320469944692631903 ) ) ;
#1630 = FACE_OUTER_BOUND ( 'NONE', #2489, .T. ) ;
#1631 = EDGE_CURVE ( 'NONE', #3291, #3291, #3071, .T. ) ;
#1632 = ORIENTED_EDGE ( 'NONE', *, *, #3861, .T. ) ;
#1633 = CARTESIAN_POINT ( 'NONE',  ( -4.400000000000000355, -0.7585786437626904632, 0.4414213562373102695 ) ) ;
#1634 = EDGE_CURVE ( 'NONE', #3217, #4117, #3016, .T. ) ;
#1635 = CARTESIAN_POINT ( 'NONE',  ( 1.119496455131164359, -0.5210455364738498796, -2.504005605664155532 ) ) ;
#1636 = CARTESIAN_POINT ( 'NONE',  ( -0.7617127707350953569, -0.6805721227388388250, -1.844174160239348437 ) ) ;
#1637 = CARTESIAN_POINT ( 'NONE',  ( -2.174805193072333775, -0.9526598926696986380, -0.1263977163289877470 ) ) ;
#1638 = ORIENTED_EDGE ( 'NONE', *, *, #489, .F. ) ;
#1639 = VERTEX_POINT ( 'NONE', #1853 ) ;
#1640 = EDGE_CURVE ( 'NONE', #3474, #3090, #4227, .T. ) ;
#1641 = DIRECTION ( 'NONE',  ( 0.000000000000000000, -1.000000000000000000, -1.230255323012501829E-16 ) ) ;
#1642 = CIRCLE ( 'NONE', #3236, 0.5000000000000000000 ) ;
#1643 = DIRECTION ( 'NONE',  ( -0.9351177499291636330, 0.000000000000000000, 0.3543371188111936743 ) ) ;
#1644 = CARTESIAN_POINT ( 'NONE',  ( 1.389775197786496941, -7.764631546859352085, -2.868527719335253412 ) ) ;
#1645 = CARTESIAN_POINT ( 'NONE',  ( -4.026052191228994381, -0.3499999999999999223, 1.482950842581489681 ) ) ;
#1646 = ORIENTED_EDGE ( 'NONE', *, *, #972, .T. ) ;
#1647 = ORIENTED_EDGE ( 'NONE', *, *, #2213, .T. ) ;
#1648 = AXIS2_PLACEMENT_3D ( 'NONE', #3953, #529, #3666 ) ;
#1649 = CARTESIAN_POINT ( 'NONE',  ( 4.252608057705175248, 2.859067805745959230E-15, 1.161216606757424774 ) ) ;
#1650 = CARTESIAN_POINT ( 'NONE',  ( -3.850000000000000089, -0.5132538509555449879, 0.9723704814893296966 ) ) ;
#1651 = FILL_AREA_STYLE_COLOUR ( '', #4294 ) ;
#1652 = CARTESIAN_POINT ( 'NONE',  ( -0.1776666029577939898, -0.9633294635261065997, -2.788612103170673429 ) ) ;
#1653 = CARTESIAN_POINT ( 'NONE',  ( 1.935194027968476727, -5.094743453140536005, 0.6398490355026958953 ) ) ;
#1654 = CARTESIAN_POINT ( 'NONE',  ( 1.428558229604754759, -0.8164895339169103705, -1.309553180678049156 ) ) ;
#1655 = VERTEX_POINT ( 'NONE', #281 ) ;
#1656 = DIRECTION ( 'NONE',  ( 0.000000000000000000, -0.7071067811865474617, -0.7071067811865476838 ) ) ;
#1657 = ORIENTED_EDGE ( 'NONE', *, *, #3165, .F. ) ;
#1658 = CARTESIAN_POINT ( 'NONE',  ( -0.8837373320401800125, -0.3442576640994697845, 0.3837373320401770704 ) ) ;
#1659 = AXIS2_PLACEMENT_3D ( 'NONE', #4190, #1071, #3602 ) ;
#1660 = CARTESIAN_POINT ( 'NONE',  ( 1.872682194497954145, -9.075993453141487421, -1.827543663688039111 ) ) ;
#1661 = CARTESIAN_POINT ( 'NONE',  ( -0.2693186974585822235, -0.5120279155650502290, -2.067787137876506698 ) ) ;
#1662 = CARTESIAN_POINT ( 'NONE',  ( 0.3532173612614539215, -0.9533984102466799282, -2.784344442285127563 ) ) ;
#1663 = ORIENTED_EDGE ( 'NONE', *, *, #4230, .F. ) ;
#1664 = ORIENTED_EDGE ( 'NONE', *, *, #3434, .T. ) ;
#1665 = FACE_OUTER_BOUND ( 'NONE', #1300, .T. ) ;
#1666 = VECTOR ( 'NONE', #4384, 1000.000000000000000 ) ;
#1667 = CARTESIAN_POINT ( 'NONE',  ( 3.760224748819538831, -0.5500000000000000444, 1.252081528017132017 ) ) ;
#1668 = ORIENTED_EDGE ( 'NONE', *, *, #3118, .T. ) ;
#1669 = CIRCLE ( 'NONE', #3420, 1.499999999999999556 ) ;
#1670 = CARTESIAN_POINT ( 'NONE',  ( -3.905112374409769771, -0.4525126265847082552, 1.154594154601840117 ) ) ;
#1671 = FACE_OUTER_BOUND ( 'NONE', #3681, .T. ) ;
#1672 = CARTESIAN_POINT ( 'NONE',  ( -4.352018369415369570, -0.01045078286635036172, -0.6689301351961181030 ) ) ;
#1673 = CARTESIAN_POINT ( 'NONE',  ( 0.8806277042625565432, -7.764631546859084743, -2.007320273150925871 ) ) ;
#1674 = CARTESIAN_POINT ( 'NONE',  ( -2.184776435921850890, -3.293701786473851811, 0.02056092310419695493 ) ) ;
#1675 = DIRECTION ( 'NONE',  ( 1.000000000000000000, -0.000000000000000000, 0.000000000000000000 ) ) ;
#1676 = CARTESIAN_POINT ( 'NONE',  ( -4.500000000000000888, -0.8500000000000000888, -0.9520815280171303074 ) ) ;
#1677 = EDGE_LOOP ( 'NONE', ( #3072, #3744, #2682, #543, #2044, #3223, #3850, #1141, #1951, #381, #3250, #527, #1339, #2653, #3177, #339, #3178, #1166, #2978, #1061, #2002, #258, #999, #4035, #1812, #3942, #3129, #39, #3656, #2257, #925 ) ) ;
#1678 = CARTESIAN_POINT ( 'NONE',  ( -1.301290717040100020, -0.3334786804920451542, 0.2257184977935250692 ) ) ;
#1679 = CARTESIAN_POINT ( 'NONE',  ( -2.170246714084798523, -6.421826786474094995, -1.078153050348891862 ) ) ;
#1680 = FACE_OUTER_BOUND ( 'NONE', #3877, .T. ) ;
#1681 = CIRCLE ( 'NONE', #308, 2.311491301150722322 ) ;
#1682 = DIRECTION ( 'NONE',  ( 1.000000000000000000, -0.000000000000000000, -0.000000000000000000 ) ) ;
#1683 = ORIENTED_EDGE ( 'NONE', *, *, #4320, .T. ) ;
#1684 = VERTEX_POINT ( 'NONE', #1702 ) ;
#1685 = DIRECTION ( 'NONE',  ( -0.000000000000000000, -1.000000000000000000, -0.000000000000000000 ) ) ;
#1686 = AXIS2_PLACEMENT_3D ( 'NONE', #305, #64, #643 ) ;
#1687 = DIRECTION ( 'NONE',  ( 1.000000000000000000, 0.000000000000000000, 0.000000000000000000 ) ) ;
#1688 = CARTESIAN_POINT ( 'NONE',  ( -3.650000000000000355, -0.5500000000000000444, 0.8621320343559647492 ) ) ;
#1689 = CARTESIAN_POINT ( 'NONE',  ( -2.209749716039298040, -1.354345088526168306, -0.7537571918418700667 ) ) ;
#1690 = CARTESIAN_POINT ( 'NONE',  ( 0.01623679004853298066, -8.412451786473878812, 1.770403511860891399 ) ) ;
#1691 = CARTESIAN_POINT ( 'NONE',  ( -4.166732150407307600, 1.078187711389406554E-16, -0.2169609411083754380 ) ) ;
#1692 =( LENGTH_UNIT ( ) NAMED_UNIT ( * ) SI_UNIT ( .MILLI., .METRE. ) );
#1693 = ORIENTED_EDGE ( 'NONE', *, *, #770, .F. ) ;
#1694 = FILL_AREA_STYLE_COLOUR ( '', #2688 ) ;
#1695 = CARTESIAN_POINT ( 'NONE',  ( 0.1393245033218178386, -9.004899703140788247, -2.791265908479084068 ) ) ;
#1696 = CARTESIAN_POINT ( 'NONE',  ( -4.400000000000000355, -0.5464466094067265134, 0.6535533905932739973 ) ) ;
#1697 = CARTESIAN_POINT ( 'NONE',  ( -1.567243781333171215, -1.108232389118457784, 0.1249429082511871320 ) ) ;
#1698 = B_SPLINE_CURVE_WITH_KNOTS ( 'NONE', 3,
 ( #696, #2046, #1052, #2070 ),
 .UNSPECIFIED., .F., .F.,
 ( 4, 4 ),
 ( 0.000000000000000000, 1.000000000000000000 ),
 .UNSPECIFIED. ) ;
#1699 = ORIENTED_EDGE ( 'NONE', *, *, #3396, .F. ) ;
#1700 = ORIENTED_EDGE ( 'NONE', *, *, #1885, .F. ) ;
#1701 = DIRECTION ( 'NONE',  ( -0.9351177499291654094, 0.000000000000000000, 0.3543371188111895109 ) ) ;
#1702 = CARTESIAN_POINT ( 'NONE',  ( -5.000000000000000000, -0.4964466094067262469, -0.5985281374238565766 ) ) ;
#1703 = EDGE_CURVE ( 'NONE', #3751, #108, #981, .T. ) ;
#1704 = DIRECTION ( 'NONE',  ( 0.000000000000000000, 1.000000000000000000, 0.000000000000000000 ) ) ;
#1705 = CIRCLE ( 'NONE', #1128, 1.250000000000000000 ) ;
#1706 = CARTESIAN_POINT ( 'NONE',  ( -4.500000000000000888, -0.7939339828220181028, -0.3010407640085644987 ) ) ;
#1707 = DIRECTION ( 'NONE',  ( -0.000000000000000000, 1.000000000000000000, 1.230255323012501829E-16 ) ) ;
#1708 = AXIS2_PLACEMENT_3D ( 'NONE', #1760, #120, #1807 ) ;
#1709 = CARTESIAN_POINT ( 'NONE',  ( -1.715187605575664520, -9.281298213525754903, -0.1625636132323860783 ) ) ;
#1710 = CARTESIAN_POINT ( 'NONE',  ( -1.604032831208738408, -8.933805953140378620, -2.022712919729432457 ) ) ;
#1711 = EDGE_CURVE ( 'NONE', #3524, #1308, #1533, .T. ) ;
#1712 = CIRCLE ( 'NONE', #3680, 0.1999999999999996503 ) ;
#1713 = CARTESIAN_POINT ( 'NONE',  ( -4.040071388773292860, -5.421010862427522170E-17, -0.4028434961023064087 ) ) ;
#1714 = ADVANCED_FACE ( 'NONE', ( #2744 ), #3773, .F. ) ;
#1715 = ORIENTED_EDGE ( 'NONE', *, *, #2426, .F. ) ;
#1716 = AXIS2_PLACEMENT_3D ( 'NONE', #3880, #95, #2903 ) ;
#1717 = CARTESIAN_POINT ( 'NONE',  ( -3.845550405924370363, -0.3499999999999999778, -0.7626094680476678267 ) ) ;
#1718 = DIRECTION ( 'NONE',  ( 1.000000000000000000, 0.000000000000000000, -1.239088197126291063E-16 ) ) ;
#1719 = ORIENTED_EDGE ( 'NONE', *, *, #4458, .F. ) ;
#1720 = CARTESIAN_POINT ( 'NONE',  ( 2.803903464702746540, -9.613069046858642608, -0.6266069313239718275 ) ) ;
#1721 = CARTESIAN_POINT ( 'NONE',  ( -2.287176260535758399, -1.033354954157688299, -0.1478556782782286250 ) ) ;
#1722 = DIRECTION ( 'NONE',  ( 0.000000000000000000, 1.000000000000000000, 0.000000000000000000 ) ) ;
#1723 = CIRCLE ( 'NONE', #3905, 0.2000000000000000111 ) ;
#1724 = EDGE_CURVE ( 'NONE', #2000, #3111, #3502, .T. ) ;
#1725 = CARTESIAN_POINT ( 'NONE',  ( -4.010448794511892068, -0.3500581351575072220, 1.491187617917105745 ) ) ;
#1726 = CARTESIAN_POINT ( 'NONE',  ( 1.999999999999999556, 0.000000000000000000, 4.500000000000001776 ) ) ;
#1727 = CARTESIAN_POINT ( 'NONE',  ( -1.069469299118102956, -9.778954463526400076, 1.531144061564284620 ) ) ;
#1728 = CARTESIAN_POINT ( 'NONE',  ( -0.6347121146527927582, -0.7580247031404229174, 1.167526216375218917 ) ) ;
#1729 = ADVANCED_FACE ( 'NONE', ( #1991 ), #2995, .T. ) ;
#1730 = CARTESIAN_POINT ( 'NONE',  ( -1.139610216522391806, -0.9533984102466803723, 1.511039678796330721 ) ) ;
#1731 = FILL_AREA_STYLE ('',( #2088 ) ) ;
#1732 = ORIENTED_EDGE ( 'NONE', *, *, #4324, .T. ) ;
#1733 = ORIENTED_EDGE ( 'NONE', *, *, #2873, .T. ) ;
#1734 = CARTESIAN_POINT ( 'NONE',  ( -3.902608057705116540, -0.3500000000000000333, -0.7061913535880235404 ) ) ;
#1735 = DIRECTION ( 'NONE',  ( 0.000000000000000000, 1.000000000000000000, 0.000000000000000000 ) ) ;
#1736 = ORIENTED_EDGE ( 'NONE', *, *, #1572, .F. ) ;
#1737 = EDGE_LOOP ( 'NONE', ( #1440, #2715, #3755, #3865 ) ) ;
#1738 = CARTESIAN_POINT ( 'NONE',  ( 0.4790118910316428225, -1.303076786474020698, -3.226466259491211019 ) ) ;
#1739 = AXIS2_PLACEMENT_3D ( 'NONE', #657, #4024, #1250 ) ;
#1740 = PLANE ( 'NONE',  #2739 ) ;
#1741 = CARTESIAN_POINT ( 'NONE',  ( 2.168404344971008868E-16, 0.000000000000000000, 10.00000000000000000 ) ) ;
#1742 = CARTESIAN_POINT ( 'NONE',  ( -4.500000000000000888, -0.9000000000000001332, 0.3000000000000007661 ) ) ;
#1743 = VECTOR ( 'NONE', #3293, 1000.000000000000000 ) ;
#1744 = EDGE_CURVE ( 'NONE', #2184, #2111, #2033, .T. ) ;
#1745 = CARTESIAN_POINT ( 'NONE',  ( 0.03451528458613801337, -8.902131546859489930, 1.770199206050377727 ) ) ;
#1746 = CARTESIAN_POINT ( 'NONE',  ( 0.3077740157104251750, -1.303076786473752913, -2.232617390050577910 ) ) ;
#1747 = CARTESIAN_POINT ( 'NONE',  ( 0.3305225733623434747, -0.9126490637092387059, 1.424073761625909817 ) ) ;
#1748 = CARTESIAN_POINT ( 'NONE',  ( 4.148896347995638223, 0.000000000000000000, -0.5645811478394319183 ) ) ;
#1749 = ORIENTED_EDGE ( 'NONE', *, *, #770, .T. ) ;
#1750 = CARTESIAN_POINT ( 'NONE',  ( -0.8754845994733772008, -0.5298370723002227001, -1.406048636593119294 ) ) ;
#1751 = CARTESIAN_POINT ( 'NONE',  ( -0.8838834764831536850, -0.3300000000000003486, 0.3838834764832160795 ) ) ;
#1752 = EDGE_CURVE ( 'NONE', #4069, #3989, #3444, .T. ) ;
#1753 = CARTESIAN_POINT ( 'NONE',  ( -0.9056738525786818261, -0.5287539168205922513, 0.3756266135543446238 ) ) ;
#1754 = ORIENTED_EDGE ( 'NONE', *, *, #2827, .F. ) ;
#1755 = ADVANCED_FACE ( 'NONE', ( #1665 ), #259, .F. ) ;
#1756 = ORIENTED_EDGE ( 'NONE', *, *, #445, .T. ) ;
#1757 = CARTESIAN_POINT ( 'NONE',  ( 2.101425110490801718, -0.6632330364739529305, 1.360622599945576106 ) ) ;
#1758 = CLOSED_SHELL ( 'NONE', ( #1171, #819, #2054, #899, #347, #1447 ) ) ;
#1759 = LINE ( 'NONE', #3483, #2148 ) ;
#1760 = CARTESIAN_POINT ( 'NONE',  ( 3.650000000000000355, -0.5500000000000000444, -0.2621320343559637722 ) ) ;
#1761 = ORIENTED_EDGE ( 'NONE', *, *, #2725, .F. ) ;
#1762 = ADVANCED_FACE ( 'NONE', ( #1002 ), #4100, .F. ) ;
#1763 = CARTESIAN_POINT ( 'NONE',  ( -0.06924369390688400738, -1.224006546859309097, 1.282893283861679556 ) ) ;
#1764 = CARTESIAN_POINT ( 'NONE',  ( 4.400000000000000355, -0.1464466094067260193, 1.053553390593274797 ) ) ;
#1765 = ORIENTED_EDGE ( 'NONE', *, *, #3396, .T. ) ;
#1766 = CARTESIAN_POINT ( 'NONE',  ( 4.400000000000000355, -0.1585786437626902357, -0.1585786437626902079 ) ) ;
#1767 = CARTESIAN_POINT ( 'NONE',  ( -2.180514591209854469, -3.783381546859463374, 0.03813368891338053679 ) ) ;
#1768 = CARTESIAN_POINT ( 'NONE',  ( -1.437077837289512328, -6.706201786473608983, -2.225989292896978000 ) ) ;
#1769 = LINE ( 'NONE', #3239, #3723 ) ;
#1770 = CARTESIAN_POINT ( 'NONE',  ( 3.928421184025603363, -0.4239344304659587448, 1.217814355754270217 ) ) ;
#1771 = CIRCLE ( 'NONE', #2201, 0.2000000000000000666 ) ;
#1772 = ORIENTED_EDGE ( 'NONE', *, *, #2377, .F. ) ;
#1773 = VERTEX_POINT ( 'NONE', #2382 ) ;
#1774 =( LENGTH_UNIT ( ) NAMED_UNIT ( * ) SI_UNIT ( .MILLI., .METRE. ) );
#1775 = DIRECTION ( 'NONE',  ( 0.000000000000000000, 1.000000000000000000, 0.000000000000000000 ) ) ;
#1776 = CARTESIAN_POINT ( 'NONE',  ( -4.050000000000000711, -0.7060660171779824523, 0.7060660171779822303 ) ) ;
#1777 = PLANE ( 'NONE',  #3409 ) ;
#1778 = B_SPLINE_CURVE_WITH_KNOTS ( 'NONE', 3,
 ( #3395, #995, #1658, #3682 ),
 .UNSPECIFIED., .F., .F.,
 ( 4, 4 ),
 ( 0.000000000000000000, 1.000000000000000000 ),
 .UNSPECIFIED. ) ;
#1779 =( BOUNDED_CURVE ( )  B_SPLINE_CURVE ( 3, ( #3010, #1650, #291, #4452 ),
 .UNSPECIFIED., .F., .F. ) 
 B_SPLINE_CURVE_WITH_KNOTS ( ( 4, 4 ),
 ( 1.570796326794896336, 2.331373695957618786 ),
 .UNSPECIFIED. ) 
 CURVE ( )  GEOMETRIC_REPRESENTATION_ITEM ( )  RATIONAL_B_SPLINE_CURVE ( ( 1.000000000000000000, 0.9523716785737830204, 0.9523716785737830204, 1.000000000000000000 ) ) 
 REPRESENTATION_ITEM ( '' )  );
#1780 = ORIENTED_EDGE ( 'NONE', *, *, #3570, .F. ) ;
#1781 = ORIENTED_EDGE ( 'NONE', *, *, #161, .T. ) ;
#1782 = CARTESIAN_POINT ( 'NONE',  ( -0.5268126619993519499, -5.663493453140427292, 2.195156224933302092 ) ) ;
#1783 = LINE ( 'NONE', #346, #932 ) ;
#1784 = PLANE ( 'NONE',  #1491 ) ;
#1785 = VERTEX_POINT ( 'NONE', #4079 ) ;
#1786 = VECTOR ( 'NONE', #3863, 1000.000000000000000 ) ;
#1787 = DIRECTION ( 'NONE',  ( 0.000000000000000000, 0.7071067811865474617, -0.7071067811865476838 ) ) ;
#1788 = CARTESIAN_POINT ( 'NONE',  ( 4.000000000000000000, 0.000000000000000000, -0.1171572875253815288 ) ) ;
#1789 = CARTESIAN_POINT ( 'NONE',  ( -3.905112374409770215, -0.4525126265847079221, -0.5545941546018395840 ) ) ;
#1790 = VECTOR ( 'NONE', #3069, 1000.000000000000000 ) ;
#1791 = CARTESIAN_POINT ( 'NONE',  ( -1.431362705628688614, -9.435334671859253675, -2.202523810371717516 ) ) ;
#1792 = CARTESIAN_POINT ( 'NONE',  ( -0.9439332179458170824, -3.862451786473718673, -1.968505920800191378 ) ) ;
#1793 = CARTESIAN_POINT ( 'NONE',  ( -4.000000000000000000, -5.421010862427522170E-17, 0.7171572875253815482 ) ) ;
#1794 = CARTESIAN_POINT ( 'NONE',  ( 0.6793350899856352987, -1.193268229768541078, 2.100784885292639181 ) ) ;
#1795 = CARTESIAN_POINT ( 'NONE',  ( -3.850000000000000533, 0.000000000000000000, 0.000000000000000000 ) ) ;
#1796 = ORIENTED_EDGE ( 'NONE', *, *, #951, .F. ) ;
#1797 = ORIENTED_EDGE ( 'NONE', *, *, #1600, .T. ) ;
#1798 = CARTESIAN_POINT ( 'NONE',  ( -3.905112374409769771, -0.4525126265847081997, 1.154594154601840117 ) ) ;
#1799 = DIRECTION ( 'NONE',  ( 0.000000000000000000, 0.000000000000000000, 1.000000000000000000 ) ) ;
#1800 = CYLINDRICAL_SURFACE ( 'NONE', #3554, 1.000000000000000000 ) ;
#1801 = CARTESIAN_POINT ( 'NONE',  ( 0.7257184977935295933, -0.3334786804920449321, -1.801290717040095801 ) ) ;
#1802 = EDGE_CURVE ( 'NONE', #2762, #1125, #2256, .T. ) ;
#1803 = VERTEX_POINT ( 'NONE', #3520 ) ;
#1804 = VERTEX_POINT ( 'NONE', #1325 ) ;
#1805 = CARTESIAN_POINT ( 'NONE',  ( -1.734881176478365816, -8.945654911473601700, -2.594468218166549267 ) ) ;
#1806 = CARTESIAN_POINT ( 'NONE',  ( -0.3510718705996507261, -1.113311560980196901, -2.790006525915797120 ) ) ;
#1807 = DIRECTION ( 'NONE',  ( 1.000000000000000000, 0.000000000000000000, 0.000000000000000000 ) ) ;
#1808 = ORIENTED_EDGE ( 'NONE', *, *, #1437, .T. ) ;
#1809 = LINE ( 'NONE', #3213, #2063 ) ;
#1810 = VECTOR ( 'NONE', #4072, 1000.000000000000000 ) ;
#1811 = CARTESIAN_POINT ( 'NONE',  ( 2.292835259260797454, -1.193268229768545963, -0.8499999999999980904 ) ) ;
#1812 = ORIENTED_EDGE ( 'NONE', *, *, #4158, .T. ) ;
#1813 = VERTEX_POINT ( 'NONE', #664 ) ;
#1814 = CARTESIAN_POINT ( 'NONE',  ( 1.536834667468047755, -8.617756546860343647, 1.142898526121514768 ) ) ;
#1815 = CARTESIAN_POINT ( 'NONE',  ( -1.245411515493025423, -8.933805953140366185, -1.685006877634988909 ) ) ;
#1816 = CARTESIAN_POINT ( 'NONE',  ( -3.850000000000000533, -0.5500000000000000444, 1.552081528017131618 ) ) ;
#1817 = CARTESIAN_POINT ( 'NONE',  ( 0.3661165235168132859, -0.3300000000000000155, -1.901650429449557533 ) ) ;
#1818 = ORIENTED_EDGE ( 'NONE', *, *, #3118, .F. ) ;
#1819 = ORIENTED_EDGE ( 'NONE', *, *, #10, .T. ) ;
#1820 = VECTOR ( 'NONE', #1152, 1000.000000000000000 ) ;
#1821 = DIRECTION ( 'NONE',  ( 0.000000000000000000, 0.000000000000000000, 1.000000000000000000 ) ) ;
#1822 = LINE ( 'NONE', #852, #4352 ) ;
#1823 = DIRECTION ( 'NONE',  ( 0.000000000000000000, 0.000000000000000000, 1.000000000000000000 ) ) ;
#1824 = EDGE_CURVE ( 'NONE', #722, #2184, #316, .T. ) ;
#1825 = EDGE_LOOP ( 'NONE', ( #438, #2345, #4029, #3734 ) ) ;
#1826 = ORIENTED_EDGE ( 'NONE', *, *, #367, .F. ) ;
#1827 = CARTESIAN_POINT ( 'NONE',  ( 1.345971143728033281, -2.440576786473761750, 1.893691780053181173 ) ) ;
#1828 = CARTESIAN_POINT ( 'NONE',  ( -0.7784394602888144998, -0.3320894408102819106, 0.6621568097935330854 ) ) ;
#1829 = CARTESIAN_POINT ( 'NONE',  ( 3.760224748819539720, -0.5500000000000001554, -0.6520815280171320394 ) ) ;
#1830 = EDGE_CURVE ( 'NONE', #469, #3805, #252, .T. ) ;
#1831 = LINE ( 'NONE', #416, #1495 ) ;
#1832 = B_SPLINE_CURVE_WITH_KNOTS ( 'NONE', 3,
 ( #4187, #1008, #3777, #3427, #2387, #1369, #2105, #313, #2059, #2430 ),
 .UNSPECIFIED., .F., .F.,
 ( 4, 2, 2, 2, 4 ),
 ( 0.000000000000000000, 0.0003481546084836895289, 0.0006963092169673790579, 0.001044463825451069292, 0.001392618433934759417 ),
 .UNSPECIFIED. ) ;
#1833 = FACE_OUTER_BOUND ( 'NONE', #1353, .T. ) ;
#1834 = ORIENTED_EDGE ( 'NONE', *, *, #1114, .T. ) ;
#1835 = VERTEX_POINT ( 'NONE', #2723 ) ;
#1836 = CARTESIAN_POINT ( 'NONE',  ( 1.350867504307933897, -1.010725296859595446, -2.960296921152058669 ) ) ;
#1837 = CARTESIAN_POINT ( 'NONE',  ( -1.265662716798079179, -5.947868453140159772, 0.7023383245462962998 ) ) ;
#1838 = ORIENTED_EDGE ( 'NONE', *, *, #830, .F. ) ;
#1839 = ORIENTED_EDGE ( 'NONE', *, *, #2613, .T. ) ;
#1840 = CARTESIAN_POINT ( 'NONE',  ( 1.499999999999999556, -0.3499999999999999778, 4.500000000000001776 ) ) ;
#1841 = CIRCLE ( 'NONE', #4401, 2.319395077624665458 ) ;
#1842 = DIRECTION ( 'NONE',  ( 1.000000000000000000, -0.000000000000000000, 0.000000000000000000 ) ) ;
#1843 = DIRECTION ( 'NONE',  ( 0.000000000000000000, 0.000000000000000000, 1.000000000000000000 ) ) ;
#1844 = DIRECTION ( 'NONE',  ( 1.000000000000000000, -0.000000000000000000, 0.000000000000000000 ) ) ;
#1845 = CIRCLE ( 'NONE', #2283, 0.4999999999999997780 ) ;
#1846 = VERTEX_POINT ( 'NONE', #1444 ) ;
#1847 = CARTESIAN_POINT ( 'NONE',  ( -1.456356745497371152, -4.162548213525893104, -1.462571861842649534 ) ) ;
#1848 = CARTESIAN_POINT ( 'NONE',  ( 1.868325841404259391, -7.369743453140182865, -2.512649300793230012 ) ) ;
#1849 = DIRECTION ( 'NONE',  ( 0.000000000000000000, -1.000000000000000000, -1.230255323012501829E-16 ) ) ;
#1850 = VECTOR ( 'NONE', #4492, 1000.000000000000000 ) ;
#1851 = DIRECTION ( 'NONE',  ( -1.000000000000000000, 0.000000000000000000, -0.000000000000000000 ) ) ;
#1852 = AXIS2_PLACEMENT_3D ( 'NONE', #1626, #2317, #1311 ) ;
#1853 = CARTESIAN_POINT ( 'NONE',  ( -5.000000000000000000, -0.5464466094067266244, -0.05355339059327286072 ) ) ;
#1854 = CARTESIAN_POINT ( 'NONE',  ( 1.016915513624609080, -0.7337782569081684469, -1.333474649622770958 ) ) ;
#1855 = AXIS2_PLACEMENT_3D ( 'NONE', #3939, #825, #2501 ) ;
#1856 = CARTESIAN_POINT ( 'NONE',  ( 0.8320135407592619270, -3.025048213526211782, 2.117088482576144237 ) ) ;
#1857 = CARTESIAN_POINT ( 'NONE',  ( -1.554428896119101733, -6.516618453140647027, -1.294525245839481142 ) ) ;
#1858 = CARTESIAN_POINT ( 'NONE',  ( -1.500000000000000000, -0.3499999999999999778, 10.00000000000000178 ) ) ;
#1859 = CARTESIAN_POINT ( 'NONE',  ( 0.000000000000000000, 0.000000000000000000, -0.8071067811865471064 ) ) ;
#1860 = VERTEX_POINT ( 'NONE', #3172 ) ;
#1861 = CARTESIAN_POINT ( 'NONE',  ( -1.499999999999999556, -0.3499999999999999778, 4.500000000000001776 ) ) ;
#1862 = CARTESIAN_POINT ( 'NONE',  ( 4.219289518875060985, -0.1291329380078875544, -0.3297584735017178859 ) ) ;
#1863 = CARTESIAN_POINT ( 'NONE',  ( 0.8838834764831866586, -0.3300000000000000155, -1.383883476483181330 ) ) ;
#1864 = ADVANCED_FACE ( 'NONE', ( #2824 ), #167, .T. ) ;
#1865 = CARTESIAN_POINT ( 'NONE',  ( 4.200000000000000178, -0.2000000000000000666, 0.7171572875253812152 ) ) ;
#1866 = ORIENTED_EDGE ( 'NONE', *, *, #2696, .F. ) ;
#1867 = CARTESIAN_POINT ( 'NONE',  ( 1.744988893529331397, -2.456298213526115770, -0.4496678946890087514 ) ) ;
#1868 = CARTESIAN_POINT ( 'NONE',  ( 2.687852633045436423, -7.654118453140426936, -1.062891535438343693 ) ) ;
#1869 = CARTESIAN_POINT ( 'NONE',  ( -1.023020983016695418, -0.3308857761192651736, -1.331161150137229798 ) ) ;
#1870 = DIRECTION ( 'NONE',  ( -1.437462578140666059E-16, 0.7071067811865476838, 0.7071067811865473507 ) ) ;
#1871 = CARTESIAN_POINT ( 'NONE',  ( 1.023020983016714736, -0.3308857761192655067, 0.3311611501372245803 ) ) ;
#1872 = PRODUCT_DEFINITION_CONTEXT ( 'detailed design', #2222, 'design' ) ;
#1873 = DIRECTION ( 'NONE',  ( 0.000000000000000000, -1.734723475976807094E-15, 1.000000000000000000 ) ) ;
#1874 = DIRECTION ( 'NONE',  ( 0.000000000000000000, 0.000000000000000000, -1.000000000000000000 ) ) ;
#1875 = EDGE_CURVE ( 'NONE', #786, #1684, #2311, .T. ) ;
#1876 = CARTESIAN_POINT ( 'NONE',  ( 2.489433846769046443, -2.645881546859495614, 0.6593609361197334540 ) ) ;
#1877 = CARTESIAN_POINT ( 'NONE',  ( 1.655747826020349756, -4.999951786473718407, 0.05318956605764756790 ) ) ;
#1878 = CARTESIAN_POINT ( 'NONE',  ( -4.320116040682775882, -1.866718368381835250E-15, -0.6836984753698250872 ) ) ;
#1879 = DIRECTION ( 'NONE',  ( 1.000000000000000000, -0.000000000000000000, -0.000000000000000000 ) ) ;
#1880 =( GEOMETRIC_REPRESENTATION_CONTEXT ( 3 ) GLOBAL_UNCERTAINTY_ASSIGNED_CONTEXT ( ( #2303 ) ) GLOBAL_UNIT_ASSIGNED_CONTEXT ( ( #560, #1882, #1288 ) ) REPRESENTATION_CONTEXT ( 'NONE', 'WORKASPACE' ) );
#1881 = CARTESIAN_POINT ( 'NONE',  ( 0.6248323514415821123, -1.108393121367598821, 1.067535547647098459 ) ) ;
#1882 =( NAMED_UNIT ( * ) PLANE_ANGLE_UNIT ( ) SI_UNIT ( $, .RADIAN. ) );
#1883 = CARTESIAN_POINT ( 'NONE',  ( -2.119474744232935137, -9.407764286474296966, -1.381554076133191478 ) ) ;
#1884 = CARTESIAN_POINT ( 'NONE',  ( -2.284344442285129784, -0.9533984102466801502, -0.1467826387385548215 ) ) ;
#1885 = EDGE_CURVE ( 'NONE', #1036, #2192, #2242, .T. ) ;
#1886 = CARTESIAN_POINT ( 'NONE',  ( 3.857632328796365861, -0.3499999999999998113, 1.186541016299883067 ) ) ;
#1887 = CARTESIAN_POINT ( 'NONE',  ( 1.344165326745049960, -0.6805721227388388250, -1.261728358755578094 ) ) ;
#1888 = B_SPLINE_CURVE_WITH_KNOTS ( 'NONE', 3,
 ( #1024, #4447, #704, #1385, #2077, #3134, #2013, #3484, #3096, #982, #1342, #2746 ),
 .UNSPECIFIED., .F., .F.,
 ( 4, 2, 2, 2, 2, 4 ),
 ( 0.000000000000000000, 0.0004671597923954114162, 0.0009343195847908228324, 0.001401479377186233598, 0.001635059273383939089, 0.001868639169581644797 ),
 .UNSPECIFIED. ) ;
#1889 = ORIENTED_EDGE ( 'NONE', *, *, #2243, .T. ) ;
#1890 = DIRECTION ( 'NONE',  ( 0.000000000000000000, -1.000000000000000000, -1.230255323012501829E-16 ) ) ;
#1891 = ORIENTED_EDGE ( 'NONE', *, *, #2433, .T. ) ;
#1892 = CARTESIAN_POINT ( 'NONE',  ( -1.473825617102630936, -0.8922357135260162719, -1.505654613253060825 ) ) ;
#1893 = CARTESIAN_POINT ( 'NONE',  ( -1.459331948656304112, -9.455160119807327845, -2.759762973565640820 ) ) ;
#1894 = ADVANCED_FACE ( 'NONE', ( #2575 ), #52, .F. ) ;
#1895 = PLANE ( 'NONE',  #2052 ) ;
#1896 = CARTESIAN_POINT ( 'NONE',  ( -0.8838834764831866586, -0.3722440000456402887, 0.3838834764831835500 ) ) ;
#1897 = ADVANCED_FACE ( 'NONE', ( #2945 ), #4444, .F. ) ;
#1898 = FACE_OUTER_BOUND ( 'NONE', #4111, .T. ) ;
#1899 = EDGE_LOOP ( 'NONE', ( #68, #2721, #2065 ) ) ;
#1900 = ADVANCED_FACE ( 'NONE', ( #1465 ), #2106, .T. ) ;
#1901 = DIRECTION ( 'NONE',  ( 0.000000000000000000, -0.7071067811865476838, -0.7071067811865471286 ) ) ;
#1902 = DIRECTION ( 'NONE',  ( -0.3543371188111937298, 0.000000000000000000, -0.9351177499291637440 ) ) ;
#1903 = CARTESIAN_POINT ( 'NONE',  ( -2.192234139316609820, -3.593798213526282037, 1.153937162063762178 ) ) ;
#1904 = CARTESIAN_POINT ( 'NONE',  ( -4.400000000000000355, 0.000000000000000000, -0.8071067811865471064 ) ) ;
#1905 = CARTESIAN_POINT ( 'NONE',  ( 4.000000000000000888, 0.000000000000000000, 0.7171572875253813262 ) ) ;
#1906 = ORIENTED_EDGE ( 'NONE', *, *, #4354, .T. ) ;
#1907 = LINE ( 'NONE', #535, #506 ) ;
#1908 = FACE_OUTER_BOUND ( 'NONE', #1825, .T. ) ;
#1909 = CARTESIAN_POINT ( 'NONE',  ( -1.862187317561020850, -3.672868453140537337, -1.755583586997725209 ) ) ;
#1910 = ADVANCED_FACE ( 'NONE', ( #2530, #134 ), #2137, .F. ) ;
#1911 = CARTESIAN_POINT ( 'NONE',  ( 1.295584491826133222, -0.3899568211400266105, -1.234197965794637364 ) ) ;
#1912 = EDGE_LOOP ( 'NONE', ( #48, #4393, #3564, #3970 ) ) ;
#1913 = CARTESIAN_POINT ( 'NONE',  ( 4.050000000000000711, -0.3499999999999999778, -0.9520815280171303074 ) ) ;
#1914 = EDGE_CURVE ( 'NONE', #1056, #807, #1129, .T. ) ;
#1915 = ORIENTED_EDGE ( 'NONE', *, *, #2848, .F. ) ;
#1916 = CARTESIAN_POINT ( 'NONE',  ( 0.5320430394597200907, -3.025048213525943108, 1.162663454679961905 ) ) ;
#1917 = CARTESIAN_POINT ( 'NONE',  ( 0.09809726182281527929, -4.146826786473607918, -2.743793367680225970 ) ) ;
#1918 = CARTESIAN_POINT ( 'NONE',  ( -4.373528662521013466, 0.000000000000000000, 1.330689083763201941 ) ) ;
#1919 = EDGE_CURVE ( 'NONE', #2078, #1933, #1463, .T. ) ;
#1920 = CARTESIAN_POINT ( 'NONE',  ( -4.000000000000000888, -0.2000000000000000389, 0.7171572875253815482 ) ) ;
#1921 = ORIENTED_EDGE ( 'NONE', *, *, #1087, .T. ) ;
#1922 = AXIS2_PLACEMENT_3D ( 'NONE', #1498, #2883, #2190 ) ;
#1923 = CARTESIAN_POINT ( 'NONE',  ( 1.855777007415168711, -0.9286075046884123552, -1.015611188241967167 ) ) ;
#1924 = DIRECTION ( 'NONE',  ( 0.000000000000000000, -0.7071067811865469066, 0.7071067811865480168 ) ) ;
#1925 = CARTESIAN_POINT ( 'NONE',  ( -2.126503445090606181, -9.897444046859908084, -1.364461611990883227 ) ) ;
#1926 = CARTESIAN_POINT ( 'NONE',  ( -4.252608057705146827, 1.915080221934637894E-15, -0.5612166067574413386 ) ) ;
#1927 = FACE_OUTER_BOUND ( 'NONE', #1358, .T. ) ;
#1928 = CARTESIAN_POINT ( 'NONE',  ( -4.500000000000000888, -0.1928932188134528380, 0.3000000000000007105 ) ) ;
#1929 = CARTESIAN_POINT ( 'NONE',  ( 4.400000000000000355, 0.000000000000000000, 1.407106781186548083 ) ) ;
#1930 = CARTESIAN_POINT ( 'NONE',  ( -0.1592352266581831821, -0.4736497031405387248, -2.789968323618627455 ) ) ;
#1931 = AXIS2_PLACEMENT_3D ( 'NONE', #3886, #1682, #255 ) ;
#1932 = DIRECTION ( 'NONE',  ( 0.000000000000000000, 0.7071067811865474617, -0.7071067811865476838 ) ) ;
#1933 = VERTEX_POINT ( 'NONE', #111 ) ;
#1934 = CARTESIAN_POINT ( 'NONE',  ( -1.231453209264028015, -1.810000000000000275, -0.4666252802435433833 ) ) ;
#1935 = AXIS2_PLACEMENT_3D ( 'NONE', #3815, #2469, #3154 ) ;
#1936 = EDGE_LOOP ( 'NONE', ( #3806, #2625, #3733, #2112 ) ) ;
#1937 = CARTESIAN_POINT ( 'NONE',  ( -4.050000000000000711, -0.4964466094067262469, -0.5985281374238565766 ) ) ;
#1938 = CARTESIAN_POINT ( 'NONE',  ( -1.862187317561020850, -3.672868453140537337, -1.755583586997725209 ) ) ;
#1939 = LINE ( 'NONE', #1696, #791 ) ;
#1940 = CARTESIAN_POINT ( 'NONE',  ( -2.342593512596771177, -0.9558696011316027974, -0.9024260604153979681 ) ) ;
#1941 = EDGE_CURVE ( 'NONE', #2078, #386, #1488, .T. ) ;
#1942 = CARTESIAN_POINT ( 'NONE',  ( 0.8838834764831864366, -0.3300000000000000155, 0.3838834764831836610 ) ) ;
#1943 = AXIS2_PLACEMENT_3D ( 'NONE', #130, #2846, #3894 ) ;
#1944 = ORIENTED_EDGE ( 'NONE', *, *, #1551, .T. ) ;
#1945 = CARTESIAN_POINT ( 'NONE',  ( -0.7750014247968374237, -0.9016069885717468146, 0.6712299998229056541 ) ) ;
#1946 = B_SPLINE_CURVE_WITH_KNOTS ( 'NONE', 3,
 ( #2839, #2497, #2860, #2191, #1854, #1164, #3913, #3215, #3533, #2543, #750, #1811 ),
 .UNSPECIFIED., .F., .F.,
 ( 4, 2, 2, 2, 2, 4 ),
 ( 0.000000000000000000, 0.0002348678385268676376, 0.0004697356770537352753, 0.0009394713541074703337, 0.001409207031161205338, 0.001878942708214939800 ),
 .UNSPECIFIED. ) ;
#1947 = CARTESIAN_POINT ( 'NONE',  ( -4.400000000000000355, 1.208680323587342897, 2.125837611112725067 ) ) ;
#1948 = CARTESIAN_POINT ( 'NONE',  ( -2.687362638554898542, -0.3788580364740275486, -1.309929682841998622 ) ) ;
#1949 = CARTESIAN_POINT ( 'NONE',  ( 0.8777406153115673293, -0.9292896438123678937, -1.377740615311580319 ) ) ;
#1950 = ADVANCED_FACE ( 'NONE', ( #3921 ), #1509, .F. ) ;
#1951 = ORIENTED_EDGE ( 'NONE', *, *, #2828, .T. ) ;
#1952 = DIRECTION ( 'NONE',  ( 0.000000000000000000, 0.000000000000000000, -1.000000000000000000 ) ) ;
#1953 = EDGE_CURVE ( 'NONE', #2174, #2476, #2896, .T. ) ;
#1954 = CARTESIAN_POINT ( 'NONE',  ( 0.3521443217217805066, -1.033354954157680528, -2.787176260535755734 ) ) ;
#1955 = CARTESIAN_POINT ( 'NONE',  ( -2.199999999999999734, -0.3551601198071943077, -0.5088562445298272507 ) ) ;
#1956 = CARTESIAN_POINT ( 'NONE',  ( -1.558547814753573846, -9.826350296859077460, 0.3685803704382905610 ) ) ;
#1957 = CARTESIAN_POINT ( 'NONE',  ( 1.717840604383015224, -4.525993453140292111, -1.946808697636142949 ) ) ;
#1958 = AXIS2_PLACEMENT_3D ( 'NONE', #437, #4250, #1138 ) ;
#1959 = CARTESIAN_POINT ( 'NONE',  ( 1.559801996394487356, -0.3899568211400266105, -0.7679530055307340897 ) ) ;
#1960 = ORIENTED_EDGE ( 'NONE', *, *, #2209, .T. ) ;
#1961 = CARTESIAN_POINT ( 'NONE',  ( -4.188300681009423876, 0.000000000000000000, 1.223144746252515125 ) ) ;
#1962 = ORIENTED_EDGE ( 'NONE', *, *, #2338, .T. ) ;
#1963 = CARTESIAN_POINT ( 'NONE',  ( 3.869289518875061784, -0.4791329380078873657, -0.4747332203323018640 ) ) ;
#1964 = CARTESIAN_POINT ( 'NONE',  ( 0.03872814580907415344, -5.568701786474094639, 1.745602787748832041 ) ) ;
#1965 = CARTESIAN_POINT ( 'NONE',  ( 1.102634949171793499, -0.9558696011316024643, -2.445790413128047458 ) ) ;
#1966 = CARTESIAN_POINT ( 'NONE',  ( 0.7266521582695706361, -0.4505592896214601351, -1.798826728828862187 ) ) ;
#1967 = EDGE_CURVE ( 'NONE', #2969, #3485, #600, .T. ) ;
#1968 = DIRECTION ( 'NONE',  ( -0.000000000000000000, 1.000000000000000000, 1.230255323012501829E-16 ) ) ;
#1969 = ORIENTED_EDGE ( 'NONE', *, *, #2613, .F. ) ;
#1970 = ORIENTED_EDGE ( 'NONE', *, *, #1565, .F. ) ;
#1971 = DIRECTION ( 'NONE',  ( 0.000000000000000000, 0.7071067811865476838, -0.7071067811865474617 ) ) ;
#1972 = CARTESIAN_POINT ( 'NONE',  ( 2.287176260535758399, -1.033354954157682748, -0.8521443217217689048 ) ) ;
#1973 = CARTESIAN_POINT ( 'NONE',  ( -2.634334441012671668, -0.8765142864740326223, -1.089160073636175952 ) ) ;
#1974 = CARTESIAN_POINT ( 'NONE',  ( 2.600784885292640070, -1.193268229768541078, 0.1793350899855566949 ) ) ;
#1975 = CARTESIAN_POINT ( 'NONE',  ( -1.749152604172922842, -0.9063119614608469155, -1.056013569486069947 ) ) ;
#1976 = CARTESIAN_POINT ( 'NONE',  ( 4.400000000000000355, -0.005025253169416700645, 0.9121320343559647936 ) ) ;
#1977 = APPLICATION_PROTOCOL_DEFINITION ( 'draft international standard', 'automotive_design', 1998, #2222 ) ;
#1978 = CARTESIAN_POINT ( 'NONE',  ( -1.798593033945961039, -9.328694046859611788, -0.5948728485077101613 ) ) ;
#1979 = CARTESIAN_POINT ( 'NONE',  ( 1.099361396648975475, -2.440576786473628079, 1.458478049195764958 ) ) ;
#1980 = CARTESIAN_POINT ( 'NONE',  ( 1.302219856997911984, -0.5120279155650502290, 0.2379581772221157077 ) ) ;
#1981 = ORIENTED_EDGE ( 'NONE', *, *, #1309, .T. ) ;
#1982 = LINE ( 'NONE', #270, #2231 ) ;
#1983 = VERTEX_POINT ( 'NONE', #2598 ) ;
#1984 = CARTESIAN_POINT ( 'NONE',  ( 1.301290717040100464, -0.3334786804920450431, -1.225718497793522266 ) ) ;
#1985 = CARTESIAN_POINT ( 'NONE',  ( 0.6647780422881950368, -2.535368453140465661, 1.645297625998011437 ) ) ;
#1986 = CARTESIAN_POINT ( 'NONE',  ( 0.7379430756349801834, -0.5120279155650502290, -1.802228414837824255 ) ) ;
#1987 = CARTESIAN_POINT ( 'NONE',  ( -1.344165326745049738, -0.6805721227388389361, -1.261728358755578316 ) ) ;
#1988 = CYLINDRICAL_SURFACE ( 'NONE', #4372, 0.2000000000000000666 ) ;
#1989 = VERTEX_POINT ( 'NONE', #3995 ) ;
#1990 = ORIENTED_EDGE ( 'NONE', *, *, #3690, .T. ) ;
#1991 = FACE_OUTER_BOUND ( 'NONE', #2414, .T. ) ;
#1992 = CIRCLE ( 'NONE', #4037, 0.2000000000000000944 ) ;
#1993 = DIRECTION ( 'NONE',  ( -0.000000000000000000, -0.000000000000000000, 1.000000000000000000 ) ) ;
#1994 = EDGE_LOOP ( 'NONE', ( #4246, #1558, #364, #700, #2144 ) ) ;
#1995 = CARTESIAN_POINT ( 'NONE',  ( 0.000000000000000000, -1.193268229768540412, -0.4999999999999990563 ) ) ;
#1996 = CARTESIAN_POINT ( 'NONE',  ( 4.110224748819532259, 0.000000000000000000, 1.107106781186539601 ) ) ;
#1997 = CARTESIAN_POINT ( 'NONE',  ( -0.8769602381885543974, -0.9396315468594613751, -2.621379626851550793 ) ) ;
#1998 = CARTESIAN_POINT ( 'NONE',  ( -2.207635099034024329, -0.8646653281405566327, -0.7715396646167470562 ) ) ;
#1999 = CARTESIAN_POINT ( 'NONE',  ( -4.167879776963410166, 3.492122833519309576E-15, -0.3449121243624019839 ) ) ;
#2000 = VERTEX_POINT ( 'NONE', #2252 ) ;
#2001 = CARTESIAN_POINT ( 'NONE',  ( 4.360448794512014281, -5.813515749554419918E-05, -0.7462128710864270875 ) ) ;
#2002 = ORIENTED_EDGE ( 'NONE', *, *, #4499, .T. ) ;
#2003 = DIRECTION ( 'NONE',  ( 0.000000000000000000, -0.7071067811865476838, -0.7071067811865471286 ) ) ;
#2004 = AXIS2_PLACEMENT_3D ( 'NONE', #2109, #394, #4319 ) ;
#2005 = CARTESIAN_POINT ( 'NONE',  ( 1.529209510562969054, -7.369743453140049638, -2.144916418067183361 ) ) ;
#2006 = CARTESIAN_POINT ( 'NONE',  ( -0.3735930791479594171, -0.9526598926696979719, -2.674800449485783105 ) ) ;
#2007 = CARTESIAN_POINT ( 'NONE',  ( -1.806411254377474629, -0.9526598926696983050, -1.523679641675169671 ) ) ;
#2008 = EDGE_LOOP ( 'NONE', ( #1889, #3170, #2022, #1338 ) ) ;
#2009 = AXIS2_PLACEMENT_3D ( 'NONE', #2027, #2801, #4173 ) ;
#2010 = ORIENTED_EDGE ( 'NONE', *, *, #4388, .T. ) ;
#2011 = DIRECTION ( 'NONE',  ( -1.000000000000000000, 0.000000000000000000, 0.000000000000000000 ) ) ;
#2012 = CIRCLE ( 'NONE', #1943, 1.000000000000000000 ) ;
#2013 = CARTESIAN_POINT ( 'NONE',  ( 0.7750014247968272096, -0.9016069885717661325, -1.671229999822929635 ) ) ;
#2014 = ORIENTED_EDGE ( 'NONE', *, *, #2573, .T. ) ;
#2015 = AXIS2_PLACEMENT_3D ( 'NONE', #584, #3963, #2294 ) ;
#2016 = CARTESIAN_POINT ( 'NONE',  ( -4.400000000000000355, -0.1464466094067264079, 1.053553390593274353 ) ) ;
#2017 = ADVANCED_FACE ( 'NONE', ( #4337 ), #398, .T. ) ;
#2018 = DIRECTION ( 'NONE',  ( 0.000000000000000000, 0.000000000000000000, -1.000000000000000000 ) ) ;
#2019 = CARTESIAN_POINT ( 'NONE',  ( -0.1523554713822699025, -7.480256546859573419, -2.239053584483803316 ) ) ;
#2020 = CARTESIAN_POINT ( 'NONE',  ( -2.015339316844312556, -9.336670536473599569, 0.5989623371914561956 ) ) ;
#2021 = CARTESIAN_POINT ( 'NONE',  ( -4.110224748819541141, -5.421010862427522170E-17, -0.5071067811865513919 ) ) ;
#2022 = ORIENTED_EDGE ( 'NONE', *, *, #2756, .T. ) ;
#2023 = CARTESIAN_POINT ( 'NONE',  ( -3.850000000000000533, -0.4060660171779819638, -0.4060660171779818528 ) ) ;
#2024 = EDGE_LOOP ( 'NONE', ( #2950, #3074, #1181, #4000 ) ) ;
#2025 = CARTESIAN_POINT ( 'NONE',  ( -1.023020983016662555, -0.3308857761192650626, 0.3311611501372445088 ) ) ;
#2026 = CARTESIAN_POINT ( 'NONE',  ( -2.312745555818541021, -8.839014286474133897, -0.6433516296032321113 ) ) ;
#2027 = CARTESIAN_POINT ( 'NONE',  ( -1.999999999999999556, -0.3499999999999999778, 5.000000000000000888 ) ) ;
#2028 = CARTESIAN_POINT ( 'NONE',  ( -1.296296778530920291, -0.3334786804920451542, 0.2346016133012412685 ) ) ;
#2029 = EDGE_LOOP ( 'NONE', ( #3033, #994, #2095, #4160 ) ) ;
#2030 = EDGE_CURVE ( 'NONE', #2577, #4269, #2178, .T. ) ;
#2031 = ORIENTED_EDGE ( 'NONE', *, *, #125, .F. ) ;
#2032 = CARTESIAN_POINT ( 'NONE',  ( -1.499999999999999556, -0.3499999999999999778, 4.500000000000001776 ) ) ;
#2033 = LINE ( 'NONE', #1303, #2406 ) ;
#2034 = CARTESIAN_POINT ( 'NONE',  ( -4.400000000000000355, 0.000000000000000000, 1.407106781186548083 ) ) ;
#2035 = EDGE_CURVE ( 'NONE', #93, #907, #4214, .T. ) ;
#2036 = AXIS2_PLACEMENT_3D ( 'NONE', #2957, #4008, #889 ) ;
#2037 = EDGE_CURVE ( 'NONE', #3295, #2579, #1769, .T. ) ;
#2038 = CARTESIAN_POINT ( 'NONE',  ( 4.400000000000000355, -0.5000000000000000000, 1.407106781186548083 ) ) ;
#2039 = CARTESIAN_POINT ( 'NONE',  ( 0.7110402286507905290, -9.707860713525565899, 1.136436660559789980 ) ) ;
#2040 = CARTESIAN_POINT ( 'NONE',  ( 1.310752507204752337, -0.5447434531404483637, -1.710549881517156479 ) ) ;
#2041 =( BOUNDED_CURVE ( )  B_SPLINE_CURVE ( 3, ( #4387, #1334, #1963, #635 ),
 .UNSPECIFIED., .F., .F. ) 
 B_SPLINE_CURVE_WITH_KNOTS ( ( 4, 4 ),
 ( 4.712388980384689674, 5.472966349547412790 ),
 .UNSPECIFIED. ) 
 CURVE ( )  GEOMETRIC_REPRESENTATION_ITEM ( )  RATIONAL_B_SPLINE_CURVE ( ( 1.000000000000000000, 0.9523716785737829094, 0.9523716785737829094, 1.000000000000000000 ) ) 
 REPRESENTATION_ITEM ( '' )  );
#2042 = CARTESIAN_POINT ( 'NONE',  ( -4.200000000000000178, -0.1640364940634477797, -0.2250478053350622731 ) ) ;
#2043 = CARTESIAN_POINT ( 'NONE',  ( -4.050000000000000711, -0.6525126265847085438, -0.1596194077712549952 ) ) ;
#2044 = ORIENTED_EDGE ( 'NONE', *, *, #3990, .T. ) ;
#2045 = DIRECTION ( 'NONE',  ( 0.000000000000000000, 0.000000000000000000, 1.000000000000000000 ) ) ;
#2046 = CARTESIAN_POINT ( 'NONE',  ( 0.8837373320401670229, -0.3583389974468115247, -1.383737332040160917 ) ) ;
#2047 = CARTESIAN_POINT ( 'NONE',  ( 1.171147799880998264, -0.9017215149283057674, 0.2750325722010875107 ) ) ;
#2048 = EDGE_CURVE ( 'NONE', #369, #2192, #3196, .T. ) ;
#2049 = ORIENTED_EDGE ( 'NONE', *, *, #2954, .F. ) ;
#2050 = CARTESIAN_POINT ( 'NONE',  ( -2.699571135257694987, -0.8646653281406906366, -0.8300386327260831365 ) ) ;
#2051 = DIRECTION ( 'NONE',  ( -1.000000000000000000, -0.000000000000000000, 0.000000000000000000 ) ) ;
#2052 = AXIS2_PLACEMENT_3D ( 'NONE', #3276, #2881, #3300 ) ;
#2053 = CARTESIAN_POINT ( 'NONE',  ( 0.8837373320401797905, -0.3442576640994690074, 0.3837373320401771815 ) ) ;
#2054 = ADVANCED_FACE ( 'NONE', ( #3264 ), #2477, .T. ) ;
#2055 = EDGE_CURVE ( 'NONE', #3598, #641, #282, .T. ) ;
#2056 = AXIS2_PLACEMENT_3D ( 'NONE', #4145, #4125, #33 ) ;
#2057 = CARTESIAN_POINT ( 'NONE',  ( -3.970035303637506896, -0.3500000000000018097, 1.428547720572421076 ) ) ;
#2058 = ORIENTED_EDGE ( 'NONE', *, *, #2087, .F. ) ;
#2059 = CARTESIAN_POINT ( 'NONE',  ( -0.3942785324214145293, -0.9567203190301201143, 1.675981451375841313 ) ) ;
#2060 = VECTOR ( 'NONE', #2807, 1000.000000000000000 ) ;
#2061 = CARTESIAN_POINT ( 'NONE',  ( -0.6437728222122739430, -8.996923213526091700, 1.730226909183759876 ) ) ;
#2062 = CARTESIAN_POINT ( 'NONE',  ( 0.9015175622065674244, -0.6869309531404229618, 1.039730247744216518 ) ) ;
#2063 = VECTOR ( 'NONE', #3136, 1000.000000000000000 ) ;
#2064 = CARTESIAN_POINT ( 'NONE',  ( 4.303506468771764126, -0.04735305660170210929, -0.5366263362833663120 ) ) ;
#2065 = ORIENTED_EDGE ( 'NONE', *, *, #2177, .F. ) ;
#2066 = ORIENTED_EDGE ( 'NONE', *, *, #1262, .T. ) ;
#2067 = CIRCLE ( 'NONE', #4414, 0.2000000000000000944 ) ;
#2068 =( NAMED_UNIT ( * ) PLANE_ANGLE_UNIT ( ) SI_UNIT ( $, .RADIAN. ) );
#2069 = PRODUCT_DEFINITION_SHAPE ( 'NONE', 'NONE',  #2654 ) ;
#2070 = CARTESIAN_POINT ( 'NONE',  ( 0.8838834764831866586, -0.3300000000000000155, -1.383883476483181330 ) ) ;
#2071 = DIRECTION ( 'NONE',  ( 0.000000000000000000, 0.7071067811865474617, 0.7071067811865476838 ) ) ;
#2072 = ORIENTED_EDGE ( 'NONE', *, *, #3994, .F. ) ;
#2073 = ORIENTED_EDGE ( 'NONE', *, *, #703, .F. ) ;
#2074 = CARTESIAN_POINT ( 'NONE',  ( 1.113669005429033243, -9.707860713525835905, 2.076362804570287324 ) ) ;
#2075 = CARTESIAN_POINT ( 'NONE',  ( -2.292835259260797898, -1.193268229768562616, -0.1499999999999993006 ) ) ;
#2076 = EDGE_CURVE ( 'NONE', #2277, #369, #4422, .T. ) ;
#2077 = CARTESIAN_POINT ( 'NONE',  ( 0.6248323514415760060, -1.108393121367604151, -2.067535547647115113 ) ) ;
#2078 = VERTEX_POINT ( 'NONE', #2889 ) ;
#2079 = AXIS2_PLACEMENT_3D ( 'NONE', #2032, #3834, #3461 ) ;
#2080 = CARTESIAN_POINT ( 'NONE',  ( -1.499999999999999556, -0.3499999999999999778, 4.500000000000001776 ) ) ;
#2081 = CARTESIAN_POINT ( 'NONE',  ( 0.000000000000000000, -0.3300000000000002376, -0.4999999999999989453 ) ) ;
#2082 = UNCERTAINTY_MEASURE_WITH_UNIT (LENGTH_MEASURE( 1.000000000000000082E-05 ), #2417, 'distance_accuracy_value', 'NONE');
#2083 = CARTESIAN_POINT ( 'NONE',  ( -2.244861336533311658, -3.878173213526148189, -0.4305066236176203209 ) ) ;
#2084 = ADVANCED_FACE ( 'NONE', ( #2845 ), #3793, .T. ) ;
#2085 = CARTESIAN_POINT ( 'NONE',  ( -0.5398114243591896066, -1.113493453140413481, -2.144084007865817654 ) ) ;
#2086 = CARTESIAN_POINT ( 'NONE',  ( -4.200000000000000178, -0.1999999999999999833, -0.1171572875253803631 ) ) ;
#2087 = EDGE_CURVE ( 'NONE', #280, #2777, #2145, .T. ) ;
#2088 = FILL_AREA_STYLE_COLOUR ( '', #218 ) ;
#2089 = VERTEX_POINT ( 'NONE', #105 ) ;
#2090 = VERTEX_POINT ( 'NONE', #1858 ) ;
#2091 =( NAMED_UNIT ( * ) SI_UNIT ( $, .STERADIAN. ) SOLID_ANGLE_UNIT ( ) );
#2092 = CARTESIAN_POINT ( 'NONE',  ( 0.9056738525786770522, -0.5287539168205779294, 0.3756266135543460116 ) ) ;
#2093 = EDGE_CURVE ( 'NONE', #1983, #4048, #3826, .T. ) ;
#2094 =( BOUNDED_SURFACE ( )  B_SPLINE_SURFACE ( 3, 3, ( 
 ( #4067, #3060, #2296, #246, #1930, #630, #920, #4454, #4382, #3343, #1243, #562, #608, #4106, #3699, #1998, #4089, #3742, #2319, #2641, #897, #1266, #3013, #990, #2272, #942, #1313, #3722, #2990, #4041, #3674, #1979, #4404, #1290, #2664, #3037, #200, #1674, #3412, #225, #1909, #3368, #1608, #293, #2620, #586, #1957, #4361, #3389, #267, #1653, #4431, #2687, #2711, #968, #2365, #2966, #2343, #538, #3316, #1580, #1768, #3760, #397, #1349, #1011, #730, #3780, #4129, #336, #3450, #650, #2751, #1690, #4474, #2411, #2432, #2733, #2108, #2793, #2818, #1710, #3471, #3802, #376, #689, #3102, #4147, #2389, #3164, #4496, #56, #3429, #2020, #13, #315, #2773, #1435 ),
 ( #1029, #3513, #1392, #670, #3081, #35, #2040, #4213, #1373, #2456, #2062, #353, #1728, #3120, #4167, #1409, #1045, #1095, #3824, #710, #3844, #2085, #3489, #1746, #3140, #4189, #1070, #128, #2936, #2154, #4237, #824, #4329, #2566, #1143, #780, #510, #2128, #1502, #2219, #2888, #1792, #485, #3583, #3286, #3959, #4280, #3620, #3220, #1877, #2913, #466, #844, #2194, #1545, #172, #1837, #3916, #1480, #4256, #1857, #2176, #2844, #803, #3561, #104, #145, #1168, #81, #3263, #2545, #3238, #1120, #3601, #444, #2500, #3536, #2479, #3938, #3867, #1458, #1815, #753, #1520, #421, #3194, #3891, #4303, #1190, #2865, #2523, #868, #1211, #3648, #2590, #3985, #2245, #3323 ),
 ( #814, #1560, #1892, #544, #3298, #2258, #183, #4292, #3838, #138, #3506, #1763, #1182, #4316, #3157, #4001, #2951, #205, #2185, #836, #2556, #4343, #1587, #49, #2879, #856, #880, #1062, #1867, #3949, #3592, #3659, #1916, #2604, #2206, #392, #2972, #475, #2450, #1157, #1847, #3635, #1427, #3927, #3613, #2102, #4270, #1201, #1535, #497, #723, #1224, #2534, #2234, #3274, #3251, #1513, #2900, #159, #2925, #2580, #3971, #522, #2019, #3388, #1673, #3411, #292, #4495, #2686, #967, #335, #4105, #607, #4403, #2732, #3367, #1709, #1978, #669, #266, #4430, #3059, #941, #2663, #4128, #2710, #2410, #629, #4453, #2039, #4066, #989, #1956, #3012, #1348, #2364, #3759 ),
 ( #314, #3801, #3449, #1997, #1652, #1372, #1627, #649, #3101, #3428, #1289, #4473, #1331, #2750, #4146, #1689, #1028, #4088, #245, #2388, #3080, #2318, #1010, #3721, #3036, #3779, #1312, #2341, #3741, #80, #396, #1044, #2107, #375, #2792, #2842, #4212, #1767, #2083, #779, #1069, #103, #34, #3488, #1391, #709, #752, #4255, #2455, #2153, #4236, #3890, #2478, #4188, #2431, #1408, #3163, #1142, #3823, #1093, #1457, #3866, #3139, #3842, #4166, #2127, #55, #1434, #2817, #3193, #351, #1814, #3560, #1745, #2061, #3512, #729, #443, #2772, #3535, #420, #12, #1791, #1119, #2499, #3219, #1479, #2864, #2522, #688, #3119, #3470, #1727, #509, #3984, #1925, #3915, #555 ),
 ( #2175, #465, #3647, #802, #2912, #1836, #127, #2565, #2589, #1501, #2267, #2960, #2983, #3600, #3619, #3957, #1573, #4376, #2887, #1167, #532, #3669, #3582, #171, #843, #484, #3334, #219, #891, #1876, #3237, #1601, #1856, #1260, #3937, #144, #1903, #4279, #2193, #3285, #2544, #823, #867, #4328, #2218, #3262, #4356, #1519, #3308, #1544, #4302, #1189, #2935, #1210, #2244, #193, #1236, #2614, #4010, #914, #4178, #1401, #4140, #719, #3383, #1644, #1057, #344, #1283, #580, #3481, #4032, #2446, #2658, #2785, #4060, #601, #1021, #1622, #3359, #365, #3460, #3153, #1359, #3792, #3833, #241, #1720, #2635, #3693, #2074, #3112, #3, #45, #2313, #4398, #1037, #2290 ),
 ( #2097, #1948, #1382, #3500, #2763, #3006, #701, #680, #388, #1757, #4161, #936, #261, #3714, #3131, #2050, #1973, #2422, #3031, #4424, #3814, #2402, #2742, #1738, #27, #4225, #94, #2901, #1110, #3550, #3593, #1827, #3526, #2187, #456, #4248, #3179, #2535, #2490, #71, #2467, #2557, #3573, #3275, #411, #3879, #498, #2513, #2805, #2207, #837, #3230, #117, #768, #1782, #1493, #1422, #4293, #3856, #2880, #4272, #3614, #139, #4202, #1158, #2141, #1848, #476, #1868, #3252, #3950, #1514, #1470, #1083, #1449, #742, #2855, #1183, #3929, #2118, #2831, #435, #1805, #1135, #3206, #815, #3904, #795, #2167, #3705, #3728, #4344, #4367, #206, #2304, #612, #857, #1893 ),
 ( #903, #1588, #1225, #4412, #1296, #1635, #1251, #2581, #2670, #2605, #4073, #184, #881, #2647, #523, #2952, #2627, #1202, #3636, #3351, #569, #2973, #3021, #591, #947, #1273, #4025, #4002, #545, #3299, #2325, #2259, #1985, #4317, #1536, #2280, #2926, #160, #3374, #3683, #1938, #1561, #253, #1917, #3972, #3660, #3324, #2235, #231, #1614, #2997, #4389, #4049, #1964, #926, #2717, #637, #1318, #3747, #1679, #1354, #2697, #1335, #3765, #4113, #2349, #2005, #4438, #996, #3068, #4461, #2374, #658, #274, #3085, #3436, #4095, #3397, #2026, #975, #4483, #3417, #299, #321, #1695, #2738, #1660, #3044, #199, #1216, #919, #1550, #2295, #1175, #151, #1883, #4334, #3314 ) ),
 .UNSPECIFIED., .T., .F., .F. ) 
 B_SPLINE_SURFACE_WITH_KNOTS ( ( 4, 3, 4 ),
 ( 4, 2, 2, 2, 2, 2, 2, 2, 2, 2, 2, 2, 2, 2, 2, 2, 2, 2, 2, 2, 2, 2, 2, 2, 2, 2, 2, 2, 2, 2, 2, 2, 2, 2, 2, 2, 2, 2, 2, 2, 2, 2, 2, 2, 2, 2, 2, 2, 4 ),
 ( 0.000000000000000000, 0.5000000000000000000, 1.000000000000000000 ),
 ( 0.000000000000000000, 0.007812500000000000000, 0.01562500000000000000, 0.02343750000000000000, 0.03125000000000000000, 0.03906250000000000000, 0.04687500000000000000, 0.05468750000000000000, 0.05859375000000000000, 0.06250000000000000000, 0.07812500000000000000, 0.09375000000000000000, 0.1250000000000000000, 0.1562500000000000000, 0.1875000000000000000, 0.2187500000000000000, 0.2500000000000000000, 0.2812500000000000000, 0.3125000000000000000, 0.3437500000000000000, 0.3750000000000000000, 0.4062500000000000000, 0.4375000000000000000, 0.4687500000000000000, 0.5000000000000000000, 0.5312500000000000000, 0.5625000000000000000, 0.5937500000000000000, 0.6250000000000000000, 0.6562500000000000000, 0.6875000000000000000, 0.7187500000000000000, 0.7500000000000000000, 0.7812500000000000000, 0.8125000000000000000, 0.8437500000000000000, 0.8750000000000000000, 0.9062500000000000000, 0.9218750000000000000, 0.9375000000000000000, 0.9414062500000000000, 0.9453125000000000000, 0.9531250000000000000, 0.9609375000000000000, 0.9687500000000000000, 0.9765625000000000000, 0.9843750000000000000, 0.9921875000000000000, 1.000000000000000000 ),
 .UNSPECIFIED. ) 
 GEOMETRIC_REPRESENTATION_ITEM ( )  RATIONAL_B_SPLINE_SURFACE ( (
 ( 1.000000000000000000, 1.000000000000000000, 1.000000000000000000, 1.000000000000000000, 1.000000000000000000, 1.000000000000000000, 1.000000000000000000, 1.000000000000000000, 1.000000000000000000, 1.000000000000000000, 1.000000000000000000, 1.000000000000000000, 1.000000000000000000, 1.000000000000000000, 1.000000000000000000, 1.000000000000000000, 1.000000000000000000, 1.000000000000000000, 1.000000000000000000, 1.000000000000000000, 1.000000000000000000, 1.000000000000000000, 1.000000000000000000, 1.000000000000000000, 1.000000000000000000, 1.000000000000000000, 1.000000000000000000, 1.000000000000000000, 1.000000000000000000, 1.000000000000000000, 1.000000000000000000, 1.000000000000000000, 1.000000000000000000, 1.000000000000000000, 1.000000000000000000, 1.000000000000000000, 1.000000000000000000, 1.000000000000000000, 1.000000000000000000, 1.000000000000000000, 1.000000000000000000, 1.000000000000000000, 1.000000000000000000, 1.000000000000000000, 1.000000000000000000, 1.000000000000000000, 1.000000000000000000, 1.000000000000000000, 1.000000000000000000, 1.000000000000000000, 1.000000000000000000, 1.000000000000000000, 1.000000000000000000, 1.000000000000000000, 1.000000000000000000, 1.000000000000000000, 1.000000000000000000, 1.000000000000000000, 1.000000000000000000, 1.000000000000000000, 1.000000000000000000, 1.000000000000000000, 1.000000000000000000, 1.000000000000000000, 1.000000000000000000, 1.000000000000000000, 1.000000000000000000, 1.000000000000000000, 1.000000000000000000, 1.000000000000000000, 1.000000000000000000, 1.000000000000000000, 1.000000000000000000, 1.000000000000000000, 1.000000000000000000, 1.000000000000000000, 1.000000000000000000, 1.000000000000000000, 1.000000000000000000, 1.000000000000000000, 1.000000000000000000, 1.000000000000000000, 1.000000000000000000, 1.000000000000000000, 1.000000000000000000, 1.000000000000000000, 1.000000000000000000, 1.000000000000000000, 1.000000000000000000, 1.000000000000000000, 1.000000000000000000, 1.000000000000000000, 1.000000000000000000, 1.000000000000000000, 1.000000000000000000, 1.000000000000000000, 1.000000000000000000, 1.000000000000000000),
 ( 0.3333333333333333703, 0.3333333333333333703, 0.3333333333333333703, 0.3333333333333333703, 0.3333333333333333703, 0.3333333333333333703, 0.3333333333333333703, 0.3333333333333333703, 0.3333333333333333703, 0.3333333333333333703, 0.3333333333333333703, 0.3333333333333333703, 0.3333333333333333703, 0.3333333333333333703, 0.3333333333333333703, 0.3333333333333333703, 0.3333333333333333703, 0.3333333333333333703, 0.3333333333333333703, 0.3333333333333333703, 0.3333333333333333703, 0.3333333333333333703, 0.3333333333333333703, 0.3333333333333333703, 0.3333333333333333703, 0.3333333333333333703, 0.3333333333333333703, 0.3333333333333333703, 0.3333333333333333703, 0.3333333333333333703, 0.3333333333333333703, 0.3333333333333333703, 0.3333333333333333703, 0.3333333333333333703, 0.3333333333333333703, 0.3333333333333333703, 0.3333333333333333703, 0.3333333333333333703, 0.3333333333333333703, 0.3333333333333333703, 0.3333333333333333703, 0.3333333333333333703, 0.3333333333333333703, 0.3333333333333333703, 0.3333333333333333703, 0.3333333333333333703, 0.3333333333333333703, 0.3333333333333333703, 0.3333333333333333703, 0.3333333333333333703, 0.3333333333333333703, 0.3333333333333333703, 0.3333333333333333703, 0.3333333333333333703, 0.3333333333333333703, 0.3333333333333333703, 0.3333333333333333703, 0.3333333333333333703, 0.3333333333333333703, 0.3333333333333333703, 0.3333333333333333703, 0.3333333333333333703, 0.3333333333333333703, 0.3333333333333333703, 0.3333333333333333703, 0.3333333333333333703, 0.3333333333333333703, 0.3333333333333333703, 0.3333333333333333703, 0.3333333333333333703, 0.3333333333333333703, 0.3333333333333333703, 0.3333333333333333703, 0.3333333333333333703, 0.3333333333333333703, 0.3333333333333333703, 0.3333333333333333703, 0.3333333333333333703, 0.3333333333333333703, 0.3333333333333333703, 0.3333333333333333703, 0.3333333333333333703, 0.3333333333333333703, 0.3333333333333333703, 0.3333333333333333703, 0.3333333333333333703, 0.3333333333333333703, 0.3333333333333333703, 0.3333333333333333703, 0.3333333333333333703, 0.3333333333333333703, 0.3333333333333333703, 0.3333333333333333703, 0.3333333333333333703, 0.3333333333333333703, 0.3333333333333333703, 0.3333333333333333703, 0.3333333333333333703),
 ( 0.3333333333333333703, 0.3333333333333333703, 0.3333333333333333703, 0.3333333333333333703, 0.3333333333333333703, 0.3333333333333333703, 0.3333333333333333703, 0.3333333333333333703, 0.3333333333333333703, 0.3333333333333333703, 0.3333333333333333703, 0.3333333333333333703, 0.3333333333333333703, 0.3333333333333333703, 0.3333333333333333703, 0.3333333333333333703, 0.3333333333333333703, 0.3333333333333333703, 0.3333333333333333703, 0.3333333333333333703, 0.3333333333333333703, 0.3333333333333333703, 0.3333333333333333703, 0.3333333333333333703, 0.3333333333333333703, 0.3333333333333333703, 0.3333333333333333703, 0.3333333333333333703, 0.3333333333333333703, 0.3333333333333333703, 0.3333333333333333703, 0.3333333333333333703, 0.3333333333333333703, 0.3333333333333333703, 0.3333333333333333703, 0.3333333333333333703, 0.3333333333333333703, 0.3333333333333333703, 0.3333333333333333703, 0.3333333333333333703, 0.3333333333333333703, 0.3333333333333333703, 0.3333333333333333703, 0.3333333333333333703, 0.3333333333333333703, 0.3333333333333333703, 0.3333333333333333703, 0.3333333333333333703, 0.3333333333333333703, 0.3333333333333333703, 0.3333333333333333703, 0.3333333333333333703, 0.3333333333333333703, 0.3333333333333333703, 0.3333333333333333703, 0.3333333333333333703, 0.3333333333333333703, 0.3333333333333333703, 0.3333333333333333703, 0.3333333333333333703, 0.3333333333333333703, 0.3333333333333333703, 0.3333333333333333703, 0.3333333333333333703, 0.3333333333333333703, 0.3333333333333333703, 0.3333333333333333703, 0.3333333333333333703, 0.3333333333333333703, 0.3333333333333333703, 0.3333333333333333703, 0.3333333333333333703, 0.3333333333333333703, 0.3333333333333333703, 0.3333333333333333703, 0.3333333333333333703, 0.3333333333333333703, 0.3333333333333333703, 0.3333333333333333703, 0.3333333333333333703, 0.3333333333333333703, 0.3333333333333333703, 0.3333333333333333703, 0.3333333333333333703, 0.3333333333333333703, 0.3333333333333333703, 0.3333333333333333703, 0.3333333333333333703, 0.3333333333333333703, 0.3333333333333333703, 0.3333333333333333703, 0.3333333333333333703, 0.3333333333333333703, 0.3333333333333333703, 0.3333333333333333703, 0.3333333333333333703, 0.3333333333333333703, 0.3333333333333333703),
 ( 1.000000000000000000, 1.000000000000000000, 1.000000000000000000, 1.000000000000000000, 1.000000000000000000, 1.000000000000000000, 1.000000000000000000, 1.000000000000000000, 1.000000000000000000, 1.000000000000000000, 1.000000000000000000, 1.000000000000000000, 1.000000000000000000, 1.000000000000000000, 1.000000000000000000, 1.000000000000000000, 1.000000000000000000, 1.000000000000000000, 1.000000000000000000, 1.000000000000000000, 1.000000000000000000, 1.000000000000000000, 1.000000000000000000, 1.000000000000000000, 1.000000000000000000, 1.000000000000000000, 1.000000000000000000, 1.000000000000000000, 1.000000000000000000, 1.000000000000000000, 1.000000000000000000, 1.000000000000000000, 1.000000000000000000, 1.000000000000000000, 1.000000000000000000, 1.000000000000000000, 1.000000000000000000, 1.000000000000000000, 1.000000000000000000, 1.000000000000000000, 1.000000000000000000, 1.000000000000000000, 1.000000000000000000, 1.000000000000000000, 1.000000000000000000, 1.000000000000000000, 1.000000000000000000, 1.000000000000000000, 1.000000000000000000, 1.000000000000000000, 1.000000000000000000, 1.000000000000000000, 1.000000000000000000, 1.000000000000000000, 1.000000000000000000, 1.000000000000000000, 1.000000000000000000, 1.000000000000000000, 1.000000000000000000, 1.000000000000000000, 1.000000000000000000, 1.000000000000000000, 1.000000000000000000, 1.000000000000000000, 1.000000000000000000, 1.000000000000000000, 1.000000000000000000, 1.000000000000000000, 1.000000000000000000, 1.000000000000000000, 1.000000000000000000, 1.000000000000000000, 1.000000000000000000, 1.000000000000000000, 1.000000000000000000, 1.000000000000000000, 1.000000000000000000, 1.000000000000000000, 1.000000000000000000, 1.000000000000000000, 1.000000000000000000, 1.000000000000000000, 1.000000000000000000, 1.000000000000000000, 1.000000000000000000, 1.000000000000000000, 1.000000000000000000, 1.000000000000000000, 1.000000000000000000, 1.000000000000000000, 1.000000000000000000, 1.000000000000000000, 1.000000000000000000, 1.000000000000000000, 1.000000000000000000, 1.000000000000000000, 1.000000000000000000, 1.000000000000000000),
 ( 0.3333333333333333703, 0.3333333333333333703, 0.3333333333333333703, 0.3333333333333333703, 0.3333333333333333703, 0.3333333333333333703, 0.3333333333333333703, 0.3333333333333333703, 0.3333333333333333703, 0.3333333333333333703, 0.3333333333333333703, 0.3333333333333333703, 0.3333333333333333703, 0.3333333333333333703, 0.3333333333333333703, 0.3333333333333333703, 0.3333333333333333703, 0.3333333333333333703, 0.3333333333333333703, 0.3333333333333333703, 0.3333333333333333703, 0.3333333333333333703, 0.3333333333333333703, 0.3333333333333333703, 0.3333333333333333703, 0.3333333333333333703, 0.3333333333333333703, 0.3333333333333333703, 0.3333333333333333703, 0.3333333333333333703, 0.3333333333333333703, 0.3333333333333333703, 0.3333333333333333703, 0.3333333333333333703, 0.3333333333333333703, 0.3333333333333333703, 0.3333333333333333703, 0.3333333333333333703, 0.3333333333333333703, 0.3333333333333333703, 0.3333333333333333703, 0.3333333333333333703, 0.3333333333333333703, 0.3333333333333333703, 0.3333333333333333703, 0.3333333333333333703, 0.3333333333333333703, 0.3333333333333333703, 0.3333333333333333703, 0.3333333333333333703, 0.3333333333333333703, 0.3333333333333333703, 0.3333333333333333703, 0.3333333333333333703, 0.3333333333333333703, 0.3333333333333333703, 0.3333333333333333703, 0.3333333333333333703, 0.3333333333333333703, 0.3333333333333333703, 0.3333333333333333703, 0.3333333333333333703, 0.3333333333333333703, 0.3333333333333333703, 0.3333333333333333703, 0.3333333333333333703, 0.3333333333333333703, 0.3333333333333333703, 0.3333333333333333703, 0.3333333333333333703, 0.3333333333333333703, 0.3333333333333333703, 0.3333333333333333703, 0.3333333333333333703, 0.3333333333333333703, 0.3333333333333333703, 0.3333333333333333703, 0.3333333333333333703, 0.3333333333333333703, 0.3333333333333333703, 0.3333333333333333703, 0.3333333333333333703, 0.3333333333333333703, 0.3333333333333333703, 0.3333333333333333703, 0.3333333333333333703, 0.3333333333333333703, 0.3333333333333333703, 0.3333333333333333703, 0.3333333333333333703, 0.3333333333333333703, 0.3333333333333333703, 0.3333333333333333703, 0.3333333333333333703, 0.3333333333333333703, 0.3333333333333333703, 0.3333333333333333703, 0.3333333333333333703),
 ( 0.3333333333333333703, 0.3333333333333333703, 0.3333333333333333703, 0.3333333333333333703, 0.3333333333333333703, 0.3333333333333333703, 0.3333333333333333703, 0.3333333333333333703, 0.3333333333333333703, 0.3333333333333333703, 0.3333333333333333703, 0.3333333333333333703, 0.3333333333333333703, 0.3333333333333333703, 0.3333333333333333703, 0.3333333333333333703, 0.3333333333333333703, 0.3333333333333333703, 0.3333333333333333703, 0.3333333333333333703, 0.3333333333333333703, 0.3333333333333333703, 0.3333333333333333703, 0.3333333333333333703, 0.3333333333333333703, 0.3333333333333333703, 0.3333333333333333703, 0.3333333333333333703, 0.3333333333333333703, 0.3333333333333333703, 0.3333333333333333703, 0.3333333333333333703, 0.3333333333333333703, 0.3333333333333333703, 0.3333333333333333703, 0.3333333333333333703, 0.3333333333333333703, 0.3333333333333333703, 0.3333333333333333703, 0.3333333333333333703, 0.3333333333333333703, 0.3333333333333333703, 0.3333333333333333703, 0.3333333333333333703, 0.3333333333333333703, 0.3333333333333333703, 0.3333333333333333703, 0.3333333333333333703, 0.3333333333333333703, 0.3333333333333333703, 0.3333333333333333703, 0.3333333333333333703, 0.3333333333333333703, 0.3333333333333333703, 0.3333333333333333703, 0.3333333333333333703, 0.3333333333333333703, 0.3333333333333333703, 0.3333333333333333703, 0.3333333333333333703, 0.3333333333333333703, 0.3333333333333333703, 0.3333333333333333703, 0.3333333333333333703, 0.3333333333333333703, 0.3333333333333333703, 0.3333333333333333703, 0.3333333333333333703, 0.3333333333333333703, 0.3333333333333333703, 0.3333333333333333703, 0.3333333333333333703, 0.3333333333333333703, 0.3333333333333333703, 0.3333333333333333703, 0.3333333333333333703, 0.3333333333333333703, 0.3333333333333333703, 0.3333333333333333703, 0.3333333333333333703, 0.3333333333333333703, 0.3333333333333333703, 0.3333333333333333703, 0.3333333333333333703, 0.3333333333333333703, 0.3333333333333333703, 0.3333333333333333703, 0.3333333333333333703, 0.3333333333333333703, 0.3333333333333333703, 0.3333333333333333703, 0.3333333333333333703, 0.3333333333333333703, 0.3333333333333333703, 0.3333333333333333703, 0.3333333333333333703, 0.3333333333333333703, 0.3333333333333333703),
 ( 1.000000000000000000, 1.000000000000000000, 1.000000000000000000, 1.000000000000000000, 1.000000000000000000, 1.000000000000000000, 1.000000000000000000, 1.000000000000000000, 1.000000000000000000, 1.000000000000000000, 1.000000000000000000, 1.000000000000000000, 1.000000000000000000, 1.000000000000000000, 1.000000000000000000, 1.000000000000000000, 1.000000000000000000, 1.000000000000000000, 1.000000000000000000, 1.000000000000000000, 1.000000000000000000, 1.000000000000000000, 1.000000000000000000, 1.000000000000000000, 1.000000000000000000, 1.000000000000000000, 1.000000000000000000, 1.000000000000000000, 1.000000000000000000, 1.000000000000000000, 1.000000000000000000, 1.000000000000000000, 1.000000000000000000, 1.000000000000000000, 1.000000000000000000, 1.000000000000000000, 1.000000000000000000, 1.000000000000000000, 1.000000000000000000, 1.000000000000000000, 1.000000000000000000, 1.000000000000000000, 1.000000000000000000, 1.000000000000000000, 1.000000000000000000, 1.000000000000000000, 1.000000000000000000, 1.000000000000000000, 1.000000000000000000, 1.000000000000000000, 1.000000000000000000, 1.000000000000000000, 1.000000000000000000, 1.000000000000000000, 1.000000000000000000, 1.000000000000000000, 1.000000000000000000, 1.000000000000000000, 1.000000000000000000, 1.000000000000000000, 1.000000000000000000, 1.000000000000000000, 1.000000000000000000, 1.000000000000000000, 1.000000000000000000, 1.000000000000000000, 1.000000000000000000, 1.000000000000000000, 1.000000000000000000, 1.000000000000000000, 1.000000000000000000, 1.000000000000000000, 1.000000000000000000, 1.000000000000000000, 1.000000000000000000, 1.000000000000000000, 1.000000000000000000, 1.000000000000000000, 1.000000000000000000, 1.000000000000000000, 1.000000000000000000, 1.000000000000000000, 1.000000000000000000, 1.000000000000000000, 1.000000000000000000, 1.000000000000000000, 1.000000000000000000, 1.000000000000000000, 1.000000000000000000, 1.000000000000000000, 1.000000000000000000, 1.000000000000000000, 1.000000000000000000, 1.000000000000000000, 1.000000000000000000, 1.000000000000000000, 1.000000000000000000, 1.000000000000000000) ) ) 
 REPRESENTATION_ITEM ( '' )  SURFACE ( )  );
#2095 = ORIENTED_EDGE ( 'NONE', *, *, #1497, .T. ) ;
#2096 = ORIENTED_EDGE ( 'NONE', *, *, #3329, .F. ) ;
#2097 = CARTESIAN_POINT ( 'NONE',  ( -2.689999999999999947, -0.3551601198073283117, -0.5088562445335326201 ) ) ;
#2098 = DIRECTION ( 'NONE',  ( 0.000000000000000000, 0.000000000000000000, -1.000000000000000000 ) ) ;
#2099 = CARTESIAN_POINT ( 'NONE',  ( -0.7177227165922036578, -0.5685725380030651754, -1.822392082177895389 ) ) ;
#2100 = ORIENTED_EDGE ( 'NONE', *, *, #1483, .T. ) ;
#2101 = VECTOR ( 'NONE', #4310, 1000.000000000000000 ) ;
#2102 = CARTESIAN_POINT ( 'NONE',  ( 1.057341817927515804, -4.920881546859084743, -1.889081653261696303 ) ) ;
#2103 = CARTESIAN_POINT ( 'NONE',  ( 5.000000000000000000, -1.147487373415291723, 0.05251262658470919747 ) ) ;
#2104 = CARTESIAN_POINT ( 'NONE',  ( 3.874956677824914486, -0.3499999999999873213, 1.243917945992723206 ) ) ;
#2105 = CARTESIAN_POINT ( 'NONE',  ( -0.5166291200291569519, -0.9281492526989310043, 1.353090621958594308 ) ) ;
#2106 = TOROIDAL_SURFACE ( 'NONE', #4297, 0.6499999999999998002, 0.2000000000000000389 ) ;
#2107 = CARTESIAN_POINT ( 'NONE',  ( 0.6820282901094908423, -3.025048213526077223, 1.639875968628053071 ) ) ;
#2108 = CARTESIAN_POINT ( 'NONE',  ( -2.312745555818541021, -8.839014286474133897, -0.6433516296032321113 ) ) ;
#2109 = CARTESIAN_POINT ( 'NONE',  ( 4.400000000000000355, -0.1928932188134528380, 0.3000000000000007105 ) ) ;
#2110 = CARTESIAN_POINT ( 'NONE',  ( -1.129799452363548840, -1.217045720401882081, 0.6297994523635446207 ) ) ;
#2111 = VERTEX_POINT ( 'NONE', #732 ) ;
#2112 = ORIENTED_EDGE ( 'NONE', *, *, #1744, .T. ) ;
#2113 = SURFACE_SIDE_STYLE ('',( #4197 ) ) ;
#2114 = CARTESIAN_POINT ( 'NONE',  ( 4.050000000000000711, -0.3550252531694166880, -0.4571067811865470731 ) ) ;
#2115 = CARTESIAN_POINT ( 'NONE',  ( -3.997283938352719446, -0.3499999999999999778, -0.9064273185473941119 ) ) ;
#2116 = DIRECTION ( 'NONE',  ( -0.000000000000000000, 0.000000000000000000, -1.000000000000000000 ) ) ;
#2117 = EDGE_LOOP ( 'NONE', ( #61, #1683, #2309, #2058 ) ) ;
#2118 = CARTESIAN_POINT ( 'NONE',  ( -2.414992670280229792, -8.898259078140593914, -1.705588479930527424 ) ) ;
#2119 = CARTESIAN_POINT ( 'NONE',  ( -2.146062712639148717, -1.197772511989703803, -0.9056154145233956676 ) ) ;
#2120 = DIRECTION ( 'NONE',  ( 0.000000000000000000, 0.000000000000000000, 1.000000000000000000 ) ) ;
#2121 = EDGE_LOOP ( 'NONE', ( #980 ) ) ;
#2122 = DIRECTION ( 'NONE',  ( 0.000000000000000000, -0.7071067811865479058, -0.7071067811865470176 ) ) ;
#2123 = CARTESIAN_POINT ( 'NONE',  ( 3.997284718555751404, -0.3630886574499243569, 1.400606150448412857 ) ) ;
#2124 = CARTESIAN_POINT ( 'NONE',  ( -3.850000000000000533, -0.5140364940634619684, -0.3700225521656282379 ) ) ;
#2125 = EDGE_LOOP ( 'NONE', ( #4218 ) ) ;
#2126 = VECTOR ( 'NONE', #239, 1000.000000000000000 ) ;
#2127 = CARTESIAN_POINT ( 'NONE',  ( 1.135201451024526964, -7.764631546859218858, -2.437923996243088975 ) ) ;
#2128 = CARTESIAN_POINT ( 'NONE',  ( -1.698641753353964612, -3.293701786473717696, -0.09733915868498457802 ) ) ;
#2129 = CARTESIAN_POINT ( 'NONE',  ( -4.207632328796364618, -2.710505431213761085E-17, 1.041566269469299533 ) ) ;
#2130 = CARTESIAN_POINT ( 'NONE',  ( -0.8838834764831864366, -0.3300000000000003486, 0.3838834764831835500 ) ) ;
#2131 = AXIS2_PLACEMENT_3D ( 'NONE', #3210, #3859, #3181 ) ;
#2132 = EDGE_CURVE ( 'NONE', #3459, #2353, #4193, .T. ) ;
#2133 = CARTESIAN_POINT ( 'NONE',  ( -3.760224748819538831, -0.3499999999999999778, 1.252081528017132017 ) ) ;
#2134 = ORIENTED_EDGE ( 'NONE', *, *, #695, .F. ) ;
#2135 = VERTEX_POINT ( 'NONE', #781 ) ;
#2136 = VECTOR ( 'NONE', #3004, 1000.000000000000000 ) ;
#2137 = CYLINDRICAL_SURFACE ( 'NONE', #2915, 0.7500000000000006661 ) ;
#2138 = CARTESIAN_POINT ( 'NONE',  ( -0.8777406153115440146, -0.9292896438123682268, 0.3777406153116055765 ) ) ;
#2139 = CARTESIAN_POINT ( 'NONE',  ( -1.171147799881006257, -0.9017215149283122066, 0.2750325722010855123 ) ) ;
#2140 = ORIENTED_EDGE ( 'NONE', *, *, #4327, .F. ) ;
#2141 = CARTESIAN_POINT ( 'NONE',  ( 1.405340633979152098, -7.274951786473740967, -2.859325403612238858 ) ) ;
#2142 = DIRECTION ( 'NONE',  ( 0.000000000000000000, -0.7071067811865474617, 0.7071067811865476838 ) ) ;
#2143 = CARTESIAN_POINT ( 'NONE',  ( -2.284344442285129784, -0.9533984102466801502, -0.1467826387385548215 ) ) ;
#2144 = ORIENTED_EDGE ( 'NONE', *, *, #3578, .F. ) ;
#2145 = CIRCLE ( 'NONE', #2518, 0.5000000000000000000 ) ;
#2146 = DIRECTION ( 'NONE',  ( 0.000000000000000000, -1.407146337015102995E-16, 1.000000000000000000 ) ) ;
#2147 = CARTESIAN_POINT ( 'NONE',  ( 4.000000000140746081, 0.000000000000000000, -0.2612041010047776446 ) ) ;
#2148 = VECTOR ( 'NONE', #2447, 1000.000000000000000 ) ;
#2149 = CARTESIAN_POINT ( 'NONE',  ( -4.110224748819537588, 0.000000000000000000, 1.107106781186547817 ) ) ;
#2150 = ORIENTED_EDGE ( 'NONE', *, *, #774, .F. ) ;
#2151 = EDGE_LOOP ( 'NONE', ( #3284, #4078, #3143 ) ) ;
#2152 = TOROIDAL_SURFACE ( 'NONE', #3909, 0.6499999999999998002, 0.2000000000000000389 ) ;
#2153 = CARTESIAN_POINT ( 'NONE',  ( 2.136651165790097284, -5.489631546859463640, 0.1920646973733996787 ) ) ;
#2154 = CARTESIAN_POINT ( 'NONE',  ( 1.576215157484998297, -2.156201786473616266, 0.2503767964699341042 ) ) ;
#2155 = CARTESIAN_POINT ( 'NONE',  ( -1.199577260580146909, -9.700000000000001066, -2.344183937653461225 ) ) ;
#2156 = ADVANCED_FACE ( 'NONE', ( #3562 ), #446, .T. ) ;
#2157 = DIRECTION ( 'NONE',  ( 0.5582457433391974089, -0.000000000000000000, -0.8296756535198962501 ) ) ;
#2158 = ORIENTED_EDGE ( 'NONE', *, *, #1640, .F. ) ;
#2159 = ORIENTED_EDGE ( 'NONE', *, *, #1416, .T. ) ;
#2160 = CARTESIAN_POINT ( 'NONE',  ( 0.6705836174166541763, -0.7613814204307312039, 0.9467951040871402935 ) ) ;
#2161 = CARTESIAN_POINT ( 'NONE',  ( 4.200000000000001066, -0.1632538509555450656, -0.2273957346587454076 ) ) ;
#2162 = CARTESIAN_POINT ( 'NONE',  ( -1.129799452363548395, -1.217045720401881637, -1.629799452363543510 ) ) ;
#2163 = FACE_OUTER_BOUND ( 'NONE', #3378, .T. ) ;
#2164 = VERTEX_POINT ( 'NONE', #2524 ) ;
#2165 = ADVANCED_FACE ( 'NONE', ( #3917 ), #1218, .F. ) ;
#2166 = VERTEX_POINT ( 'NONE', #2474 ) ;
#2167 = CARTESIAN_POINT ( 'NONE',  ( 2.700546246387071747, -9.147087203140921829, 0.2648228066361298927 ) ) ;
#2168 = CARTESIAN_POINT ( 'NONE',  ( 4.000000000000000888, 0.000000000000000000, -0.1171572875253803769 ) ) ;
#2169 = CARTESIAN_POINT ( 'NONE',  ( -0.5570172842449175876, -0.9055607778415252218, -2.246503738340352996 ) ) ;
#2170 = B_SPLINE_CURVE_WITH_KNOTS ( 'NONE', 3,
 ( #1537, #4318, #3906, #2834 ),
 .UNSPECIFIED., .F., .F.,
 ( 4, 4 ),
 ( 2.128409395524248632E-05, 0.0004676662902120875339 ),
 .UNSPECIFIED. ) ;
#2171 = CARTESIAN_POINT ( 'NONE',  ( -0.8838834764831859925, -0.3581626666971282624, -1.383883476483181774 ) ) ;
#2172 = VECTOR ( 'NONE', #360, 1000.000000000000000 ) ;
#2173 = LINE ( 'NONE', #1456, #4175 ) ;
#2174 = VERTEX_POINT ( 'NONE', #3301 ) ;
#2175 = CARTESIAN_POINT ( 'NONE',  ( -2.689999999999999947, -0.8448398801929399848, -0.4911437554738299904 ) ) ;
#2176 = CARTESIAN_POINT ( 'NONE',  ( -1.115459094144095387, -6.706201786473474868, -1.842859102310556718 ) ) ;
#2177 = EDGE_CURVE ( 'NONE', #1278, #3297, #59, .T. ) ;
#2178 = LINE ( 'NONE', #1816, #3288 ) ;
#2179 = CARTESIAN_POINT ( 'NONE',  ( -4.050000000000000711, -0.3499999999999999223, 1.552081528017131618 ) ) ;
#2180 = EDGE_LOOP ( 'NONE', ( #3955, #2555, #3084, #1970 ) ) ;
#2181 = CARTESIAN_POINT ( 'NONE',  ( 3.760224748819538387, -0.3499999999999998668, 1.252081528017131351 ) ) ;
#2182 = DIRECTION ( 'NONE',  ( 0.000000000000000000, 1.000000000000000000, 0.000000000000000000 ) ) ;
#2183 = CARTESIAN_POINT ( 'NONE',  ( -3.850000000000000533, -0.3499999999999999223, 1.552081528017131618 ) ) ;
#2184 = VERTEX_POINT ( 'NONE', #4186 ) ;
#2185 = CARTESIAN_POINT ( 'NONE',  ( -1.544183257712662183, -1.401740921859313982, -1.242623548709483439 ) ) ;
#2186 = EDGE_LOOP ( 'NONE', ( #2798, #86, #2254, #1198, #1150 ) ) ;
#2187 = CARTESIAN_POINT ( 'NONE',  ( -0.2847975916494987492, -2.724951786474056892, 2.231352959510817247 ) ) ;
#2188 = CARTESIAN_POINT ( 'NONE',  ( -0.7257184977935288162, -0.3334786804920452652, 0.8012907170400985768 ) ) ;
#2189 = CARTESIAN_POINT ( 'NONE',  ( 0.000000000000000000, -0.5000000000000000000, 1.407106781186548083 ) ) ;
#2190 = DIRECTION ( 'NONE',  ( -1.000000000000000000, 0.000000000000000000, 0.000000000000000000 ) ) ;
#2191 = CARTESIAN_POINT ( 'NONE',  ( 0.9714363997507491355, -0.6700958119416972059, -1.350707707360548238 ) ) ;
#2192 = VERTEX_POINT ( 'NONE', #883 ) ;
#2193 = CARTESIAN_POINT ( 'NONE',  ( -2.744907384322963217, -3.878173213526404428, -0.4170415216432410976 ) ) ;
#2194 = CARTESIAN_POINT ( 'NONE',  ( 0.02808908912755035681, -5.568701786473961413, 1.245488631426271420 ) ) ;
#2195 = CARTESIAN_POINT ( 'NONE',  ( -4.000000000140746081, -5.421010862427522170E-17, 0.8612041010047827294 ) ) ;
#2196 = DIRECTION ( 'NONE',  ( 0.000000000000000000, -0.7071067811865476838, -0.7071067811865471286 ) ) ;
#2197 = VERTEX_POINT ( 'NONE', #1538 ) ;
#2198 = CARTESIAN_POINT ( 'NONE',  ( 0.4056077856773606660, -1.197771894130862158, 1.646082845639530001 ) ) ;
#2199 = DIRECTION ( 'NONE',  ( 0.8377175776452644440, -0.03614793685653613919, -0.5449060348034020507 ) ) ;
#2200 = CARTESIAN_POINT ( 'NONE',  ( -2.176170038838354692, -0.9567145378095859298, -0.1057929276039375338 ) ) ;
#2201 = AXIS2_PLACEMENT_3D ( 'NONE', #2958, #1235, #3981 ) ;
#2202 = CARTESIAN_POINT ( 'NONE',  ( 3.857632328796366306, -0.3499999999999997558, -0.5865410162998860866 ) ) ;
#2203 = CARTESIAN_POINT ( 'NONE',  ( -2.600784885292660054, -1.193268229768540634, -1.179335089985535490 ) ) ;
#2204 = DIRECTION ( 'NONE',  ( 0.000000000000000000, 0.000000000000000000, 1.000000000000000000 ) ) ;
#2205 = ORIENTED_EDGE ( 'NONE', *, *, #289, .F. ) ;
#2206 = CARTESIAN_POINT ( 'NONE',  ( -0.5266125149364836444, -3.309423213525770624, 1.164391425860775930 ) ) ;
#2207 = CARTESIAN_POINT ( 'NONE',  ( 2.606272381509694647, -4.999951786473985749, 0.3652993303016872084 ) ) ;
#2208 = LINE ( 'NONE', #2236, #4033 ) ;
#2209 = EDGE_CURVE ( 'NONE', #4365, #3200, #1203, .T. ) ;
#2210 = VECTOR ( 'NONE', #909, 1000.000000000000000 ) ;
#2211 = CARTESIAN_POINT ( 'NONE',  ( 0.8838834764831866586, -0.3300000000000000155, -1.383883476483181330 ) ) ;
#2212 = B_SPLINE_CURVE_WITH_KNOTS ( 'NONE', 3,
 ( #4222, #385, #1753, #2740, #764, #2139, #323, #1697, #3087, #4136, #1017, #2400 ),
 .UNSPECIFIED., .F., .F.,
 ( 4, 2, 2, 2, 2, 4 ),
 ( 0.000000000000000000, 0.0002348678385268728960, 0.0004697356770537457920, 0.0009394713541074915840, 0.001409207031161237430, 0.001878942708214983168 ),
 .UNSPECIFIED. ) ;
#2213 = EDGE_CURVE ( 'NONE', #319, #108, #2217, .T. ) ;
#2214 = LINE ( 'NONE', #3258, #2210 ) ;
#2215 = CARTESIAN_POINT ( 'NONE',  ( -3.690071388773237260, -0.3499999999999999778, -0.5478182429329684355 ) ) ;
#2216 = VERTEX_POINT ( 'NONE', #1896 ) ;
#2217 = CIRCLE ( 'NONE', #2803, 0.2000000000000000944 ) ;
#2218 = CARTESIAN_POINT ( 'NONE',  ( 0.6724484536185083572, -4.731298213526525132, -3.162557367432190514 ) ) ;
#2219 = CARTESIAN_POINT ( 'NONE',  ( -1.618986375065103012, -3.578076786473717963, -1.152995158266610698 ) ) ;
#2220 = CARTESIAN_POINT ( 'NONE',  ( -4.149142275164285465, 0.000000000000000000, -0.5649466397810701812 ) ) ;
#2221 = CARTESIAN_POINT ( 'NONE',  ( 1.129799452363549728, -1.217045720401881637, -1.629799452363541956 ) ) ;
#2222 = APPLICATION_CONTEXT ( 'automotive_design' ) ;
#2223 = EDGE_CURVE ( 'NONE', #2370, #2164, #3557, .T. ) ;
#2224 = CARTESIAN_POINT ( 'NONE',  ( 4.050000000000000711, -0.7939339828220179918, 0.9010407640085656977 ) ) ;
#2225 = CARTESIAN_POINT ( 'NONE',  ( 4.294674486157707527, 0.000000000000000000, 1.315890690279574393 ) ) ;
#2226 = CARTESIAN_POINT ( 'NONE',  ( -1.545439278308324837, -0.8239152461752237144, 0.1332051241921770324 ) ) ;
#2227 = B_SPLINE_CURVE_WITH_KNOTS ( 'NONE', 3,
 ( #3610, #3227, #3521, #2825, #4220, #4267, #2922, #3922, #2876, #1106 ),
 .UNSPECIFIED., .F., .F.,
 ( 4, 2, 2, 2, 4 ),
 ( 4.470280076681872512E-19, 0.0003435790352818995246, 0.0006871580705637991577, 0.001030737105845698845, 0.001374316141127598532 ),
 .UNSPECIFIED. ) ;
#2228 = ADVANCED_FACE ( 'NONE', ( #3975 ), #3108, .F. ) ;
#2229 = CARTESIAN_POINT ( 'NONE',  ( 3.850000000000000977, -0.3499999999999999778, -0.2621320343559636057 ) ) ;
#2230 = DIRECTION ( 'NONE',  ( 2.478176394252581141E-16, -0.000000000000000000, 1.000000000000000000 ) ) ;
#2231 = VECTOR ( 'NONE', #1656, 1000.000000000000000 ) ;
#2232 = CARTESIAN_POINT ( 'NONE',  ( -3.850000000000000533, -0.5132538509555449879, -0.3723704814893284420 ) ) ;
#2233 = EDGE_LOOP ( 'NONE', ( #1781, #102, #2014, #1906, #107 ) ) ;
#2234 = CARTESIAN_POINT ( 'NONE',  ( 0.04616718407139393243, -6.058381546859205713, 1.245104051476938700 ) ) ;
#2235 = CARTESIAN_POINT ( 'NONE',  ( 2.149020124139770616, -4.715576786474096060, -1.152644049742777899 ) ) ;
#2236 = CARTESIAN_POINT ( 'NONE',  ( 5.000000000000000000, -0.3499999999999999778, -3.499999999999999556 ) ) ;
#2237 = ADVANCED_FACE ( 'NONE', ( #3327 ), #3042, .F. ) ;
#2238 = CARTESIAN_POINT ( 'NONE',  ( 4.010472906349059841, -0.3500580997162248686, 1.491224741033933876 ) ) ;
#2239 = DIRECTION ( 'NONE',  ( 0.000000000000000000, 0.7071067811865476838, -0.7071067811865474617 ) ) ;
#2240 = EDGE_LOOP ( 'NONE', ( #3553, #2622, #1055, #2072 ) ) ;
#2241 = CYLINDRICAL_SURFACE ( 'NONE', #3956, 1.250000000000000000 ) ;
#2242 =( BOUNDED_CURVE ( )  B_SPLINE_CURVE ( 3, ( #831, #1862, #2161, #2850 ),
 .UNSPECIFIED., .F., .F. ) 
 B_SPLINE_CURVE_WITH_KNOTS ( ( 4, 4 ),
 ( 3.951811611221969667, 4.712388980384689674 ),
 .UNSPECIFIED. ) 
 CURVE ( )  GEOMETRIC_REPRESENTATION_ITEM ( )  RATIONAL_B_SPLINE_CURVE ( ( 1.000000000000000000, 0.9523716785737833534, 0.9523716785737833534, 1.000000000000000000 ) ) 
 REPRESENTATION_ITEM ( '' )  );
#2243 = EDGE_CURVE ( 'NONE', #4269, #4177, #525, .T. ) ;
#2244 = CARTESIAN_POINT ( 'NONE',  ( -0.5090549935140763482, -6.153173213526161867, 2.198566595661141765 ) ) ;
#2245 = CARTESIAN_POINT ( 'NONE',  ( -1.353284906116418274, -9.431462203140307921, -1.662808302843514330 ) ) ;
#2246 = CARTESIAN_POINT ( 'NONE',  ( 2.600784885292632964, -1.193268229768541078, -1.179335089985581231 ) ) ;
#2247 = DIRECTION ( 'NONE',  ( 1.000000000000000000, -0.000000000000000000, 2.478176394252581141E-16 ) ) ;
#2248 = TOROIDAL_SURFACE ( 'NONE', #2692, 0.7000000000000000666, 0.2000000000000000389 ) ;
#2249 = CARTESIAN_POINT ( 'NONE',  ( 0.8505424942101570407, -0.6707518247734732819, 0.4718724075559005415 ) ) ;
#2250 = CARTESIAN_POINT ( 'NONE',  ( 4.400000000000000355, -0.005025253169416704982, -0.3121320343559637611 ) ) ;
#2251 = CARTESIAN_POINT ( 'NONE',  ( -1.301290717040100020, -0.3334786804920451542, 0.2257184977935250692 ) ) ;
#2252 = CARTESIAN_POINT ( 'NONE',  ( 1.499999999999999556, 0.000000000000000000, 5.000000000000001776 ) ) ;
#2253 = CARTESIAN_POINT ( 'NONE',  ( 1.560659544652545083, -0.3334786804920450431, -0.7681003207884816719 ) ) ;
#2254 = ORIENTED_EDGE ( 'NONE', *, *, #734, .T. ) ;
#2255 = CARTESIAN_POINT ( 'NONE',  ( 3.970035303637475366, -0.3499999999999982569, -0.8285477205724528504 ) ) ;
#2256 = CIRCLE ( 'NONE', #2624, 2.319395077624665458 ) ;
#2257 = ORIENTED_EDGE ( 'NONE', *, *, #2395, .T. ) ;
#2258 = CARTESIAN_POINT ( 'NONE',  ( 0.8557843386064695190, -1.010725296859414479, -2.065610525188397606 ) ) ;
#2259 = CARTESIAN_POINT ( 'NONE',  ( 1.099361396648975475, -2.440576786473628079, 1.458478049195764958 ) ) ;
#2260 = CARTESIAN_POINT ( 'NONE',  ( -0.2779936529324071870, -0.6805721227388388250, -2.118286727180386020 ) ) ;
#2261 = CARTESIAN_POINT ( 'NONE',  ( 5.000000000000000000, 1.067258967350033450, 2.267258967350034737 ) ) ;
#2262 = CARTESIAN_POINT ( 'NONE',  ( -4.200000000000000178, -0.4050252531694170099, 0.08786796564403664966 ) ) ;
#2263 = ORIENTED_EDGE ( 'NONE', *, *, #30, .T. ) ;
#2264 = B_SPLINE_CURVE_WITH_KNOTS ( 'NONE', 3,
 ( #1929, #2225, #3268, #224 ),
 .UNSPECIFIED., .F., .F.,
 ( 4, 4 ),
 ( -4.000000000137097184E-06, 0.0004140006602366973253 ),
 .UNSPECIFIED. ) ;
#2265 = CARTESIAN_POINT ( 'NONE',  ( 2.068673091923215246, -0.9537885895425884941, -0.9349400800350271545 ) ) ;
#2266 = CARTESIAN_POINT ( 'NONE',  ( -0.5695213479893934672, -1.810000000000000275, -1.503002347750765244 ) ) ;
#2267 = CARTESIAN_POINT ( 'NONE',  ( 1.438632909462684406, -1.176610713526302199, 1.910028901536094947 ) ) ;
#2268 = CARTESIAN_POINT ( 'NONE',  ( 1.401650429449553092, -0.3300000000000002376, -0.8661165235168233334 ) ) ;
#2269 = CARTESIAN_POINT ( 'NONE',  ( 4.274471140303101713, -0.07877739380401642399, 1.062126013975803307 ) ) ;
#2270 = CARTESIAN_POINT ( 'NONE',  ( -5.000000000000000000, -0.3499999999999999778, 4.500000000000000888 ) ) ;
#2271 = CARTESIAN_POINT ( 'NONE',  ( 4.500000000000000888, 1.067258967350033450, 2.267258967350034737 ) ) ;
#2272 = CARTESIAN_POINT ( 'NONE',  ( 0.8259135130632121458, -1.397868453140552081, -2.588563769331194475 ) ) ;
#2273 = ADVANCED_FACE ( 'NONE', ( #1454 ), #520, .T. ) ;
#2274 = FACE_OUTER_BOUND ( 'NONE', #741, .T. ) ;
#2275 = ORIENTED_EDGE ( 'NONE', *, *, #622, .F. ) ;
#2276 = CARTESIAN_POINT ( 'NONE',  ( 4.400000000000000355, 0.000000000000000000, -0.8071067811865471064 ) ) ;
#2277 = VERTEX_POINT ( 'NONE', #2496 ) ;
#2278 = AXIS2_PLACEMENT_3D ( 'NONE', #1499, #440, #143 ) ;
#2279 = FACE_OUTER_BOUND ( 'NONE', #3830, .T. ) ;
#2280 = CARTESIAN_POINT ( 'NONE',  ( -1.482217301024575828, -3.009326786474096238, 1.187383661817041247 ) ) ;
#2281 = CARTESIAN_POINT ( 'NONE',  ( -0.2680937155408950612, -0.3334786804920449876, -2.060656140612656895 ) ) ;
#2282 = CARTESIAN_POINT ( 'NONE',  ( 4.400000000000000355, -0.1464466094067264079, 1.053553390593274353 ) ) ;
#2283 = AXIS2_PLACEMENT_3D ( 'NONE', #348, #665, #2703 ) ;
#2284 = CARTESIAN_POINT ( 'NONE',  ( 4.376052191228968269, -7.523163845262640051E-34, 1.337976095750914807 ) ) ;
#2285 = ORIENTED_EDGE ( 'NONE', *, *, #3847, .T. ) ;
#2286 = AXIS2_PLACEMENT_3D ( 'NONE', #1453, #3531, #4206 ) ;
#2287 = CARTESIAN_POINT ( 'NONE',  ( -0.6248323514415817792, -1.108393121367598599, 1.067535547647096461 ) ) ;
#2288 = EDGE_CURVE ( 'NONE', #2461, #786, #2959, .T. ) ;
#2289 = DIRECTION ( 'NONE',  ( 0.000000000000000000, 0.000000000000000000, 1.000000000000000000 ) ) ;
#2290 = CARTESIAN_POINT ( 'NONE',  ( -1.474179715847107275, -9.944839880192940740, -2.750105019427325548 ) ) ;
#2291 = CARTESIAN_POINT ( 'NONE',  ( 1.640059987639086447, -1.193268229768540412, -2.140059987639111760 ) ) ;
#2292 = ORIENTED_EDGE ( 'NONE', *, *, #25, .T. ) ;
#2293 = CARTESIAN_POINT ( 'NONE',  ( -4.050000000000000711, -0.4964466094067262469, 1.198528137423858109 ) ) ;
#2294 = DIRECTION ( 'NONE',  ( 0.000000000000000000, 1.734723475976807094E-15, -1.000000000000000000 ) ) ;
#2295 = CARTESIAN_POINT ( 'NONE',  ( -1.085787380510623290, -9.289274703140788958, 1.522467934209967400 ) ) ;
#2296 = CARTESIAN_POINT ( 'NONE',  ( -1.884150634920012557, -0.4025559531405387692, -1.811215911097733722 ) ) ;
#2297 = CARTESIAN_POINT ( 'NONE',  ( 1.806411254377475073, -0.9526598926696981939, -1.523679641675169227 ) ) ;
#2298 = ORIENTED_EDGE ( 'NONE', *, *, #3167, .T. ) ;
#2299 = LINE ( 'NONE', #3725, #1232 ) ;
#2300 = AXIS2_PLACEMENT_3D ( 'NONE', #3772, #681, #1360 ) ;
#2301 = ORIENTED_EDGE ( 'NONE', *, *, #1161, .T. ) ;
#2302 =( NAMED_UNIT ( * ) SI_UNIT ( $, .STERADIAN. ) SOLID_ANGLE_UNIT ( ) );
#2303 = UNCERTAINTY_MEASURE_WITH_UNIT (LENGTH_MEASURE( 1.000000000000000082E-05 ), #560, 'distance_accuracy_value', 'NONE');
#2304 = CARTESIAN_POINT ( 'NONE',  ( -2.758640043777089712, -9.360368453140569756, 0.01750271815841107290 ) ) ;
#2305 = CARTESIAN_POINT ( 'NONE',  ( -1.139610216522391806, -0.9533984102466798172, -2.511039678796329166 ) ) ;
#2306 = DIRECTION ( 'NONE',  ( 7.567034060054528812E-12, -0.03614793685653613919, -0.9993464497665541790 ) ) ;
#2307 = CARTESIAN_POINT ( 'NONE',  ( 0.8838834764831866586, -0.3722440000456802012, -1.383883476483181330 ) ) ;
#2308 = ADVANCED_FACE ( 'NONE', ( #4075 ), #3940, .F. ) ;
#2309 = ORIENTED_EDGE ( 'NONE', *, *, #2554, .F. ) ;
#2310 = VERTEX_POINT ( 'NONE', #2282 ) ;
#2311 = LINE ( 'NONE', #3028, #1743 ) ;
#2312 = DIRECTION ( 'NONE',  ( -0.5582457433392008506, 0.000000000000000000, -0.8296756535198940297 ) ) ;
#2313 = CARTESIAN_POINT ( 'NONE',  ( -2.755172746756798574, -9.850048213525836260, 0.03565575695574113579 ) ) ;
#2314 = CARTESIAN_POINT ( 'NONE',  ( 0.000000000000000000, -1.193268229768540412, -0.4999999999999990563 ) ) ;
#2315 = EDGE_LOOP ( 'NONE', ( #3612, #4210, #931, #4045 ) ) ;
#2316 = DIRECTION ( 'NONE',  ( 0.000000000000000000, 0.000000000000000000, 1.000000000000000000 ) ) ;
#2317 = DIRECTION ( 'NONE',  ( -1.000000000000000000, -0.000000000000000000, 0.000000000000000000 ) ) ;
#2318 = CARTESIAN_POINT ( 'NONE',  ( -0.7139302509237305250, -1.603173213526159158, -2.608702558160182594 ) ) ;
#2319 = CARTESIAN_POINT ( 'NONE',  ( -1.977779717247289071, -0.9120611614738366457, -1.473662673976316118 ) ) ;
#2320 = CARTESIAN_POINT ( 'NONE',  ( 0.000000000000000000, -0.5000000000000000000, -0.8071067811865471064 ) ) ;
#2321 = VERTEX_POINT ( 'NONE', #1592 ) ;
#2322 = CARTESIAN_POINT ( 'NONE',  ( 3.798896347995647904, -0.3499999999999999778, -0.7095558946700101233 ) ) ;
#2323 = ORIENTED_EDGE ( 'NONE', *, *, #3661, .F. ) ;
#2324 = SURFACE_STYLE_USAGE ( .BOTH. , #2695 ) ;
#2325 = CARTESIAN_POINT ( 'NONE',  ( 1.782268065228605147, -2.250993453140760714, 0.8666573430413423429 ) ) ;
#2326 = B_SPLINE_CURVE_WITH_KNOTS ( 'NONE', 3,
 ( #4395, #3283, #1972, #3644 ),
 .UNSPECIFIED., .F., .F.,
 ( 4, 4 ),
 ( 2.001430823864617474E-07, 0.0002402417555245907311 ),
 .UNSPECIFIED. ) ;
#2327 = CARTESIAN_POINT ( 'NONE',  ( -0.8095366139696976715, -0.8164895339169102595, -1.928567617706593795 ) ) ;
#2328 = DIRECTION ( 'NONE',  ( 0.000000000000000000, 0.000000000000000000, 1.000000000000000000 ) ) ;
#2329 = AXIS2_PLACEMENT_3D ( 'NONE', #3795, #2011, #2677 ) ;
#2330 = DIRECTION ( 'NONE',  ( 0.000000000000000000, 0.7071067811865475727, 0.7071067811865473507 ) ) ;
#2331 = ORIENTED_EDGE ( 'NONE', *, *, #3051, .F. ) ;
#2332 = ORIENTED_EDGE ( 'NONE', *, *, #3547, .T. ) ;
#2333 = B_SPLINE_CURVE_WITH_KNOTS ( 'NONE', 3,
 ( #2898, #4289, #1179, #2853 ),
 .UNSPECIFIED., .F., .F.,
 ( 4, 4 ),
 ( 2.138802056337358725E-07, 0.0004465960764625093973 ),
 .UNSPECIFIED. ) ;
#2334 = DIRECTION ( 'NONE',  ( 0.000000000000000000, 0.000000000000000000, 1.000000000000000000 ) ) ;
#2335 = CARTESIAN_POINT ( 'NONE',  ( -3.650000000000000355, -0.3499999999999999778, -0.2621320343559638277 ) ) ;
#2336 = CARTESIAN_POINT ( 'NONE',  ( 4.050000000000000711, -0.4964466094067262469, -0.5985281374238565766 ) ) ;
#2337 = CARTESIAN_POINT ( 'NONE',  ( -1.855777007415166269, -0.9286075046884127993, -1.015611188241968055 ) ) ;
#2338 = EDGE_CURVE ( 'NONE', #2639, #2639, #4347, .T. ) ;
#2339 = DIRECTION ( 'NONE',  ( 0.000000000000000000, 0.7071067811865473507, 0.7071067811865476838 ) ) ;
#2340 = APPLICATION_PROTOCOL_DEFINITION ( 'draft international standard', 'automotive_design', 1998, #2780 ) ;
#2341 = CARTESIAN_POINT ( 'NONE',  ( 2.209238955209072319, -2.361506546859605926, -0.9043451352628072426 ) ) ;
#2342 = CLOSED_SHELL ( 'NONE', ( #1729, #788, #2504, #1159, #2156, #1099 ) ) ;
#2343 = CARTESIAN_POINT ( 'NONE',  ( -2.105286531252454019, -6.137451786474096949, 0.2823045257112977158 ) ) ;
#2344 = CARTESIAN_POINT ( 'NONE',  ( -0.2680937155408952832, -0.3334786804920452097, 1.060656140612658893 ) ) ;
#2345 = ORIENTED_EDGE ( 'NONE', *, *, #2355, .F. ) ;
#2346 = CARTESIAN_POINT ( 'NONE',  ( -0.8838834764831866586, -0.3300000000000000155, 0.3838834764831835500 ) ) ;
#2347 = ORIENTED_EDGE ( 'NONE', *, *, #3907, .T. ) ;
#2348 = DIRECTION ( 'NONE',  ( 1.000000000000000000, 0.000000000000000000, 0.000000000000000000 ) ) ;
#2349 = CARTESIAN_POINT ( 'NONE',  ( 1.150766887217151258, -7.274951786473606852, -2.428721680520075310 ) ) ;
#2350 = CARTESIAN_POINT ( 'NONE',  ( -4.255112374409768528, -0.1025126265847085549, 1.009619407771256139 ) ) ;
#2351 = CARTESIAN_POINT ( 'NONE',  ( 0.5570172842449164774, -0.9055607778415252218, -2.246503738340353440 ) ) ;
#2352 = VECTOR ( 'NONE', #1407, 1000.000000000000000 ) ;
#2353 = VERTEX_POINT ( 'NONE', #234 ) ;
#2354 = ORIENTED_EDGE ( 'NONE', *, *, #812, .F. ) ;
#2355 = EDGE_CURVE ( 'NONE', #2192, #1846, #1321, .T. ) ;
#2356 = CARTESIAN_POINT ( 'NONE',  ( 0.8838834764831864366, -0.3300000000000000155, 0.3838834764831836610 ) ) ;
#2357 = CIRCLE ( 'NONE', #408, 0.8499999999999998668 ) ;
#2358 = EDGE_CURVE ( 'NONE', #1541, #1860, #1146, .T. ) ;
#2359 = CYLINDRICAL_SURFACE ( 'NONE', #765, 1.499999999999999556 ) ;
#2360 = CARTESIAN_POINT ( 'NONE',  ( -4.002016966698891842, -0.3604516312882653506, -0.8139009693334552376 ) ) ;
#2361 = CARTESIAN_POINT ( 'NONE',  ( 5.000000000000000000, 0.000000000000000000, 4.500000000000000888 ) ) ;
#2362 = EDGE_CURVE ( 'NONE', #2570, #1983, #499, .T. ) ;
#2363 = CARTESIAN_POINT ( 'NONE',  ( 3.850000000000000533, -0.4964466094067262469, 1.198528137423858109 ) ) ;
#2364 = CARTESIAN_POINT ( 'NONE',  ( -1.365256565303807124, -9.921141963526967089, -1.648728730892327299 ) ) ;
#2365 = CARTESIAN_POINT ( 'NONE',  ( -1.266087019532917024, -5.853076786474097126, 1.355062103702190823 ) ) ;
#2366 =( BOUNDED_SURFACE ( )  B_SPLINE_SURFACE ( 3, 3, ( 
 ( #226, #1555, #4362, #1609 ),
 ( #3724, #3015, #1267, #564 ),
 ( #4406, #2599, #3676, #2297 ),
 ( #3345, #4338, #2991, #2621 ),
 ( #3369, #943, #3039, #1654 ),
 ( #2642, #609, #1244, #1887 ),
 ( #1980, #517, #4432, #4383 ),
 ( #898, #1629, #1959, #1911 ),
 ( #1314, #2690, #2253, #201 ) ),
 .UNSPECIFIED., .F., .F., .F. ) 
 B_SPLINE_SURFACE_WITH_KNOTS ( ( 4, 1, 1, 1, 1, 1, 4 ),
 ( 4, 4 ),
 ( 0.000000000000000000, 0.1250000000000000000, 0.2500000000000000000, 0.5000000000000000000, 0.7500000000000000000, 0.8750000000000000000, 1.000000000000000000 ),
 ( 0.000000000000000000, 1.000000000000000000 ),
 .UNSPECIFIED. ) 
 GEOMETRIC_REPRESENTATION_ITEM ( )  RATIONAL_B_SPLINE_SURFACE ( (
 ( 1.000000000000000000, 0.9133417062448576651, 0.9133417062448576651, 1.000000000000000000),
 ( 1.000000000000000000, 0.9133417062448576651, 0.9133417062448576651, 1.000000000000000000),
 ( 1.000000000000000000, 0.9133417062448576651, 0.9133417062448576651, 1.000000000000000000),
 ( 1.000000000000000000, 0.9133417062448576651, 0.9133417062448576651, 1.000000000000000000),
 ( 1.000000000000000000, 0.9133417062448576651, 0.9133417062448576651, 1.000000000000000000),
 ( 1.000000000000000000, 0.9133417062448576651, 0.9133417062448576651, 1.000000000000000000),
 ( 1.000000000000000000, 0.9133417062448576651, 0.9133417062448576651, 1.000000000000000000),
 ( 1.000000000000000000, 0.9133417062448576651, 0.9133417062448576651, 1.000000000000000000),
 ( 1.000000000000000000, 0.9133417062448576651, 0.9133417062448576651, 1.000000000000000000) ) ) 
 REPRESENTATION_ITEM ( '' )  SURFACE ( )  );
#2367 = CARTESIAN_POINT ( 'NONE',  ( -4.110224748819541141, 0.000000000000000000, -0.5071067811865515029 ) ) ;
#2368 = CARTESIAN_POINT ( 'NONE',  ( 2.292835259260797898, -1.193268229768540412, -0.1499999999999996336 ) ) ;
#2369 = EDGE_CURVE ( 'NONE', #3948, #794, #644, .T. ) ;
#2370 = VERTEX_POINT ( 'NONE', #1379 ) ;
#2371 = CARTESIAN_POINT ( 'NONE',  ( 4.294591976798124655, 0.000000000000000000, -0.7158192338871960381 ) ) ;
#2372 = AXIS2_PLACEMENT_3D ( 'NONE', #2419, #4174, #3853 ) ;
#2373 = ADVANCED_FACE ( 'NONE', ( #2802 ), #1777, .T. ) ;
#2374 = CARTESIAN_POINT ( 'NONE',  ( 1.523557881362926913, -8.128076786474228044, 1.155218337380505833 ) ) ;
#2375 = DIRECTION ( 'NONE',  ( 0.000000000000000000, 0.000000000000000000, -1.000000000000000000 ) ) ;
#2376 = CARTESIAN_POINT ( 'NONE',  ( -2.174805193072333775, -0.9526598926696985270, -0.8736022836710105599 ) ) ;
#2377 = EDGE_CURVE ( 'NONE', #1606, #1606, #1581, .T. ) ;
#2378 = ORIENTED_EDGE ( 'NONE', *, *, #3547, .F. ) ;
#2379 = ADVANCED_FACE ( 'NONE', ( #3788 ), #3976, .F. ) ;
#2380 = VERTEX_POINT ( 'NONE', #740 ) ;
#2381 = CARTESIAN_POINT ( 'NONE',  ( -0.9056738525786820482, -0.5287539168205895868, -1.375626613554341349 ) ) ;
#2382 = CARTESIAN_POINT ( 'NONE',  ( 0.8838834764831866586, -0.3722440000456802012, -1.383883476483181330 ) ) ;
#2383 = AXIS2_PLACEMENT_3D ( 'NONE', #2043, #3491, #4478 ) ;
#2384 = FACE_OUTER_BOUND ( 'NONE', #662, .T. ) ;
#2385 = ORIENTED_EDGE ( 'NONE', *, *, #1302, .F. ) ;
#2386 = CARTESIAN_POINT ( 'NONE',  ( -4.400000000000000355, 0.000000000000000000, -0.8071067811865471064 ) ) ;
#2387 = CARTESIAN_POINT ( 'NONE',  ( -0.6338754972846730729, -0.8228724146831113417, 1.043670121917541938 ) ) ;
#2388 = CARTESIAN_POINT ( 'NONE',  ( -1.642474837445084823, -1.460985713526236962, -2.066909903377725399 ) ) ;
#2389 = CARTESIAN_POINT ( 'NONE',  ( 2.208171848127900461, -9.147087203140788603, 0.1271266775696822948 ) ) ;
#2390 = ADVANCED_FACE ( 'NONE', ( #2487 ), #2465, .T. ) ;
#2391 = CARTESIAN_POINT ( 'NONE',  ( -0.3735930791479589175, -0.9526598926696986380, 1.674800449485784881 ) ) ;
#2392 = DIRECTION ( 'NONE',  ( 0.000000000000000000, -1.000000000000000000, -1.230255323012501829E-16 ) ) ;
#2393 = EDGE_LOOP ( 'NONE', ( #3473, #4300, #2488, #3433 ) ) ;
#2394 =( BOUNDED_SURFACE ( )  B_SPLINE_SURFACE ( 3, 3, ( 
 ( #2648, #3326, #1297, #2305 ),
 ( #1965, #3375, #1253, #4050 ),
 ( #948, #927, #2006, #3706 ),
 ( #2974, #1562, #3352, #2999 ),
 ( #2628, #4004, #254, #2327 ),
 ( #1590, #882, #2260, #1636 ),
 ( #1986, #3398, #1661, #276 ),
 ( #3046, #4368, #3662, #4026 ),
 ( #546, #904, #2281, #3684 ) ),
 .UNSPECIFIED., .F., .F., .T. ) 
 B_SPLINE_SURFACE_WITH_KNOTS ( ( 4, 1, 1, 1, 1, 1, 4 ),
 ( 4, 4 ),
 ( 0.000000000000000000, 0.1250000000000000000, 0.2500000000000000000, 0.5000000000000000000, 0.7500000000000000000, 0.8750000000000000000, 1.000000000000000000 ),
 ( 0.000000000000000000, 1.000000000000000000 ),
 .UNSPECIFIED. ) 
 GEOMETRIC_REPRESENTATION_ITEM ( )  RATIONAL_B_SPLINE_SURFACE ( (
 ( 1.000000000000000000, 0.9133455179044455141, 0.9133455179044455141, 1.000000000000000000),
 ( 1.000000000000000000, 0.9133455179044455141, 0.9133455179044455141, 1.000000000000000000),
 ( 1.000000000000000000, 0.9133455179044455141, 0.9133455179044455141, 1.000000000000000000),
 ( 1.000000000000000000, 0.9133455179044455141, 0.9133455179044455141, 1.000000000000000000),
 ( 1.000000000000000000, 0.9133455179044455141, 0.9133455179044455141, 1.000000000000000000),
 ( 1.000000000000000000, 0.9133455179044455141, 0.9133455179044455141, 1.000000000000000000),
 ( 1.000000000000000000, 0.9133455179044455141, 0.9133455179044455141, 1.000000000000000000),
 ( 1.000000000000000000, 0.9133455179044455141, 0.9133455179044455141, 1.000000000000000000),
 ( 1.000000000000000000, 0.9133455179044455141, 0.9133455179044455141, 1.000000000000000000) ) ) 
 REPRESENTATION_ITEM ( '' )  SURFACE ( )  );
#2395 = EDGE_CURVE ( 'NONE', #4363, #2089, #425, .T. ) ;
#2396 = CARTESIAN_POINT ( 'NONE',  ( -0.4608402633532867609, -1.191618177696044167, -2.500320893234969422 ) ) ;
#2397 = FACE_OUTER_BOUND ( 'NONE', #3658, .T. ) ;
#2398 = AXIS2_PLACEMENT_3D ( 'NONE', #1633, #2716, #2003 ) ;
#2399 = ADVANCED_FACE ( 'NONE', ( #3457 ), #3128, .F. ) ;
#2400 = CARTESIAN_POINT ( 'NONE',  ( -2.292835259260797898, -1.193268229768562616, -0.1499999999999993006 ) ) ;
#2401 = ORIENTED_EDGE ( 'NONE', *, *, #3455, .F. ) ;
#2402 = CARTESIAN_POINT ( 'NONE',  ( -0.8540484682840349118, -1.113493453140681488, -3.084680129276682781 ) ) ;
#2403 = CARTESIAN_POINT ( 'NONE',  ( 4.050000000000000711, -0.3499999999999999223, 1.552081528017131618 ) ) ;
#2404 = DIRECTION ( 'NONE',  ( 0.000000000000000000, -0.7071067811865473507, 0.7071067811865477948 ) ) ;
#2405 = CARTESIAN_POINT ( 'NONE',  ( 0.000000000000000000, -0.3499999999999999778, 0.000000000000000000 ) ) ;
#2406 = VECTOR ( 'NONE', #3092, 1000.000000000000000 ) ;
#2407 = CARTESIAN_POINT ( 'NONE',  ( -4.026019172036320981, -0.3500000000000000888, -0.8828555253255707669 ) ) ;
#2408 = DIRECTION ( 'NONE',  ( -0.000000000000000000, 1.000000000000000000, 1.230255323012501829E-16 ) ) ;
#2409 = B_SPLINE_CURVE_WITH_KNOTS ( 'NONE', 3,
 ( #1670, #3820, #4144, #1026, #1645, #4102 ),
 .UNSPECIFIED., .F., .F.,
 ( 4, 2, 4 ),
 ( 0.000000000000000000, 0.0002194824500065880473, 0.0004389649000131760946 ),
 .UNSPECIFIED. ) ;
#2410 = CARTESIAN_POINT ( 'NONE',  ( 1.782266254020812069, -9.613069046858377931, -0.5838459931374785361 ) ) ;
#2411 = CARTESIAN_POINT ( 'NONE',  ( -1.569699532251306762, -8.649430953140551992, 1.085304709111436505 ) ) ;
#2412 = CARTESIAN_POINT ( 'NONE',  ( -0.7345865804028794965, -0.3334786804920452652, 0.7963052974459501332 ) ) ;
#2413 = CARTESIAN_POINT ( 'NONE',  ( 4.255112374409768528, -0.1025126265847085688, -0.4096194077712551063 ) ) ;
#2414 = EDGE_LOOP ( 'NONE', ( #474, #1765, #3979, #1322 ) ) ;
#2415 = VERTEX_POINT ( 'NONE', #3478 ) ;
#2416 = EDGE_CURVE ( 'NONE', #3701, #3297, #3099, .T. ) ;
#2417 =( LENGTH_UNIT ( ) NAMED_UNIT ( * ) SI_UNIT ( .MILLI., .METRE. ) );
#2418 = CARTESIAN_POINT ( 'NONE',  ( -4.050000000000000711, -0.3499999999999999778, -0.9520815280171303074 ) ) ;
#2419 = CARTESIAN_POINT ( 'NONE',  ( -4.400000000000000355, -0.5000000000000000000, -0.8071067811865471064 ) ) ;
#2420 = ORIENTED_EDGE ( 'NONE', *, *, #3999, .T. ) ;
#2421 = VERTEX_POINT ( 'NONE', #3523 ) ;
#2422 = CARTESIAN_POINT ( 'NONE',  ( -2.499816854561437207, -0.9002122031406242231, -1.518696949367937199 ) ) ;
#2423 = FACE_OUTER_BOUND ( 'NONE', #1994, .T. ) ;
#2424 = DIRECTION ( 'NONE',  ( -0.8296756535198940297, 0.000000000000000000, 0.5582457433392006285 ) ) ;
#2425 = ORIENTED_EDGE ( 'NONE', *, *, #4314, .F. ) ;
#2426 = EDGE_CURVE ( 'NONE', #1306, #3205, #67, .T. ) ;
#2427 = CIRCLE ( 'NONE', #2278, 0.1999999999999996503 ) ;
#2428 = EDGE_CURVE ( 'NONE', #1421, #2762, #3148, .T. ) ;
#2429 = DIRECTION ( 'NONE',  ( -0.000000000000000000, -0.7071067811865474617, 0.7071067811865476838 ) ) ;
#2430 = CARTESIAN_POINT ( 'NONE',  ( -0.3532173612614529223, -0.9533984102466803723, 1.784344442285129118 ) ) ;
#2431 = CARTESIAN_POINT ( 'NONE',  ( -0.4147101698675920156, -6.153173213526148544, 1.707316747689320957 ) ) ;
#2432 = CARTESIAN_POINT ( 'NONE',  ( -1.852250156145365256, -8.696826786474112225, 0.7755368045013459888 ) ) ;
#2433 = EDGE_CURVE ( 'NONE', #1835, #4487, #2212, .T. ) ;
#2434 = CIRCLE ( 'NONE', #2728, 1.499999999999999556 ) ;
#2435 = CARTESIAN_POINT ( 'NONE',  ( 0.2954473774711521283, -0.8164895339169104815, 1.219890236695692520 ) ) ;
#2436 =( NAMED_UNIT ( * ) PLANE_ANGLE_UNIT ( ) SI_UNIT ( $, .RADIAN. ) );
#2437 = ORIENTED_EDGE ( 'NONE', *, *, #3522, .T. ) ;
#2438 = DIRECTION ( 'NONE',  ( 0.000000000000000000, 1.000000000000000000, 0.000000000000000000 ) ) ;
#2439 = VECTOR ( 'NONE', #1287, 1000.000000000000000 ) ;
#2440 = SURFACE_STYLE_USAGE ( .BOTH. , #2485 ) ;
#2441 = CARTESIAN_POINT ( 'NONE',  ( -1.401650429449567747, -0.3300000000000001266, -0.8661165235167986864 ) ) ;
#2442 = CARTESIAN_POINT ( 'NONE',  ( 1.299013051566225707, -0.9860352612339107203, 0.2265815563994483806 ) ) ;
#2443 = AXIS2_PLACEMENT_3D ( 'NONE', #146, #2866, #4257 ) ;
#2444 = EDGE_LOOP ( 'NONE', ( #973, #2996, #2437, #496 ) ) ;
#2445 = ORIENTED_EDGE ( 'NONE', *, *, #695, .T. ) ;
#2446 = CARTESIAN_POINT ( 'NONE',  ( 1.364866654398753987, -8.712548213526256191, 1.917464778240631995 ) ) ;
#2447 = DIRECTION ( 'NONE',  ( -0.000000000000000000, -0.000000000000000000, 1.000000000000000000 ) ) ;
#2448 = FACE_OUTER_BOUND ( 'NONE', #1899, .T. ) ;
#2449 = ORIENTED_EDGE ( 'NONE', *, *, #3990, .F. ) ;
#2450 = CARTESIAN_POINT ( 'NONE',  ( -1.744815288743659876, -3.878173213525891505, -0.4439717255919992667 ) ) ;
#2451 = VECTOR ( 'NONE', #401, 1000.000000000000000 ) ;
#2452 = FACE_OUTER_BOUND ( 'NONE', #2233, .T. ) ;
#2453 = DIRECTION ( 'NONE',  ( 0.000000000000000000, -0.7071067811865474617, -0.7071067811865476838 ) ) ;
#2454 = PLANE ( 'NONE',  #3088 ) ;
#2455 = CARTESIAN_POINT ( 'NONE',  ( 2.236462779393346256, -5.300048213526148189, -0.7060727687256309615 ) ) ;
#2456 = CARTESIAN_POINT ( 'NONE',  ( 1.333626818369436196, -0.6632330364736850337, 0.6853027714940166382 ) ) ;
#2457 = PRODUCT_RELATED_PRODUCT_CATEGORY ( 'part', '', ( #1390 ) ) ;
#2458 = DIRECTION ( 'NONE',  ( 0.8296756535198964722, -3.523657060577881916E-15, -0.5582457433391970758 ) ) ;
#2459 = CARTESIAN_POINT ( 'NONE',  ( 0.4679782559307246181, -1.217045720401882525, 1.291620648796420356 ) ) ;
#2460 = CARTESIAN_POINT ( 'NONE',  ( 4.294464837823780634, 0.000000000000000000, -0.7156950272113883349 ) ) ;
#2461 = VERTEX_POINT ( 'NONE', #2923 ) ;
#2462 = VERTEX_POINT ( 'NONE', #3569 ) ;
#2463 = FILL_AREA_STYLE ('',( #1694 ) ) ;
#2464 = CARTESIAN_POINT ( 'NONE',  ( 3.760224748819541496, -0.3499999999999999778, -0.6520815280171348149 ) ) ;
#2465 = PLANE ( 'NONE',  #3333 ) ;
#2466 = VERTEX_POINT ( 'NONE', #3228 ) ;
#2467 = CARTESIAN_POINT ( 'NONE',  ( -2.278066241062084885, -3.672868453140671896, -2.033562147086104499 ) ) ;
#2468 = VECTOR ( 'NONE', #212, 1000.000000000000000 ) ;
#2469 = DIRECTION ( 'NONE',  ( -0.5582457433391998514, -8.995361460045996931E-16, 0.8296756535198945848 ) ) ;
#2470 = CARTESIAN_POINT ( 'NONE',  ( -4.500000000000000888, -1.147487373415291723, 0.05251262658470919747 ) ) ;
#2471 = VERTEX_POINT ( 'NONE', #1222 ) ;
#2472 = STYLED_ITEM ( 'NONE', ( #4087 ), #1405 ) ;
#2473 = CARTESIAN_POINT ( 'NONE',  ( -5.000000000000000000, 0.000000000000000000, -0.8071067811865469954 ) ) ;
#2474 = CARTESIAN_POINT ( 'NONE',  ( -1.999999999999999556, -0.3499999999999999778, 4.500000000000001776 ) ) ;
#2475 = CARTESIAN_POINT ( 'NONE',  ( 4.500000000000000888, -0.1464466094067262969, -0.4535533905932733201 ) ) ;
#2476 = VERTEX_POINT ( 'NONE', #3633 ) ;
#2477 = CONICAL_SURFACE ( 'NONE', #1659, 1.489974787804957179, 1.556301317170307730 ) ;
#2478 = CARTESIAN_POINT ( 'NONE',  ( 0.9371156741155283187, -5.868798213526146945, 1.541089405918070199 ) ) ;
#2479 = CARTESIAN_POINT ( 'NONE',  ( -1.718590728499366449, -8.791618453140143785, -0.1803474615293851890 ) ) ;
#2480 = DIRECTION ( 'NONE',  ( 1.000000000000000000, -0.000000000000000000, -0.000000000000000000 ) ) ;
#2481 = FACE_OUTER_BOUND ( 'NONE', #4171, .T. ) ;
#2482 = CARTESIAN_POINT ( 'NONE',  ( -4.400000000000000355, -0.005025253169416745748, -0.3121320343559638166 ) ) ;
#2483 = ORIENTED_EDGE ( 'NONE', *, *, #1065, .F. ) ;
#2484 = ORIENTED_EDGE ( 'NONE', *, *, #1487, .F. ) ;
#2485 = SURFACE_SIDE_STYLE ('',( #1443 ) ) ;
#2486 = CARTESIAN_POINT ( 'NONE',  ( 0.3532173612614541991, -0.9533984102466803723, 1.784344442285129340 ) ) ;
#2487 = FACE_OUTER_BOUND ( 'NONE', #2924, .T. ) ;
#2488 = ORIENTED_EDGE ( 'NONE', *, *, #3382, .T. ) ;
#2489 = EDGE_LOOP ( 'NONE', ( #3413, #758, #3571, #1818 ) ) ;
#2490 = CARTESIAN_POINT ( 'NONE',  ( -2.745394119978842973, -3.388493453140670297, -0.4351171546041434635 ) ) ;
#2491 = CARTESIAN_POINT ( 'NONE',  ( -5.000000000000000000, -0.3499999999999999778, -0.9520815280171304185 ) ) ;
#2492 = DIRECTION ( 'NONE',  ( 0.8296756535198882565, 3.794707603699259997E-15, 0.5582457433392093993 ) ) ;
#2493 = ORIENTED_EDGE ( 'NONE', *, *, #4348, .F. ) ;
#2494 = EDGE_CURVE ( 'NONE', #2956, #2461, #4245, .T. ) ;
#2495 = CARTESIAN_POINT ( 'NONE',  ( -4.255112374409769416, -0.1025126265847088325, -0.4096194077712558279 ) ) ;
#2496 = CARTESIAN_POINT ( 'NONE',  ( 4.200000000000000178, -0.4050252531694169544, 0.5121320343559643273 ) ) ;
#2497 = CARTESIAN_POINT ( 'NONE',  ( 0.8865751137630559775, -0.4517721959582418623, -1.382863554661884598 ) ) ;
#2498 = AXIS2_PLACEMENT_3D ( 'NONE', #583, #3364, #4064 ) ;
#2499 = CARTESIAN_POINT ( 'NONE',  ( 0.1208730038941920049, -9.494579463526401142, -2.792313350638082614 ) ) ;
#2500 = CARTESIAN_POINT ( 'NONE',  ( -1.221511668259500194, -8.649430953140418765, 0.7308124616911306770 ) ) ;
#2501 = DIRECTION ( 'NONE',  ( 0.000000000000000000, -1.407146337015102995E-16, 1.000000000000000000 ) ) ;
#2502 = AXIS2_PLACEMENT_3D ( 'NONE', #3836, #3528, #4275 ) ;
#2503 = FACE_OUTER_BOUND ( 'NONE', #2766, .T. ) ;
#2504 = ADVANCED_FACE ( 'NONE', ( #2163 ), #1295, .T. ) ;
#2505 = ORIENTED_EDGE ( 'NONE', *, *, #3176, .T. ) ;
#2506 = ORIENTED_EDGE ( 'NONE', *, *, #2377, .T. ) ;
#2507 = CARTESIAN_POINT ( 'NONE',  ( -4.050000000000000711, -0.8499999999999999778, 1.552081528017131618 ) ) ;
#2508 = AXIS2_PLACEMENT_3D ( 'NONE', #3933, #370, #2146 ) ;
#2509 = CARTESIAN_POINT ( 'NONE',  ( -4.000000000000000888, -0.3499999999999999778, -3.499999999999998668 ) ) ;
#2510 = DIRECTION ( 'NONE',  ( 0.000000000000000000, 0.000000000000000000, 1.000000000000000000 ) ) ;
#2511 = CARTESIAN_POINT ( 'NONE',  ( 4.110224748819536700, 0.000000000000000000, 1.107106781186546485 ) ) ;
#2512 = VERTEX_POINT ( 'NONE', #453 ) ;
#2513 = CARTESIAN_POINT ( 'NONE',  ( 2.627072605712281739, -4.715576786474231064, -1.299930110670457495 ) ) ;
#2514 = FACE_OUTER_BOUND ( 'NONE', #2444, .T. ) ;
#2515 = ADVANCED_FACE ( 'NONE', ( #2877 ), #4313, .T. ) ;
#2516 = CARTESIAN_POINT ( 'NONE',  ( -0.6705836174166545094, -0.7613814204307316480, -1.946795104087139405 ) ) ;
#2517 = ADVANCED_FACE ( 'NONE', ( #1131, #811, #2532 ), #3203, .T. ) ;
#2518 = AXIS2_PLACEMENT_3D ( 'NONE', #1169, #2480, #2546 ) ;
#2519 = CARTESIAN_POINT ( 'NONE',  ( -0.8838834764831858815, -0.3722440000456931908, -1.383883476483181774 ) ) ;
#2520 = CIRCLE ( 'NONE', #2300, 0.9999999999999995559 ) ;
#2521 = FACE_OUTER_BOUND ( 'NONE', #4443, .T. ) ;
#2522 = CARTESIAN_POINT ( 'NONE',  ( 2.213149279106589873, -9.636766963526401497, 0.1093283589115964100 ) ) ;
#2523 = CARTESIAN_POINT ( 'NONE',  ( 0.6940520331990914782, -9.218180953140304723, 1.143713760360018927 ) ) ;
#2524 = CARTESIAN_POINT ( 'NONE',  ( 5.000000000000000000, -0.5464466094067268465, 0.6535533905932739973 ) ) ;
#2525 = CARTESIAN_POINT ( 'NONE',  ( 0.3635720671077574129, -0.9292896438123678937, -1.891909163515393066 ) ) ;
#2526 = VECTOR ( 'NONE', #3272, 1000.000000000000000 ) ;
#2527 = ORIENTED_EDGE ( 'NONE', *, *, #2048, .F. ) ;
#2528 = CARTESIAN_POINT ( 'NONE',  ( -1.855777007415165825, -0.9286075046884125772, 0.01561118824196996123 ) ) ;
#2529 = EDGE_CURVE ( 'NONE', #4177, #1803, #4455, .T. ) ;
#2530 = FACE_OUTER_BOUND ( 'NONE', #3902, .T. ) ;
#2531 = CARTESIAN_POINT ( 'NONE',  ( -1.791620648796417470, -1.217045720401882303, -0.03202174406927778272 ) ) ;
#2532 = FACE_BOUND ( 'NONE', #2736, .T. ) ;
#2533 = ORIENTED_EDGE ( 'NONE', *, *, #1161, .F. ) ;
#2534 = CARTESIAN_POINT ( 'NONE',  ( 0.7302278558800850972, -5.868798213526135399, 1.085650288639981920 ) ) ;
#2535 = CARTESIAN_POINT ( 'NONE',  ( -2.670911118489736946, -3.293701786473985926, 0.1384610048933782867 ) ) ;
#2536 = CYLINDRICAL_SURFACE ( 'NONE', #3192, 0.5000000000000000000 ) ;
#2537 = EDGE_CURVE ( 'NONE', #1308, #1989, #3611, .T. ) ;
#2538 = CARTESIAN_POINT ( 'NONE',  ( -5.000000000000000000, -0.9000000000000001332, 0.3000000000000007661 ) ) ;
#2539 = AXIS2_PLACEMENT_3D ( 'NONE', #3354, #1276, #3731 ) ;
#2540 =( BOUNDED_CURVE ( )  B_SPLINE_CURVE ( 3, ( #373, #1068, #1346, #728 ),
 .UNSPECIFIED., .F., .F. ) 
 B_SPLINE_CURVE_WITH_KNOTS ( ( 4, 4 ),
 ( 0.8102189576321647824, 1.570796326794896558 ),
 .UNSPECIFIED. ) 
 CURVE ( )  GEOMETRIC_REPRESENTATION_ITEM ( )  RATIONAL_B_SPLINE_CURVE ( ( 1.000000000000000000, 0.9523716785737820212, 0.9523716785737820212, 1.000000000000000000 ) ) 
 REPRESENTATION_ITEM ( '' )  );
#2541 = CARTESIAN_POINT ( 'NONE',  ( -1.301290717040100020, -0.3334786804920451542, 0.2257184977935250692 ) ) ;
#2542 = CIRCLE ( 'NONE', #377, 0.5000000000000000000 ) ;
#2543 = CARTESIAN_POINT ( 'NONE',  ( 2.000249720150776511, -1.191619930283422724, -0.9608672324334736059 ) ) ;
#2544 = CARTESIAN_POINT ( 'NONE',  ( -2.288114592499438160, -4.162548213526405583, -2.018528982019225371 ) ) ;
#2545 = CARTESIAN_POINT ( 'NONE',  ( 1.605765384392761508, -7.938493453140027079, 0.1922091750781328712 ) ) ;
#2546 = DIRECTION ( 'NONE',  ( 0.000000000000000000, -2.602085213965210642E-15, 1.000000000000000000 ) ) ;
#2547 = VECTOR ( 'NONE', #1177, 1000.000000000000000 ) ;
#2548 = CARTESIAN_POINT ( 'NONE',  ( -0.3500000000000084710, -1.193268229768540634, 1.792835259260796787 ) ) ;
#2549 = DIRECTION ( 'NONE',  ( 4.791541927135542025E-17, -0.7071067811865473507, 0.7071067811865476838 ) ) ;
#2550 = DIRECTION ( 'NONE',  ( 0.000000000000000000, -2.602085213965210642E-15, 1.000000000000000000 ) ) ;
#2551 = CARTESIAN_POINT ( 'NONE',  ( -4.110224748819539364, -0.2000000000000001221, -0.5071067811865486163 ) ) ;
#2552 = CARTESIAN_POINT ( 'NONE',  ( -0.7257184977935297043, -0.3334786804920449321, -1.801290717040095801 ) ) ;
#2553 = CARTESIAN_POINT ( 'NONE',  ( 4.040071388773270655, 0.000000000000000000, 1.002843496102328258 ) ) ;
#2554 = EDGE_CURVE ( 'NONE', #2777, #1469, #1199, .T. ) ;
#2555 = ORIENTED_EDGE ( 'NONE', *, *, #2529, .F. ) ;
#2556 = CARTESIAN_POINT ( 'NONE',  ( -1.026604044356813406, -1.508381546859318023, -1.893015668255691786 ) ) ;
#2557 = CARTESIAN_POINT ( 'NONE',  ( -1.489244888107845721, -3.862451786473986459, -2.807281586822020891 ) ) ;
#2558 = CARTESIAN_POINT ( 'NONE',  ( 4.038579037750123391, 0.000000000000000000, -0.4006255354938302315 ) ) ;
#2559 = CARTESIAN_POINT ( 'NONE',  ( -5.000000000000000000, -0.5464466094067268465, 0.6535533905932739973 ) ) ;
#2560 = DIRECTION ( 'NONE',  ( 0.000000000000000000, 0.000000000000000000, 1.000000000000000000 ) ) ;
#2561 = ADVANCED_FACE ( 'NONE', ( #3947 ), #3014, .T. ) ;
#2562 = CARTESIAN_POINT ( 'NONE',  ( 2.287176260535758399, -1.033354954157680750, -0.1478556782782290413 ) ) ;
#2563 = VERTEX_POINT ( 'NONE', #3900 ) ;
#2564 = EDGE_CURVE ( 'NONE', #3111, #2676, #114, .T. ) ;
#2565 = CARTESIAN_POINT ( 'NONE',  ( 2.763754806403236675, -1.081819046859508138, -0.9894520655896497097 ) ) ;
#2566 = CARTESIAN_POINT ( 'NONE',  ( -0.1843194623767438201, -2.724951786473789106, 1.235956766499071380 ) ) ;
#2567 = DIRECTION ( 'NONE',  ( 0.000000000000000000, 0.000000000000000000, 1.000000000000000000 ) ) ;
#2568 = DIRECTION ( 'NONE',  ( -1.000000000000000000, 0.000000000000000000, 0.000000000000000000 ) ) ;
#2569 = B_SPLINE_CURVE_WITH_KNOTS ( 'NONE', 3,
 ( #3508, #2810, #1115, #1406 ),
 .UNSPECIFIED., .F., .F.,
 ( 4, 4 ),
 ( 0.000000000000000000, 0.0004183281114452210361 ),
 .UNSPECIFIED. ) ;
#2570 = VERTEX_POINT ( 'NONE', #1801 ) ;
#2571 = CARTESIAN_POINT ( 'NONE',  ( -5.000000000000000000, 0.000000000000000000, 1.407106781186548083 ) ) ;
#2572 = CARTESIAN_POINT ( 'NONE',  ( -3.850000000000000533, -0.5500000000000001554, 0.8621320343559646382 ) ) ;
#2573 = EDGE_CURVE ( 'NONE', #3805, #3936, #2333, .T. ) ;
#2574 = CONICAL_SURFACE ( 'NONE', #2056, 1.489974787804957179, 1.556301317170307730 ) ;
#2575 = FACE_OUTER_BOUND ( 'NONE', #4339, .T. ) ;
#2576 = CARTESIAN_POINT ( 'NONE',  ( 3.928421523428341278, -0.4239340143349681900, -0.6178152763121940172 ) ) ;
#2577 = VERTEX_POINT ( 'NONE', #91 ) ;
#2578 = CARTESIAN_POINT ( 'NONE',  ( -4.500000000000000888, -0.7939339828220187689, 0.9010407640085654757 ) ) ;
#2579 = VERTEX_POINT ( 'NONE', #1467 ) ;
#2580 = CARTESIAN_POINT ( 'NONE',  ( -1.562575124888154532, -7.006298213526259033, -1.278382000336322433 ) ) ;
#2581 = CARTESIAN_POINT ( 'NONE',  ( 2.263194729664218752, -0.5921392864738062034, -0.8837452230391146246 ) ) ;
#2582 = CARTESIAN_POINT ( 'NONE',  ( -1.162156809793525758, -0.3320894408102815776, -1.278439460288812501 ) ) ;
#2583 = DIRECTION ( 'NONE',  ( 0.000000000000000000, 0.000000000000000000, 1.000000000000000000 ) ) ;
#2584 = FACE_OUTER_BOUND ( 'NONE', #3895, .T. ) ;
#2585 = EDGE_LOOP ( 'NONE', ( #1556, #1749, #3441, #3089 ) ) ;
#2586 = CARTESIAN_POINT ( 'NONE',  ( -0.8505424942101570407, -0.6707518247734706174, 0.4718724075558985986 ) ) ;
#2587 = CARTESIAN_POINT ( 'NONE',  ( 5.000000000000000000, -0.3499999999999999778, 3.500000000000000888 ) ) ;
#2588 = VECTOR ( 'NONE', #2453, 1000.000000000000000 ) ;
#2589 = CARTESIAN_POINT ( 'NONE',  ( 2.779594961447691137, -1.105516963526315344, -0.1104415259273251043 ) ) ;
#2590 = CARTESIAN_POINT ( 'NONE',  ( -1.754265223195099921, -9.360368453139608746, -0.1743365579713872793 ) ) ;
#2591 = CARTESIAN_POINT ( 'NONE',  ( 0.8777406153115761001, -0.9292896438123681158, 0.3777406153115732690 ) ) ;
#2592 = LINE ( 'NONE', #3986, #1280 ) ;
#2593 = AXIS2_PLACEMENT_3D ( 'NONE', #2984, #511, #1237 ) ;
#2594 = CARTESIAN_POINT ( 'NONE',  ( 0.3500000000000094702, -1.193268229768540190, -2.792835259260795233 ) ) ;
#2595 = DIRECTION ( 'NONE',  ( 0.000000000000000000, 0.000000000000000000, 1.000000000000000000 ) ) ;
#2596 = FACE_OUTER_BOUND ( 'NONE', #1404, .T. ) ;
#2597 = DIRECTION ( 'NONE',  ( -0.000000000000000000, 1.000000000000000000, 1.230255323012501829E-16 ) ) ;
#2598 = CARTESIAN_POINT ( 'NONE',  ( 0.3532173612614539215, -0.9533984102466799282, -2.784344442285127563 ) ) ;
#2599 = CARTESIAN_POINT ( 'NONE',  ( 2.174805193072333775, -0.9526598926696983050, -0.1263977163289872196 ) ) ;
#2600 = AXIS2_PLACEMENT_3D ( 'NONE', #512, #4305, #1504 ) ;
#2601 = ORIENTED_EDGE ( 'NONE', *, *, #3661, .T. ) ;
#2602 = DIRECTION ( 'NONE',  ( -1.000000000000000000, -0.000000000000000000, -0.000000000000000000 ) ) ;
#2603 = ORIENTED_EDGE ( 'NONE', *, *, #734, .F. ) ;
#2604 = CARTESIAN_POINT ( 'NONE',  ( -0.1663287030106086473, -3.214631546859400224, 1.237772805035040058 ) ) ;
#2605 = CARTESIAN_POINT ( 'NONE',  ( 1.717525964430119068, -0.6632330364738190376, 1.022962685719796427 ) ) ;
#2606 = CARTESIAN_POINT ( 'NONE',  ( -4.207632328796364618, 0.000000000000000000, 1.041566269469299533 ) ) ;
#2607 = CARTESIAN_POINT ( 'NONE',  ( 4.167879776963520300, -5.312723149645137529E-15, -0.3449121243622956245 ) ) ;
#2608 = ORIENTED_EDGE ( 'NONE', *, *, #539, .F. ) ;
#2609 = CARTESIAN_POINT ( 'NONE',  ( -4.500000000000000888, 1.067258967350033450, 2.267258967350034737 ) ) ;
#2610 = ORIENTED_EDGE ( 'NONE', *, *, #3241, .T. ) ;
#2611 = DIRECTION ( 'NONE',  ( 0.000000000000000000, 0.000000000000000000, -1.000000000000000000 ) ) ;
#2612 = FACE_OUTER_BOUND ( 'NONE', #900, .T. ) ;
#2613 = EDGE_CURVE ( 'NONE', #1612, #2577, #4120, .T. ) ;
#2614 = CARTESIAN_POINT ( 'NONE',  ( -2.567115688235023896, -6.627131546859720501, 0.4753541412514637465 ) ) ;
#2615 = CARTESIAN_POINT ( 'NONE',  ( 1.401650429449556423, -0.3300000000000002931, -0.1338834764831886293 ) ) ;
#2616 = CARTESIAN_POINT ( 'NONE',  ( 4.255112374409766751, -0.1025126265847118995, 1.009619407771248589 ) ) ;
#2617 = CARTESIAN_POINT ( 'NONE',  ( -0.3532173612614529223, -0.9533984102466803723, 1.784344442285129118 ) ) ;
#2618 = PRODUCT_CONTEXT ( 'NONE', #2780, 'mechanical' ) ;
#2619 = CARTESIAN_POINT ( 'NONE',  ( 4.400000000000000355, -0.5000000000000000000, 1.407106781186548083 ) ) ;
#2620 = CARTESIAN_POINT ( 'NONE',  ( 0.5658794502201645038, -4.241618453140779899, -2.673479283876513790 ) ) ;
#2621 = CARTESIAN_POINT ( 'NONE',  ( 1.598155131003049734, -0.9126490637092384839, -1.405662466330421800 ) ) ;
#2622 = ORIENTED_EDGE ( 'NONE', *, *, #1122, .T. ) ;
#2623 = DIRECTION ( 'NONE',  ( 1.000000000000000000, -0.000000000000000000, -2.478176394252581141E-16 ) ) ;
#2624 = AXIS2_PLACEMENT_3D ( 'NONE', #3423, #3075, #3752 ) ;
#2625 = ORIENTED_EDGE ( 'NONE', *, *, #352, .T. ) ;
#2626 = CYLINDRICAL_SURFACE ( 'NONE', #666, 0.2000000000000000944 ) ;
#2627 = CARTESIAN_POINT ( 'NONE',  ( -2.154126144020168443, -0.8765142864738985073, -0.9834219346078125756 ) ) ;
#2628 = CARTESIAN_POINT ( 'NONE',  ( 0.8095366139696985597, -0.8164895339169102595, -1.928567617706593351 ) ) ;
#2629 = DIRECTION ( 'NONE',  ( -0.000000000000000000, -1.000000000000000000, -0.000000000000000000 ) ) ;
#2630 = CARTESIAN_POINT ( 'NONE',  ( 4.000000000000000888, 0.000000000000000000, -0.1171572875253803769 ) ) ;
#2631 = ORIENTED_EDGE ( 'NONE', *, *, #3847, .F. ) ;
#2632 = CARTESIAN_POINT ( 'NONE',  ( 1.301290717040100464, -0.3334786804920450431, -1.225718497793522266 ) ) ;
#2633 = DIRECTION ( 'NONE',  ( -1.916616770854217303E-16, 0.7071067811865472397, 0.7071067811865477948 ) ) ;
#2634 = EDGE_CURVE ( 'NONE', #2184, #2000, #156, .T. ) ;
#2635 = CARTESIAN_POINT ( 'NONE',  ( 2.705523677365760271, -9.636766963526531171, 0.2470244879780005842 ) ) ;
#2636 = CARTESIAN_POINT ( 'NONE',  ( 2.292835259260797454, -1.193268229768545963, -0.8499999999999980904 ) ) ;
#2637 = CARTESIAN_POINT ( 'NONE',  ( -5.000000000000000000, -0.3499999999999999778, 3.500000000000000444 ) ) ;
#2638 = CARTESIAN_POINT ( 'NONE',  ( 0.4608402633532901471, -1.191618177696044611, 1.500320893234962760 ) ) ;
#2639 = VERTEX_POINT ( 'NONE', #1955 ) ;
#2640 = CARTESIAN_POINT ( 'NONE',  ( -4.200000000000001066, -0.1632538509555452599, 0.8273957346587459405 ) ) ;
#2641 = CARTESIAN_POINT ( 'NONE',  ( -1.629806412031684415, -0.9713059531406252889, -2.080082686521372626 ) ) ;
#2642 = CARTESIAN_POINT ( 'NONE',  ( 1.344165326745049738, -0.6805721227388389361, 0.2617283587555803703 ) ) ;
#2643 = ADVANCED_FACE ( 'NONE', ( #2714 ), #3702, .T. ) ;
#2644 = DIRECTION ( 'NONE',  ( 0.000000000000000000, 1.091497166287048166E-16, -1.000000000000000000 ) ) ;
#2645 = EDGE_LOOP ( 'NONE', ( #668, #2808, #1109, #3688 ) ) ;
#2646 = AXIS2_PLACEMENT_3D ( 'NONE', #350, #3117, #3057 ) ;
#2647 = CARTESIAN_POINT ( 'NONE',  ( -1.855659524739669219, -0.8054205364738318274, 0.8512359190116897123 ) ) ;
#2648 = CARTESIAN_POINT ( 'NONE',  ( 1.139610216522392472, -0.9533984102466798172, -2.511039678796328722 ) ) ;
#2649 = CARTESIAN_POINT ( 'NONE',  ( -2.342593512596771177, -0.9558696011316029084, -0.09757393958460046368 ) ) ;
#2650 = CIRCLE ( 'NONE', #4481, 0.5000000000000000000 ) ;
#2651 = CARTESIAN_POINT ( 'NONE',  ( 4.500000000000000888, -0.7939339828220182138, -0.3010407640085643877 ) ) ;
#2652 = ORIENTED_EDGE ( 'NONE', *, *, #3038, .T. ) ;
#2653 = ORIENTED_EDGE ( 'NONE', *, *, #1824, .T. ) ;
#2654 = PRODUCT_DEFINITION ( 'UNKNOWN', '', #1583, #1872 ) ;
#2655 = AXIS2_PLACEMENT_3D ( 'NONE', #2314, #262, #2961 ) ;
#2656 = CARTESIAN_POINT ( 'NONE',  ( 1.545439278308326392, -0.8239152461752244916, -1.133205124192175450 ) ) ;
#2657 = CARTESIAN_POINT ( 'NONE',  ( -4.110224748819541141, 0.000000000000000000, -0.5071067811865515029 ) ) ;
#2658 = CARTESIAN_POINT ( 'NONE',  ( 0.04016722016659732275, -8.902131546859621380, 2.275857235999609873 ) ) ;
#2659 = DIRECTION ( 'NONE',  ( 0.000000000000000000, 0.000000000000000000, -1.000000000000000000 ) ) ;
#2660 = CARTESIAN_POINT ( 'NONE',  ( 5.000000000000000000, -0.4964466094067263580, 1.198528137423857665 ) ) ;
#2661 = AXIS2_PLACEMENT_3D ( 'NONE', #697, #2071, #1080 ) ;
#2662 = CARTESIAN_POINT ( 'NONE',  ( -4.255112374409769416, -0.1025126265847088325, -0.4096194077712558279 ) ) ;
#2663 = CARTESIAN_POINT ( 'NONE',  ( 0.09189646331396175705, -9.494579463526266139, -2.281869296782109924 ) ) ;
#2664 = CARTESIAN_POINT ( 'NONE',  ( -0.6971904863900533211, -2.819743453140292733, 1.634984115938674654 ) ) ;
#2665 = DIRECTION ( 'NONE',  ( 0.000000000000000000, 0.000000000000000000, -1.000000000000000000 ) ) ;
#2666 = ORIENTED_EDGE ( 'NONE', *, *, #2537, .T. ) ;
#2667 = CARTESIAN_POINT ( 'NONE',  ( -4.110224748819537588, 0.000000000000000000, 1.107106781186547817 ) ) ;
#2668 = VERTEX_POINT ( 'NONE', #3348 ) ;
#2669 = CARTESIAN_POINT ( 'NONE',  ( 0.000000000000000000, -0.9533984102466801502, -0.4999999999999990563 ) ) ;
#2670 = CARTESIAN_POINT ( 'NONE',  ( 2.270888494379373679, -0.6158372031405696667, -0.1647743645241035171 ) ) ;
#2671 = AXIS2_PLACEMENT_3D ( 'NONE', #338, #2392, #1375 ) ;
#2672 = CARTESIAN_POINT ( 'NONE',  ( -4.360448794512011617, -5.813515749554875960E-05, 1.346212871086434726 ) ) ;
#2673 = CARTESIAN_POINT ( 'NONE',  ( -1.618290256921772308, -0.6805721227388390471, -0.7780005020929758874 ) ) ;
#2674 = FACE_OUTER_BOUND ( 'NONE', #3479, .T. ) ;
#2675 = EDGE_LOOP ( 'NONE', ( #4426, #1188, #2140, #846, #3878 ) ) ;
#2676 = VERTEX_POINT ( 'NONE', #2970 ) ;
#2677 = DIRECTION ( 'NONE',  ( 0.000000000000000000, 0.000000000000000000, 1.000000000000000000 ) ) ;
#2678 = ADVANCED_FACE ( 'NONE', ( #1630 ), #3114, .T. ) ;
#2679 = LINE ( 'NONE', #3692, #2939 ) ;
#2680 = CARTESIAN_POINT ( 'NONE',  ( -3.845346794135275026, -0.3499999999999999778, 1.362393974057858115 ) ) ;
#2681 = ORIENTED_EDGE ( 'NONE', *, *, #3716, .T. ) ;
#2682 = ORIENTED_EDGE ( 'NONE', *, *, #830, .T. ) ;
#2683 = CARTESIAN_POINT ( 'NONE',  ( 4.400000000000000355, 0.000000000000000000, 1.407106781186548083 ) ) ;
#2684 = CARTESIAN_POINT ( 'NONE',  ( -4.400000000000000355, 0.000000000000000000, -0.8071067811865471064 ) ) ;
#2685 = SURFACE_SIDE_STYLE ('',( #1549 ) ) ;
#2686 = CARTESIAN_POINT ( 'NONE',  ( 1.714229068408572809, -8.333381546859573774, -0.1699420348066221220 ) ) ;
#2687 = CARTESIAN_POINT ( 'NONE',  ( 0.9206524896622597653, -5.379118453140291578, 1.548567973708066203 ) ) ;
#2688 = COLOUR_RGB ( '',0.7921568627450980005, 0.8196078431372548767, 0.9333333333333333481 ) ;
#2689 =( BOUNDED_SURFACE ( )  B_SPLINE_SURFACE ( 3, 3, ( 
 ( #602, #2615, #2268, #2937 ),
 ( #2591, #1574, #556, #1949 ),
 ( #581, #3335, #1261, #4330 ),
 ( #1284, #1974, #2246, #2291 ) ),
 .UNSPECIFIED., .F., .F., .T. ) 
 B_SPLINE_SURFACE_WITH_KNOTS ( ( 4, 4 ),
 ( 4, 4 ),
 ( 0.000000000000000000, 1.000000000000000000 ),
 ( 0.000000000000000000, 1.000000000000000000 ),
 .UNSPECIFIED. ) 
 GEOMETRIC_REPRESENTATION_ITEM ( )  RATIONAL_B_SPLINE_SURFACE ( (
 ( 1.000000000000000000, 0.8047378541243636052, 0.8047378541243636052, 1.000000000000000000),
 ( 1.000000000000000000, 0.8047378541243636052, 0.8047378541243636052, 1.000000000000000000),
 ( 1.000000000000000000, 0.8047378541243636052, 0.8047378541243636052, 1.000000000000000000),
 ( 1.000000000000000000, 0.8047378541243636052, 0.8047378541243636052, 1.000000000000000000) ) ) 
 REPRESENTATION_ITEM ( '' )  SURFACE ( )  );
#2690 = CARTESIAN_POINT ( 'NONE',  ( 1.560659544652545083, -0.3334786804920450431, -0.2318996792115155248 ) ) ;
#2691 = DIRECTION ( 'NONE',  ( -1.000000000000000000, 0.000000000000000000, 0.000000000000000000 ) ) ;
#2692 = AXIS2_PLACEMENT_3D ( 'NONE', #1579, #1527, #2942 ) ;
#2693 = ADVANCED_FACE ( 'NONE', ( #3414 ), #1442, .F. ) ;
#2694 = VERTEX_POINT ( 'NONE', #2346 ) ;
#2695 = SURFACE_SIDE_STYLE ('',( #946 ) ) ;
#2696 = EDGE_CURVE ( 'NONE', #3322, #3701, #4080, .T. ) ;
#2697 = CARTESIAN_POINT ( 'NONE',  ( -1.437077837289512328, -6.706201786473608983, -2.225989292896978000 ) ) ;
#2698 = CARTESIAN_POINT ( 'NONE',  ( -4.347232441100909561, -0.01311520283923838827, 1.255483432274318689 ) ) ;
#2699 = CARTESIAN_POINT ( 'NONE',  ( -1.719893988050532618, -0.8164895339169105926, -0.7954546566536311314 ) ) ;
#2700 = ORIENTED_EDGE ( 'NONE', *, *, #4139, .F. ) ;
#2701 = CARTESIAN_POINT ( 'NONE',  ( -4.500000000000000888, 0.8197715939347417491, 2.514746340765326327 ) ) ;
#2702 = ADVANCED_FACE ( 'NONE', ( #923 ), #566, .F. ) ;
#2703 = DIRECTION ( 'NONE',  ( 0.000000000000000000, 0.000000000000000000, -1.000000000000000000 ) ) ;
#2704 = B_SPLINE_CURVE_WITH_KNOTS ( 'NONE', 3,
 ( #1127, #3587, #3897, #2160, #1176, #3269, #4265, #1151, #3920, #1528 ),
 .UNSPECIFIED., .F., .F.,
 ( 4, 2, 2, 2, 4 ),
 ( 0.000000000000000000, 0.0003481546084836890410, 0.0006963092169673780821, 0.001044463825451067123, 0.001392618433934756164 ),
 .UNSPECIFIED. ) ;
#2705 = CARTESIAN_POINT ( 'NONE',  ( -3.924342978418262184, -0.4289345277732328765, 1.206753150157625631 ) ) ;
#2706 = EDGE_CURVE ( 'NONE', #3200, #3634, #1370, .T. ) ;
#2707 = CYLINDRICAL_SURFACE ( 'NONE', #3811, 0.8499999999999998668 ) ;
#2708 = EDGE_CURVE ( 'NONE', #3216, #2741, #3325, .T. ) ;
#2709 = CARTESIAN_POINT ( 'NONE',  ( -4.400000000000000355, 0.000000000000000000, -0.8071067811865471064 ) ) ;
#2710 = CARTESIAN_POINT ( 'NONE',  ( 1.446033067779436854, -9.565673213526965313, -1.545223190364134469 ) ) ;
#2711 = CARTESIAN_POINT ( 'NONE',  ( 0.03872814580907415344, -5.568701786474094639, 1.745602787748832041 ) ) ;
#2712 = CARTESIAN_POINT ( 'NONE',  ( -0.2679464039125865060, -0.3899568211400268880, 1.059798594225045854 ) ) ;
#2713 = ORIENTED_EDGE ( 'NONE', *, *, #2902, .F. ) ;
#2714 = FACE_OUTER_BOUND ( 'NONE', #4205, .T. ) ;
#2715 = ORIENTED_EDGE ( 'NONE', *, *, #1540, .T. ) ;
#2716 = DIRECTION ( 'NONE',  ( 0.000000000000000000, -0.7071067811865474617, 0.7071067811865476838 ) ) ;
#2717 = CARTESIAN_POINT ( 'NONE',  ( -1.266087019532917024, -5.853076786474097126, 1.355062103702190823 ) ) ;
#2718 = CARTESIAN_POINT ( 'NONE',  ( -0.8777406153115758780, -0.9292896438123680047, -1.377740615311571881 ) ) ;
#2719 = CARTESIAN_POINT ( 'NONE',  ( -2.421148995975114016, -0.9533984102466800392, -0.9159208359835804281 ) ) ;
#2720 = AXIS2_PLACEMENT_3D ( 'NONE', #2038, #3448, #334 ) ;
#2721 = ORIENTED_EDGE ( 'NONE', *, *, #2416, .T. ) ;
#2722 = ORIENTED_EDGE ( 'NONE', *, *, #1291, .T. ) ;
#2723 = CARTESIAN_POINT ( 'NONE',  ( -0.8838834764831866586, -0.3722440000456402887, 0.3838834764831835500 ) ) ;
#2724 = AXIS2_PLACEMENT_3D ( 'NONE', #1667, #368, #2424 ) ;
#2725 = EDGE_CURVE ( 'NONE', #2676, #4419, #2299, .T. ) ;
#2726 = DIRECTION ( 'NONE',  ( 0.000000000000000000, 0.000000000000000000, -1.000000000000000000 ) ) ;
#2727 = EDGE_CURVE ( 'NONE', #1846, #2277, #1982, .T. ) ;
#2728 = AXIS2_PLACEMENT_3D ( 'NONE', #3234, #1163, #50 ) ;
#2729 = CARTESIAN_POINT ( 'NONE',  ( -4.400000000000000355, -0.5464466094067266244, -0.05355339059327286072 ) ) ;
#2730 = ADVANCED_FACE ( 'NONE', ( #4435 ), #372, .T. ) ;
#2731 = DIRECTION ( 'NONE',  ( -1.000000000000000000, 0.000000000000000000, 0.000000000000000000 ) ) ;
#2732 = CARTESIAN_POINT ( 'NONE',  ( -1.208697504883481377, -9.139110713526029883, 0.7433987346127560736 ) ) ;
#2733 = CARTESIAN_POINT ( 'NONE',  ( -2.210564817300447515, -8.791618453140277012, -0.08620314183633193128 ) ) ;
#2734 = CARTESIAN_POINT ( 'NONE',  ( -4.000000000000000888, 0.000000000000000000, -0.1171572875253803769 ) ) ;
#2735 = CARTESIAN_POINT ( 'NONE',  ( 4.207632328796364618, 0.000000000000000000, -0.4415662694692983892 ) ) ;
#2736 = EDGE_LOOP ( 'NONE', ( #1395 ) ) ;
#2737 = AXIS2_PLACEMENT_3D ( 'NONE', #716, #1735, #3174 ) ;
#2738 = CARTESIAN_POINT ( 'NONE',  ( 1.370125359881423144, -9.052295536473600635, -2.341756574250037026 ) ) ;
#2739 = AXIS2_PLACEMENT_3D ( 'NONE', #4179, #4141, #1059 ) ;
#2740 = CARTESIAN_POINT ( 'NONE',  ( -0.9714363997507313719, -0.6700958119416707826, 0.3507077073605585626 ) ) ;
#2741 = VERTEX_POINT ( 'NONE', #3122 ) ;
#2742 = CARTESIAN_POINT ( 'NONE',  ( -0.4990138216864006826, -1.160889286473981930, -3.163435112934278592 ) ) ;
#2743 = DIRECTION ( 'NONE',  ( 0.3543371188111895109, 0.000000000000000000, 0.9351177499291654094 ) ) ;
#2744 = FACE_OUTER_BOUND ( 'NONE', #7, .T. ) ;
#2745 = CIRCLE ( 'NONE', #4504, 0.2000000000000000666 ) ;
#2746 = CARTESIAN_POINT ( 'NONE',  ( 0.8838834764831866586, -0.3722440000456802012, -1.383883476483181330 ) ) ;
#2747 = DIRECTION ( 'NONE',  ( -2.478176394252581141E-16, 0.000000000000000000, 1.000000000000000000 ) ) ;
#2748 = CARTESIAN_POINT ( 'NONE',  ( 5.000000000000000000, -0.8499999999999999778, 1.552081528017131618 ) ) ;
#2749 = EDGE_CURVE ( 'NONE', #1233, #1036, #606, .T. ) ;
#2750 = CARTESIAN_POINT ( 'NONE',  ( -1.844720581493101141, -1.295100296859443167, 0.8661320422272703601 ) ) ;
#2751 = CARTESIAN_POINT ( 'NONE',  ( 1.101752900407167335, -8.222868453140510070, 1.485229553184011619 ) ) ;
#2752 = CARTESIAN_POINT ( 'NONE',  ( 0.2779936529324078531, -0.6805721227388390471, 1.118286727180387130 ) ) ;
#2753 = MECHANICAL_DESIGN_GEOMETRIC_PRESENTATION_REPRESENTATION (  '', ( #2757 ), #3496 ) ;
#2754 = ORIENTED_EDGE ( 'NONE', *, *, #962, .F. ) ;
#2755 = CARTESIAN_POINT ( 'NONE',  ( 4.050000000000000711, -0.1928932188134528380, 0.3000000000000007105 ) ) ;
#2756 = EDGE_CURVE ( 'NONE', #1803, #2577, #2797, .T. ) ;
#2757 = STYLED_ITEM ( 'NONE', ( #1077 ), #4264 ) ;
#2758 = CARTESIAN_POINT ( 'NONE',  ( 0.9714363997507239334, -0.6700958119416591252, 0.3507077073605608386 ) ) ;
#2759 = ORIENTED_EDGE ( 'NONE', *, *, #2852, .T. ) ;
#2760 = EDGE_CURVE ( 'NONE', #2871, #1803, #3766, .T. ) ;
#2761 = B_SPLINE_CURVE_WITH_KNOTS ( 'NONE', 3,
 ( #330, #3796, #2053, #3464 ),
 .UNSPECIFIED., .F., .F.,
 ( 4, 4 ),
 ( 0.000000000000000000, 1.000000000000000000 ),
 .UNSPECIFIED. ) ;
#2762 = VERTEX_POINT ( 'NONE', #2368 ) ;
#2763 = CARTESIAN_POINT ( 'NONE',  ( -0.1967538394978800842, -0.4736497031406726177, -3.299855689329663111 ) ) ;
#2764 = DIRECTION ( 'NONE',  ( 0.000000000000000000, -0.7071067811865474617, 0.7071067811865476838 ) ) ;
#2765 = FACE_OUTER_BOUND ( 'NONE', #4138, .T. ) ;
#2766 = EDGE_LOOP ( 'NONE', ( #3330, #3903, #454, #1534, #751, #1732 ) ) ;
#2767 = CARTESIAN_POINT ( 'NONE',  ( -3.857632328796365417, -0.3499999999999999778, 1.186541016299883511 ) ) ;
#2768 = B_SPLINE_CURVE_WITH_KNOTS ( 'NONE', 3,
 ( #232, #1615, #3456, #2464 ),
 .UNSPECIFIED., .F., .F.,
 ( 4, 4 ),
 ( -4.000000000137465643E-06, 0.0004140006602366916332 ),
 .UNSPECIFIED. ) ;
#2769 = DIRECTION ( 'NONE',  ( -1.000000000000000000, 0.000000000000000000, -0.000000000000000000 ) ) ;
#2770 = UNCERTAINTY_MEASURE_WITH_UNIT (LENGTH_MEASURE( 1.000000000000000082E-05 ), #60, 'distance_accuracy_value', 'NONE');
#2771 = ADVANCED_FACE ( 'NONE', ( #3848 ), #290, .T. ) ;
#2772 = CARTESIAN_POINT ( 'NONE',  ( -2.313824724223262130, -9.328694046859745015, -0.6247270669966474843 ) ) ;
#2773 = CARTESIAN_POINT ( 'NONE',  ( -1.742783537983268571, -9.431462203141487421, -1.993993433412146299 ) ) ;
#2774 = MANIFOLD_SOLID_BREP ( 'Body-Move/Copy1[4]', #3737 ) ;
#2775 = CARTESIAN_POINT ( 'NONE',  ( -0.9056439328402167144, -0.9126490637092389280, 1.098165633650275863 ) ) ;
#2776 = SURFACE_STYLE_FILL_AREA ( #1731 ) ;
#2777 = VERTEX_POINT ( 'NONE', #993 ) ;
#2778 = VERTEX_POINT ( 'NONE', #3432 ) ;
#2779 = SURFACE_SIDE_STYLE ('',( #63 ) ) ;
#2780 = APPLICATION_CONTEXT ( 'automotive_design' ) ;
#2781 = CARTESIAN_POINT ( 'NONE',  ( -3.905112374409767106, -0.4525126265847114748, -0.5545941546018314794 ) ) ;
#2782 = CARTESIAN_POINT ( 'NONE',  ( 1.499999999999999556, -0.3499999999999999778, 4.500000000000001776 ) ) ;
#2783 = ORIENTED_EDGE ( 'NONE', *, *, #1967, .T. ) ;
#2784 = VERTEX_POINT ( 'NONE', #357 ) ;
#2785 = CARTESIAN_POINT ( 'NONE',  ( -0.7891558599414075781, -8.996923213526223151, 2.226374017258694327 ) ) ;
#2786 = CARTESIAN_POINT ( 'NONE',  ( -0.8838834764831858815, -0.3300000000000000155, -1.383883476483181774 ) ) ;
#2787 = CARTESIAN_POINT ( 'NONE',  ( -3.760224748819538831, -0.3499999999999999778, -0.6520815280171308181 ) ) ;
#2788 = VECTOR ( 'NONE', #3597, 1000.000000000000000 ) ;
#2789 = CARTESIAN_POINT ( 'NONE',  ( -0.8838834764831858815, -0.3300000000000000155, -1.383883476483181774 ) ) ;
#2790 = CARTESIAN_POINT ( 'NONE',  ( 4.023545327070507938, -0.3499999999999998668, 1.475711937966516230 ) ) ;
#2791 = DIRECTION ( 'NONE',  ( 0.000000000000000000, -0.7071067811865474617, 0.7071067811865476838 ) ) ;
#2792 = CARTESIAN_POINT ( 'NONE',  ( -0.6799791314750631699, -3.309423213525904295, 1.640528002709061628 ) ) ;
#2793 = CARTESIAN_POINT ( 'NONE',  ( -1.974368715038501643, -8.898259078140458911, -1.487433802726094934 ) ) ;
#2794 = MANIFOLD_SOLID_BREP ( 'Sweep6', #2932 ) ;
#2795 = AXIS2_PLACEMENT_3D ( 'NONE', #1517, #481, #4351 ) ;
#2796 = CARTESIAN_POINT ( 'NONE',  ( 0.7379430756349800724, -0.5120279155650505620, 0.8022284148378258095 ) ) ;
#2797 = LINE ( 'NONE', #2023, #2451 ) ;
#2798 = ORIENTED_EDGE ( 'NONE', *, *, #2428, .T. ) ;
#2799 = ORIENTED_EDGE ( 'NONE', *, *, #3315, .T. ) ;
#2800 = FILL_AREA_STYLE ('',( #20 ) ) ;
#2801 = DIRECTION ( 'NONE',  ( 0.000000000000000000, 1.000000000000000000, 0.000000000000000000 ) ) ;
#2802 = FACE_OUTER_BOUND ( 'NONE', #1936, .T. ) ;
#2803 = AXIS2_PLACEMENT_3D ( 'NONE', #1920, #186, #3663 ) ;
#2804 = ORIENTED_EDGE ( 'NONE', *, *, #4475, .T. ) ;
#2805 = CARTESIAN_POINT ( 'NONE',  ( 2.736347333980396090, -4.810368453140670297, -0.7319524206814345124 ) ) ;
#2806 = CARTESIAN_POINT ( 'NONE',  ( -0.8838834764831858815, -0.3722440000456931908, -1.383883476483181774 ) ) ;
#2807 = DIRECTION ( 'NONE',  ( 0.000000000000000000, -0.7071067811865474617, 0.7071067811865476838 ) ) ;
#2808 = ORIENTED_EDGE ( 'NONE', *, *, #1565, .T. ) ;
#2809 =( GEOMETRIC_REPRESENTATION_CONTEXT ( 3 ) GLOBAL_UNCERTAINTY_ASSIGNED_CONTEXT ( ( #374 ) ) GLOBAL_UNIT_ASSIGNED_CONTEXT ( ( #1692, #2436, #654 ) ) REPRESENTATION_CONTEXT ( 'NONE', 'WORKASPACE' ) );
#2810 = CARTESIAN_POINT ( 'NONE',  ( 3.838300681009424675, -0.3499999999999999778, 1.368119493083098437 ) ) ;
#2811 = B_SPLINE_CURVE_WITH_KNOTS ( 'NONE', 3,
 ( #917, #625, #1263, #3408 ),
 .UNSPECIFIED., .F., .F.,
 ( 4, 4 ),
 ( 2.001433952384202377E-07, 0.0002402417558374650777 ),
 .UNSPECIFIED. ) ;
#2812 = EDGE_LOOP ( 'NONE', ( #1032, #953, #204, #3379, #449 ) ) ;
#2813 = CARTESIAN_POINT ( 'NONE',  ( -4.400000000000000355, -0.005025253169416827280, 0.9121320343559647936 ) ) ;
#2814 = CARTESIAN_POINT ( 'NONE',  ( 0.000000000000000000, -0.3334786804920450987, -0.4999999999999989453 ) ) ;
#2815 = EDGE_LOOP ( 'NONE', ( #3273, #1433, #3896, #3393 ) ) ;
#2816 = AXIS2_PLACEMENT_3D ( 'NONE', #1050, #2438, #3493 ) ;
#2817 = CARTESIAN_POINT ( 'NONE',  ( 2.194822038854853830, -8.143798213525903051, -0.9764325423147351968 ) ) ;
#2818 = CARTESIAN_POINT ( 'NONE',  ( -1.881086037134416911, -8.910108036474007065, -1.663224571312977629 ) ) ;
#2819 = CARTESIAN_POINT ( 'NONE',  ( -4.255112374409768528, -0.1025126265847086243, 1.009619407771256139 ) ) ;
#2820 = CARTESIAN_POINT ( 'NONE',  ( 1.129799452363590362, -1.217045720401882303, 0.6297994523635030983 ) ) ;
#2821 = CARTESIAN_POINT ( 'NONE',  ( -4.110224748819537588, -0.2000000000000000389, 1.107106781186547817 ) ) ;
#2822 = EDGE_LOOP ( 'NONE', ( #3050, #4468, #2931, #3362 ) ) ;
#2823 = VERTEX_POINT ( 'NONE', #379 ) ;
#2824 = FACE_OUTER_BOUND ( 'NONE', #333, .T. ) ;
#2825 = CARTESIAN_POINT ( 'NONE',  ( 1.855777007415166047, -0.9286075046884124662, 0.01561118824197003235 ) ) ;
#2826 = CARTESIAN_POINT ( 'NONE',  ( 2.146062712639146497, -1.197772511989703803, -0.09438458547660089071 ) ) ;
#2827 = EDGE_CURVE ( 'NONE', #3297, #3322, #1594, .T. ) ;
#2828 = EDGE_CURVE ( 'NONE', #907, #38, #2012, .T. ) ;
#2829 = ORIENTED_EDGE ( 'NONE', *, *, #10, .F. ) ;
#2830 = EDGE_LOOP ( 'NONE', ( #3871, #3632, #3025, #587 ) ) ;
#2831 = CARTESIAN_POINT ( 'NONE',  ( -2.301091344640196823, -8.910108036474264637, -1.920615648696266664 ) ) ;
#2832 = STYLED_ITEM ( 'NONE', ( #4482 ), #4211 ) ;
#2833 =( BOUNDED_CURVE ( )  B_SPLINE_CURVE ( 3, ( #4276, #775, #4185, #2495 ),
 .UNSPECIFIED., .F., .F. ) 
 B_SPLINE_CURVE_WITH_KNOTS ( ( 4, 4 ),
 ( 1.570796326794896780, 2.331373695957621006 ),
 .UNSPECIFIED. ) 
 CURVE ( )  GEOMETRIC_REPRESENTATION_ITEM ( )  RATIONAL_B_SPLINE_CURVE ( ( 1.000000000000000000, 0.9523716785737829094, 0.9523716785737829094, 1.000000000000000000 ) ) 
 REPRESENTATION_ITEM ( '' )  );
#2834 = CARTESIAN_POINT ( 'NONE',  ( 0.8838834764831866586, -0.3300000000000000155, -1.383883476483181330 ) ) ;
#2835 = DIRECTION ( 'NONE',  ( 0.000000000000000000, 0.7071067811865469066, 0.7071067811865482389 ) ) ;
#2836 = ORIENTED_EDGE ( 'NONE', *, *, #1953, .T. ) ;
#2837 = CARTESIAN_POINT ( 'NONE',  ( 4.000000000000000000, 0.000000000000000000, 4.500000000000000888 ) ) ;
#2838 = CARTESIAN_POINT ( 'NONE',  ( 4.110224748819537588, 0.000000000000000000, -0.5071067811865465069 ) ) ;
#2839 = CARTESIAN_POINT ( 'NONE',  ( 0.8838834764831866586, -0.3722440000456802012, -1.383883476483181330 ) ) ;
#2840 = ORIENTED_EDGE ( 'NONE', *, *, #1252, .T. ) ;
#2841 = AXIS2_PLACEMENT_3D ( 'NONE', #4122, #3052, #738 ) ;
#2842 = CARTESIAN_POINT ( 'NONE',  ( -1.468584135190629247, -3.499006546859707356, 1.199262306852588278 ) ) ;
#2843 = ADVANCED_FACE ( 'NONE', ( #1147 ), #2891, .F. ) ;
#2844 = CARTESIAN_POINT ( 'NONE',  ( -0.8094588392580505110, -6.800993453140159239, -2.046704867423786656 ) ) ;
#2845 = FACE_OUTER_BOUND ( 'NONE', #3498, .T. ) ;
#2846 = DIRECTION ( 'NONE',  ( 0.000000000000000000, 1.000000000000000000, 0.000000000000000000 ) ) ;
#2847 = ORIENTED_EDGE ( 'NONE', *, *, #2862, .F. ) ;
#2848 = EDGE_CURVE ( 'NONE', #2353, #3003, #3198, .T. ) ;
#2849 = CARTESIAN_POINT ( 'NONE',  ( -3.850000000000000533, -0.5140364940634336577, 0.9700225521656169470 ) ) ;
#2850 = CARTESIAN_POINT ( 'NONE',  ( 4.200000000000000178, -0.2000000000000000389, -0.1171572875253804324 ) ) ;
#2851 = FACE_OUTER_BOUND ( 'NONE', #4488, .T. ) ;
#2852 = EDGE_CURVE ( 'NONE', #4020, #2192, #2968, .T. ) ;
#2853 = CARTESIAN_POINT ( 'NONE',  ( 0.7257184977935297043, -0.3334786804920452652, 0.8012907170400980217 ) ) ;
#2854 = EDGE_LOOP ( 'NONE', ( #236, #1512, #3190, #2292 ) ) ;
#2855 = CARTESIAN_POINT ( 'NONE',  ( -2.263646464615568732, -8.696826786474247228, 1.061289741094676442 ) ) ;
#2856 = DIRECTION ( 'NONE',  ( 1.000000000000000000, 0.000000000000000000, -0.000000000000000000 ) ) ;
#2857 = DIRECTION ( 'NONE',  ( 0.000000000000000000, 0.000000000000000000, -1.000000000000000000 ) ) ;
#2858 =( BOUNDED_SURFACE ( )  B_SPLINE_SURFACE ( 3, 3, ( 
 ( #1730, #3082, #3490, #992 ),
 ( #3431, #651, #36, #1393 ),
 ( #1012, #2391, #4150, #3062 ),
 ( #2775, #3825, #1747, #317 ),
 ( #1046, #4168, #2435, #4456 ),
 ( #3103, #672, #2752, #3451 ),
 ( #711, #378, #4107, #2796 ),
 ( #1030, #2712, #1411, #969 ),
 ( #2412, #2344, #337, #3803 ) ),
 .UNSPECIFIED., .F., .F., .T. ) 
 B_SPLINE_SURFACE_WITH_KNOTS ( ( 4, 1, 1, 1, 1, 1, 4 ),
 ( 4, 4 ),
 ( 0.000000000000000000, 0.1250000000000000000, 0.2500000000000000000, 0.5000000000000000000, 0.7500000000000000000, 0.8750000000000000000, 1.000000000000000000 ),
 ( 0.000000000000000000, 1.000000000000000000 ),
 .UNSPECIFIED. ) 
 GEOMETRIC_REPRESENTATION_ITEM ( )  RATIONAL_B_SPLINE_SURFACE ( (
 ( 1.000000000000000000, 0.9133455179044455141, 0.9133455179044455141, 1.000000000000000000),
 ( 1.000000000000000000, 0.9133455179044455141, 0.9133455179044455141, 1.000000000000000000),
 ( 1.000000000000000000, 0.9133455179044455141, 0.9133455179044455141, 1.000000000000000000),
 ( 1.000000000000000000, 0.9133455179044455141, 0.9133455179044455141, 1.000000000000000000),
 ( 1.000000000000000000, 0.9133455179044455141, 0.9133455179044455141, 1.000000000000000000),
 ( 1.000000000000000000, 0.9133455179044455141, 0.9133455179044455141, 1.000000000000000000),
 ( 1.000000000000000000, 0.9133455179044455141, 0.9133455179044455141, 1.000000000000000000),
 ( 1.000000000000000000, 0.9133455179044455141, 0.9133455179044455141, 1.000000000000000000),
 ( 1.000000000000000000, 0.9133455179044455141, 0.9133455179044455141, 1.000000000000000000) ) ) 
 REPRESENTATION_ITEM ( '' )  SURFACE ( )  );
#2859 = CARTESIAN_POINT ( 'NONE',  ( -5.000000000000000000, -0.8500000000000000888, -0.9520815280171303074 ) ) ;
#2860 = CARTESIAN_POINT ( 'NONE',  ( 0.9056738525786931504, -0.5287539168206258910, -1.375626613554336908 ) ) ;
#2861 = EDGE_LOOP ( 'NONE', ( #26, #1866, #1754 ) ) ;
#2862 = EDGE_CURVE ( 'NONE', #2310, #2370, #782, .T. ) ;
#2863 = VECTOR ( 'NONE', #1952, 1000.000000000000000 ) ;
#2864 = CARTESIAN_POINT ( 'NONE',  ( 2.293084859361778971, -9.613069046858511157, -0.6052264622307251818 ) ) ;
#2865 = CARTESIAN_POINT ( 'NONE',  ( 1.168507160446766502, -9.194483036473465987, 0.8483672225208777062 ) ) ;
#2866 = DIRECTION ( 'NONE',  ( 0.3543371188111938963, -0.000000000000000000, 0.9351177499291636330 ) ) ;
#2867 = CIRCLE ( 'NONE', #987, 0.1999999999999999833 ) ;
#2868 = CARTESIAN_POINT ( 'NONE',  ( -3.838301271490092592, -0.3499999999999999778, 1.368120370666921826 ) ) ;
#2869 = ORIENTED_EDGE ( 'NONE', *, *, #2537, .F. ) ;
#2870 = EDGE_CURVE ( 'NONE', #1469, #3529, #3910, .T. ) ;
#2871 = VERTEX_POINT ( 'NONE', #4216 ) ;
#2872 = FACE_OUTER_BOUND ( 'NONE', #4224, .T. ) ;
#2873 = EDGE_CURVE ( 'NONE', #2462, #745, #504, .T. ) ;
#2874 = VECTOR ( 'NONE', #2659, 1000.000000000000000 ) ;
#2875 = CARTESIAN_POINT ( 'NONE',  ( -5.000000000000000000, -0.3499999999999999778, 4.500000000000000888 ) ) ;
#2876 = CARTESIAN_POINT ( 'NONE',  ( 1.298817951998707754, -0.4509763357000867723, 0.2266554840076461796 ) ) ;
#2877 = FACE_OUTER_BOUND ( 'NONE', #963, .T. ) ;
#2878 = EDGE_LOOP ( 'NONE', ( #3125, #2759, #1700, #508 ) ) ;
#2879 = CARTESIAN_POINT ( 'NONE',  ( 0.6269938159402523858, -1.887548213526029750, -2.129232430974684842 ) ) ;
#2880 = CARTESIAN_POINT ( 'NONE',  ( -2.654130378350461505, -6.421826786474229998, -1.204975596996313625 ) ) ;
#2881 = DIRECTION ( 'NONE',  ( -1.000000000000000000, 0.000000000000000000, 0.000000000000000000 ) ) ;
#2882 = DIRECTION ( 'NONE',  ( 0.000000000000000000, -1.734723475976807094E-15, -1.000000000000000000 ) ) ;
#2883 = DIRECTION ( 'NONE',  ( 0.000000000000000000, 0.000000000000000000, -1.000000000000000000 ) ) ;
#2884 = VECTOR ( 'NONE', #1675, 1000.000000000000000 ) ;
#2885 = CYLINDRICAL_SURFACE ( 'NONE', #910, 0.2000000000000000111 ) ;
#2886 = ORIENTED_EDGE ( 'NONE', *, *, #3726, .T. ) ;
#2887 = CARTESIAN_POINT ( 'NONE',  ( -2.426925895934259447, -1.401740921859582212, -1.672792474096073123 ) ) ;
#2888 = CARTESIAN_POINT ( 'NONE',  ( -1.446308394059957259, -3.672868453140403666, -1.477605026909345698 ) ) ;
#2889 = CARTESIAN_POINT ( 'NONE',  ( -5.000000000000000000, -0.3499999999999999778, -3.499999999999999556 ) ) ;
#2890 = ADVANCED_FACE ( 'NONE', ( #2503 ), #83, .F. ) ;
#2891 = PLANE ( 'NONE',  #434 ) ;
#2892 = ORIENTED_EDGE ( 'NONE', *, *, #4013, .F. ) ;
#2893 = DIRECTION ( 'NONE',  ( 0.000000000000000000, 0.000000000000000000, 1.000000000000000000 ) ) ;
#2894 = CYLINDRICAL_SURFACE ( 'NONE', #1525, 0.2000000000000000944 ) ;
#2895 = FACE_OUTER_BOUND ( 'NONE', #279, .T. ) ;
#2896 = LINE ( 'NONE', #4287, #2547 ) ;
#2897 = CARTESIAN_POINT ( 'NONE',  ( 3.905112374409770215, -0.4525126265847087548, -0.5545941546018391399 ) ) ;
#2898 = CARTESIAN_POINT ( 'NONE',  ( 0.8838834764831864366, -0.3300000000000000155, 0.3838834764831836610 ) ) ;
#2899 = ORIENTED_EDGE ( 'NONE', *, *, #2749, .F. ) ;
#2900 = CARTESIAN_POINT ( 'NONE',  ( -1.630724241382464523, -6.627131546859208022, 0.1231035290648489211 ) ) ;
#2901 = CARTESIAN_POINT ( 'NONE',  ( 2.704835062037502347, -1.871826786474006354, -0.9746218966882499446 ) ) ;
#2902 = EDGE_CURVE ( 'NONE', #448, #2969, #2745, .T. ) ;
#2903 = DIRECTION ( 'NONE',  ( -0.3543371188111902881, 0.000000000000000000, -0.9351177499291650763 ) ) ;
#2904 = EDGE_CURVE ( 'NONE', #3701, #93, #1460, .T. ) ;
#2905 = DIRECTION ( 'NONE',  ( -1.000000000000000000, -0.000000000000000000, 0.000000000000000000 ) ) ;
#2906 = AXIS2_PLACEMENT_3D ( 'NONE', #3978, #1968, #235 ) ;
#2907 = CARTESIAN_POINT ( 'NONE',  ( -0.7268519378824884747, -0.9856823329234888353, 0.7982994979738505803 ) ) ;
#2908 = CIRCLE ( 'NONE', #3361, 1.250000000000000000 ) ;
#2909 = CARTESIAN_POINT ( 'NONE',  ( -3.760224748819539720, -0.3499999999999999778, -0.6520815280171317063 ) ) ;
#2910 = ORIENTED_EDGE ( 'NONE', *, *, #3516, .T. ) ;
#2911 = EDGE_CURVE ( 'NONE', #1368, #1316, #487, .T. ) ;
#2912 = CARTESIAN_POINT ( 'NONE',  ( -0.2151852157975342461, -0.9633294635262841243, -3.298499468881708641 ) ) ;
#2913 = CARTESIAN_POINT ( 'NONE',  ( 1.503158548764306879, -5.094743453140402778, 0.3877127557053884344 ) ) ;
#2914 = FACE_OUTER_BOUND ( 'NONE', #1468, .T. ) ;
#2915 = AXIS2_PLACEMENT_3D ( 'NONE', #3544, #4243, #1799 ) ;
#2916 = DIRECTION ( 'NONE',  ( 1.000000000000000000, 0.000000000000000000, 0.000000000000000000 ) ) ;
#2917 = VERTEX_POINT ( 'NONE', #3540 ) ;
#2918 = LINE ( 'NONE', #1861, #865 ) ;
#2919 = DIRECTION ( 'NONE',  ( 0.000000000000000000, 0.7071067811865474617, 0.7071067811865476838 ) ) ;
#2920 = CARTESIAN_POINT ( 'NONE',  ( -4.000000000000000888, 0.000000000000000000, -4.499999999999999112 ) ) ;
#2921 = CARTESIAN_POINT ( 'NONE',  ( -4.050000000000000711, -0.1928932188134528380, 0.3000000000000007105 ) ) ;
#2922 = CARTESIAN_POINT ( 'NONE',  ( 1.447958480004257531, -0.7626227362940870558, 0.1701427881514630536 ) ) ;
#2923 = CARTESIAN_POINT ( 'NONE',  ( -5.000000000000000000, -0.7939339828220187689, 0.9010407640085654757 ) ) ;
#2924 = EDGE_LOOP ( 'NONE', ( #1618, #713, #24, #3279 ) ) ;
#2925 = CARTESIAN_POINT ( 'NONE',  ( -1.690947423227172397, -6.911506546859207845, -0.9338391075596902402 ) ) ;
#2926 = CARTESIAN_POINT ( 'NONE',  ( -1.802760521908967073, -3.104118453140536804, 0.8395097051790514353 ) ) ;
#2927 = DIRECTION ( 'NONE',  ( 0.000000000000000000, 1.000000000000000000, 0.000000000000000000 ) ) ;
#2928 = CARTESIAN_POINT ( 'NONE',  ( 3.857632328796364085, -0.3500000000000000888, 1.186541016299875073 ) ) ;
#2929 = CARTESIAN_POINT ( 'NONE',  ( 3.650000000000000355, -0.3499999999999999778, 0.8621320343559647492 ) ) ;
#2930 = B_SPLINE_CURVE_WITH_KNOTS ( 'NONE', 3,
 ( #721, #1112, #2099, #2516, #3908, #2169, #3503, #3576, #3155, #47 ),
 .UNSPECIFIED., .F., .F.,
 ( 4, 2, 2, 2, 4 ),
 ( 0.000000000000000000, 0.0003481546084836902879, 0.0006963092169673805757, 0.001044463825451070809, 0.001392618433934761151 ),
 .UNSPECIFIED. ) ;
#2931 = ORIENTED_EDGE ( 'NONE', *, *, #165, .T. ) ;
#2932 = CLOSED_SHELL ( 'NONE', ( #4375, #2017, #3810 ) ) ;
#2933 = CARTESIAN_POINT ( 'NONE',  ( -5.000000000000000000, -0.5000000000000000000, -0.8071067811865471064 ) ) ;
#2934 = CARTESIAN_POINT ( 'NONE',  ( -4.400000000000000355, -0.4050252531694172320, 0.5121320343559644384 ) ) ;
#2935 = CARTESIAN_POINT ( 'NONE',  ( 1.144003492350971651, -5.868798213526161156, 1.996528523196158700 ) ) ;
#2936 = CARTESIAN_POINT ( 'NONE',  ( 1.744373949386283096, -1.966618453140505096, -0.4315961691977612258 ) ) ;
#2937 = CARTESIAN_POINT ( 'NONE',  ( 0.8838834764831775548, -0.3300000000000001266, -1.383883476483190433 ) ) ;
#2938 = CARTESIAN_POINT ( 'NONE',  ( 4.297775180826341135, -0.05290495382226712007, 1.121476816354846306 ) ) ;
#2939 = VECTOR ( 'NONE', #2980, 1000.000000000000000 ) ;
#2940 = CARTESIAN_POINT ( 'NONE',  ( -0.3521443217217790633, -1.033354954157680972, 1.787176260535757510 ) ) ;
#2941 =( LENGTH_UNIT ( ) NAMED_UNIT ( * ) SI_UNIT ( .MILLI., .METRE. ) );
#2942 = DIRECTION ( 'NONE',  ( 0.000000000000000000, 0.000000000000000000, -1.000000000000000000 ) ) ;
#2943 = CYLINDRICAL_SURFACE ( 'NONE', #956, 0.9999999999999995559 ) ;
#2944 = AXIS2_PLACEMENT_3D ( 'NONE', #2189, #97, #2120 ) ;
#2945 = FACE_OUTER_BOUND ( 'NONE', #4306, .T. ) ;
#2946 = DIRECTION ( 'NONE',  ( 1.000000000000000000, 0.000000000000000000, -0.000000000000000000 ) ) ;
#2947 = ORIENTED_EDGE ( 'NONE', *, *, #161, .F. ) ;
#2948 = CARTESIAN_POINT ( 'NONE',  ( 4.255112374409767639, -0.1025126265847087909, 1.009619407771255251 ) ) ;
#2949 = AXIS2_PLACEMENT_3D ( 'NONE', #4373, #142, #1569 ) ;
#2950 = ORIENTED_EDGE ( 'NONE', *, *, #170, .F. ) ;
#2951 = CARTESIAN_POINT ( 'NONE',  ( -1.677740062600513671, -1.366194046859376066, -0.8603252563817640475 ) ) ;
#2952 = CARTESIAN_POINT ( 'NONE',  ( -2.207635099034024329, -0.8646653281405566327, -0.7715396646167470562 ) ) ;
#2953 = CARTESIAN_POINT ( 'NONE',  ( -4.400000000000000355, 0.000000000000000000, 1.407106781186548083 ) ) ;
#2954 = EDGE_CURVE ( 'NONE', #745, #1804, #2811, .T. ) ;
#2955 = CARTESIAN_POINT ( 'NONE',  ( 3.688579037750122858, -0.3499999999999998668, 1.145600282324415353 ) ) ;
#2956 = VERTEX_POINT ( 'NONE', #426 ) ;
#2957 = CARTESIAN_POINT ( 'NONE',  ( 0.000000000000000000, -0.3500000000000000333, -0.4999999999999989453 ) ) ;
#2958 = CARTESIAN_POINT ( 'NONE',  ( 4.050000000000000711, -0.6525126265847087659, 0.7596194077712565829 ) ) ;
#2959 = CIRCLE ( 'NONE', #1931, 0.8499999999999998668 ) ;
#2960 = CARTESIAN_POINT ( 'NONE',  ( -0.1142178736305361902, -1.224006546859577327, 2.304435456874092569 ) ) ;
#2961 = DIRECTION ( 'NONE',  ( 0.000000000000000000, 9.349008135309623345E-17, -1.000000000000000000 ) ) ;
#2962 = CARTESIAN_POINT ( 'NONE',  ( -1.298817951998707310, -0.4509763357000857731, -1.226655484007644015 ) ) ;
#2963 = AXIS2_PLACEMENT_3D ( 'NONE', #65, #3173, #3271 ) ;
#2964 = FACE_OUTER_BOUND ( 'NONE', #4332, .T. ) ;
#2965 = DIRECTION ( 'NONE',  ( 0.000000000000000000, -0.7071067811865473507, 0.7071067811865476838 ) ) ;
#2966 = CARTESIAN_POINT ( 'NONE',  ( -1.626543967886926012, -5.947868453140293887, 1.048737056492206277 ) ) ;
#2967 = PLANE ( 'NONE',  #1149 ) ;
#2968 = CIRCLE ( 'NONE', #2600, 0.2000000000000000944 ) ;
#2969 = VERTEX_POINT ( 'NONE', #3311 ) ;
#2970 = CARTESIAN_POINT ( 'NONE',  ( 1.999999999999999556, -0.3499999999999999778, 4.500000000000001776 ) ) ;
#2971 = EDGE_LOOP ( 'NONE', ( #2829, #3347, #4195, #358 ) ) ;
#2972 = CARTESIAN_POINT ( 'NONE',  ( -1.391601262420730345, -3.593798213526014251, 0.5540234749735142294 ) ) ;
#2973 = CARTESIAN_POINT ( 'NONE',  ( -0.6969299463216122037, -1.113493453140547818, -2.614382068571250439 ) ) ;
#2974 = CARTESIAN_POINT ( 'NONE',  ( 0.9056439328402174915, -0.9126490637092384839, -2.098165633650272976 ) ) ;
#2975 = CARTESIAN_POINT ( 'NONE',  ( -2.199999999999999734, -0.6000000000000000888, -0.4999999999999759637 ) ) ;
#2976 = EDGE_CURVE ( 'NONE', #930, #807, #3034, .T. ) ;
#2977 = CARTESIAN_POINT ( 'NONE',  ( -4.038579037750123391, -5.421010862427522170E-17, 1.000625535493830931 ) ) ;
#2978 = ORIENTED_EDGE ( 'NONE', *, *, #3212, .T. ) ;
#2979 = CARTESIAN_POINT ( 'NONE',  ( 1.298817951998707754, -0.4509763357000863282, -1.226655484007643793 ) ) ;
#2980 = DIRECTION ( 'NONE',  ( -0.000000000000000000, -1.000000000000000000, -0.000000000000000000 ) ) ;
#2981 = B_SPLINE_CURVE_WITH_KNOTS ( 'NONE', 3,
 ( #4155, #3807, #2396, #4219, #382, #429, #676, #694, #3543, #1750, #3785, #3873 ),
 .UNSPECIFIED., .F., .F.,
 ( 4, 2, 2, 2, 2, 4 ),
 ( 0.000000000000000000, 0.0004671597923954093562, 0.0009343195847908187125, 0.001401479377186228177, 0.001635059273383933018, 0.001868639169581638292 ),
 .UNSPECIFIED. ) ;
#2982 = ADVANCED_FACE ( 'NONE', ( #1927 ), #870, .F. ) ;
#2983 = CARTESIAN_POINT ( 'NONE',  ( -0.9762000683059530726, -1.247704463526302820, 2.131527575585646872 ) ) ;
#2984 = CARTESIAN_POINT ( 'NONE',  ( -3.650000000000000355, -0.5500000000000000444, -0.2621320343559637722 ) ) ;
#2985 = AXIS2_PLACEMENT_3D ( 'NONE', #3350, #273, #4366 ) ;
#2986 =( BOUNDED_SURFACE ( )  B_SPLINE_SURFACE ( 3, 2, ( 
 ( #4505, #3147, #2781 ),
 ( #3851, #715, #739 ),
 ( #1717, #1734, #3086 ),
 ( #3828, #4198, #4484 ),
 ( #2115, #1397, #677 ),
 ( #2418, #1355, #300 ) ),
 .UNSPECIFIED., .F., .F., .T. ) 
 B_SPLINE_SURFACE_WITH_KNOTS ( ( 4, 2, 4 ),
 ( 3, 3 ),
 ( -0.0001390270619396793603, 7.002991833548005110E-05, 0.0002790868986106394625 ),
 ( 0.000000000000000000, 1.000000000000000000 ),
 .UNSPECIFIED. ) 
 GEOMETRIC_REPRESENTATION_ITEM ( )  RATIONAL_B_SPLINE_SURFACE ( (
 ( 1.000000000000000000, 0.8623911140185880342, 1.000000000000000000),
 ( 1.000000000000000000, 0.8968194724329836554, 1.000000000000000000),
 ( 1.000000000000000000, 0.9318866080662884244, 1.000000000000000000),
 ( 1.000000000000000000, 0.9838461352043181840, 1.000000000000000000),
 ( 1.000000000000000000, 1.000319005955228491, 1.000000000000000000),
 ( 1.000000000000000000, 1.000000000000000000, 1.000000000000000000) ) ) 
 REPRESENTATION_ITEM ( '' )  SURFACE ( )  );
#2987 = CARTESIAN_POINT ( 'NONE',  ( -1.322557708182510616, -0.5693850754028578764, -1.217659957178979679 ) ) ;
#2988 = CARTESIAN_POINT ( 'NONE',  ( 0.000000000000000000, -0.5000000000000000000, 1.407106781186548083 ) ) ;
#2989 = VERTEX_POINT ( 'NONE', #585 ) ;
#2990 = CARTESIAN_POINT ( 'NONE',  ( 2.244311900564107454, -1.966618453140638545, -0.4145842953052982227 ) ) ;
#2991 = CARTESIAN_POINT ( 'NONE',  ( 1.924077958337574668, -0.9126490637092384839, -0.8305307167215612019 ) ) ;
#2992 = VERTEX_POINT ( 'NONE', #1905 ) ;
#2993 = CARTESIAN_POINT ( 'NONE',  ( 3.905112374409770215, -0.4525126265847075335, -0.5545941546018404722 ) ) ;
#2994 = EDGE_CURVE ( 'NONE', #455, #2917, #4326, .T. ) ;
#2995 = CONICAL_SURFACE ( 'NONE', #96, 2.319395077624665014, 0.03293835765007474548 ) ;
#2996 = ORIENTED_EDGE ( 'NONE', *, *, #4314, .T. ) ;
#2997 = CARTESIAN_POINT ( 'NONE',  ( 1.935194027968476727, -5.094743453140536005, 0.6398490355026958953 ) ) ;
#2998 = ADVANCED_FACE ( 'NONE', ( #1576 ), #243, .T. ) ;
#2999 = CARTESIAN_POINT ( 'NONE',  ( -0.9056439328402164923, -0.9126490637092384839, -2.098165633650273865 ) ) ;
#3000 = B_SPLINE_CURVE_WITH_KNOTS ( 'NONE', 3,
 ( #797, #457, #1828, #2188 ),
 .UNSPECIFIED., .F., .F.,
 ( 4, 4 ),
 ( 2.138802057176160100E-07, 0.0004465960764625101021 ),
 .UNSPECIFIED. ) ;
#3001 = CARTESIAN_POINT ( 'NONE',  ( 0.4354969510950114087, -0.9537525753427678055, -2.567203474473481961 ) ) ;
#3002 = DIRECTION ( 'NONE',  ( 0.000000000000000000, 0.7071067811865474617, 0.7071067811865476838 ) ) ;
#3003 = VERTEX_POINT ( 'NONE', #221 ) ;
#3004 = DIRECTION ( 'NONE',  ( -1.000000000000000000, 0.000000000000000000, -0.000000000000000000 ) ) ;
#3005 = CARTESIAN_POINT ( 'NONE',  ( -3.688579037750122858, -0.3499999999999999778, 1.145600282324415353 ) ) ;
#3006 = CARTESIAN_POINT ( 'NONE',  ( 1.367038037981853194, -0.5210455364739838835, -2.951348803645986063 ) ) ;
#3007 = CARTESIAN_POINT ( 'NONE',  ( -4.195550405924385551, 0.000000000000000000, -0.6176347212170852918 ) ) ;
#3008 = VERTEX_POINT ( 'NONE', #2660 ) ;
#3009 = CARTESIAN_POINT ( 'NONE',  ( 4.320116040682743908, -2.813630079728864871E-15, 1.283698475369834169 ) ) ;
#3010 = CARTESIAN_POINT ( 'NONE',  ( -3.850000000000000533, -0.5500000000000001554, 0.8621320343559646382 ) ) ;
#3011 = SHAPE_DEFINITION_REPRESENTATION ( #2069, #1405 ) ;
#3012 = CARTESIAN_POINT ( 'NONE',  ( -1.750797926175071018, -9.850048213525569807, -0.1561835191741007822 ) ) ;
#3013 = CARTESIAN_POINT ( 'NONE',  ( -0.4065191077248364038, -1.160889286473847815, -2.678578588943687055 ) ) ;
#3014 =( BOUNDED_SURFACE ( )  B_SPLINE_SURFACE ( 3, 2, ( 
 ( #4268, #4340, #1865 ),
 ( #3546, #1154, #136 ),
 ( #2553, #833, #1490 ),
 ( #2511, #3589, #2948 ) ),
 .UNSPECIFIED., .F., .F., .F. ) 
 B_SPLINE_SURFACE_WITH_KNOTS ( ( 4, 4 ),
 ( 3, 3 ),
 ( 4.712388980384689674, 5.472966349547409237 ),
 ( 0.000000000000000000, 1.000000000000000000 ),
 .UNSPECIFIED. ) 
 GEOMETRIC_REPRESENTATION_ITEM ( )  RATIONAL_B_SPLINE_SURFACE ( (
 ( 1.000000000000000000, 0.7071067811865474617, 1.000000000000000000),
 ( 1.000000000000000000, 0.7706146482961833133, 1.000000000000000000),
 ( 1.000000000000000000, 0.8248548249928409071, 1.000000000000000000),
 ( 1.000000000000000000, 0.8623911140185921420, 1.000000000000000000) ) ) 
 REPRESENTATION_ITEM ( '' )  SURFACE ( )  );
#3015 = CARTESIAN_POINT ( 'NONE',  ( 2.342593512596771177, -0.9558696011316026864, -0.09757393958460000571 ) ) ;
#3016 = B_SPLINE_CURVE_WITH_KNOTS ( 'NONE', 3,
 ( #168, #3643, #2265, #1923, #3331, #2656, #215, #3596, #2979, #2632 ),
 .UNSPECIFIED., .F., .F.,
 ( 4, 2, 2, 2, 4 ),
 ( 0.000000000000000000, 0.0003435790352818992536, 0.0006871580705637990493, 0.001030737105845698845, 0.001374316141127598749 ),
 .UNSPECIFIED. ) ;
#3017 = CARTESIAN_POINT ( 'NONE',  ( 4.050000000000000711, -0.3499999999999999778, -0.9520815280171303074 ) ) ;
#3018 = ORIENTED_EDGE ( 'NONE', *, *, #3667, .F. ) ;
#3019 = VECTOR ( 'NONE', #462, 1000.000000000000000 ) ;
#3020 = CARTESIAN_POINT ( 'NONE',  ( 4.188300681009423876, 0.000000000000000000, -0.6231447462525141479 ) ) ;
#3021 = CARTESIAN_POINT ( 'NONE',  ( -0.4065191077248364038, -1.160889286473847815, -2.678578588943687055 ) ) ;
#3022 = LINE ( 'NONE', #592, #1366 ) ;
#3023 = CARTESIAN_POINT ( 'NONE',  ( -1.806411254377474629, -0.9526598926696986380, 0.5236796416751713368 ) ) ;
#3024 = DIRECTION ( 'NONE',  ( 0.000000000000000000, 0.7071067811865474617, -0.7071067811865476838 ) ) ;
#3025 = ORIENTED_EDGE ( 'NONE', *, *, #147, .F. ) ;
#3026 = ORIENTED_EDGE ( 'NONE', *, *, #1371, .T. ) ;
#3027 = CIRCLE ( 'NONE', #1648, 1.489974787804957179 ) ;
#3028 = CARTESIAN_POINT ( 'NONE',  ( -5.000000000000000000, -0.5474873734152914118, -0.5474873734152911897 ) ) ;
#3029 = CARTESIAN_POINT ( 'NONE',  ( -3.760224748819538831, -0.5500000000000000444, -0.6520815280171308181 ) ) ;
#3030 = CONICAL_SURFACE ( 'NONE', #1058, 2.319395077624665014, 0.03293835765007474548 ) ;
#3031 = CARTESIAN_POINT ( 'NONE',  ( -2.419151036358087481, -0.9120611614739706496, -1.688747136669610960 ) ) ;
#3032 = FACE_OUTER_BOUND ( 'NONE', #1092, .T. ) ;
#3033 = ORIENTED_EDGE ( 'NONE', *, *, #1603, .T. ) ;
#3034 = LINE ( 'NONE', #1604, #2863 ) ;
#3035 = CARTESIAN_POINT ( 'NONE',  ( -4.110224748819541141, 0.000000000000000000, -0.5071067811865515029 ) ) ;
#3036 = CARTESIAN_POINT ( 'NONE',  ( 0.8090717165098316732, -1.887548213526163421, -2.595145509783800986 ) ) ;
#3037 = CARTESIAN_POINT ( 'NONE',  ( -1.482217301024575828, -3.009326786474096238, 1.187383661817041247 ) ) ;
#3038 = EDGE_CURVE ( 'NONE', #4069, #1271, #43, .T. ) ;
#3039 = CARTESIAN_POINT ( 'NONE',  ( 1.719893988050532618, -0.8164895339169105926, -0.7954546566536305763 ) ) ;
#3040 = CARTESIAN_POINT ( 'NONE',  ( -4.400000000000000355, 0.000000000000000000, 1.407106781186548083 ) ) ;
#3041 = ORIENTED_EDGE ( 'NONE', *, *, #3511, .T. ) ;
#3042 =( BOUNDED_SURFACE ( )  B_SPLINE_SURFACE ( 3, 2, ( 
 ( #3160, #2928, #1067 ),
 ( #1563, #2104, #502 ),
 ( #749, #860, #776 ),
 ( #1116, #77, #2123 ),
 ( #1089, #2238, #2790 ),
 ( #3638, #208, #51 ) ),
 .UNSPECIFIED., .F., .F., .F. ) 
 B_SPLINE_SURFACE_WITH_KNOTS ( ( 4, 2, 4 ),
 ( 3, 3 ),
 ( -0.0001390270619396812577, 7.002991833547921085E-05, 0.0002790868986106396794 ),
 ( 0.000000000000000000, 1.000000000000000000 ),
 .UNSPECIFIED. ) 
 GEOMETRIC_REPRESENTATION_ITEM ( )  RATIONAL_B_SPLINE_SURFACE ( (
 ( 1.000000000000000000, 0.8623911140185880342, 1.000000000000000000),
 ( 1.000000000000000000, 0.8968194724329774381, 1.000000000000000000),
 ( 1.000000000000000000, 0.9318866080662959739, 1.000000000000000000),
 ( 1.000000000000000000, 0.9838461352043104124, 1.000000000000000000),
 ( 1.000000000000000000, 1.000319005955233598, 1.000000000000000000),
 ( 1.000000000000000000, 1.000000000000000000, 1.000000000000000000) ) ) 
 REPRESENTATION_ITEM ( '' )  SURFACE ( )  );
#3043 = CARTESIAN_POINT ( 'NONE',  ( 4.400000000000000355, 0.000000000000000000, -0.8071067811865471064 ) ) ;
#3044 = CARTESIAN_POINT ( 'NONE',  ( 2.293857719208657553, -9.123389286472900039, -0.5867614235397401456 ) ) ;
#3045 = AXIS2_PLACEMENT_3D ( 'NONE', #4239, #3918, #3961 ) ;
#3046 = CARTESIAN_POINT ( 'NONE',  ( 0.7341829411565270469, -0.3899568211400266660, -1.795593006060203001 ) ) ;
#3047 = CARTESIAN_POINT ( 'NONE',  ( -2.011026462869359044, -0.9533984102466800392, -1.639633538000094148 ) ) ;
#3048 = ORIENTED_EDGE ( 'NONE', *, *, #3716, .F. ) ;
#3049 = AXIS2_PLACEMENT_3D ( 'NONE', #2988, #150, #4284 ) ;
#3050 = ORIENTED_EDGE ( 'NONE', *, *, #309, .F. ) ;
#3051 = EDGE_CURVE ( 'NONE', #2135, #2197, #3641, .T. ) ;
#3052 = DIRECTION ( 'NONE',  ( 0.000000000000000000, -0.7071067811865477948, -0.7071067811865472397 ) ) ;
#3053 = ADVANCED_FACE ( 'NONE', ( #4331 ), #1596, .T. ) ;
#3054 = CARTESIAN_POINT ( 'NONE',  ( -1.999999999999999556, 0.000000000000000000, 4.500000000000001776 ) ) ;
#3055 = FACE_OUTER_BOUND ( 'NONE', #1005, .T. ) ;
#3056 = EDGE_CURVE ( 'NONE', #38, #3459, #2592, .T. ) ;
#3057 = DIRECTION ( 'NONE',  ( 0.000000000000000000, 0.000000000000000000, 1.000000000000000000 ) ) ;
#3058 = CARTESIAN_POINT ( 'NONE',  ( 0.7257184977935295933, -0.3334786804920449321, -1.801290717040095801 ) ) ;
#3059 = CARTESIAN_POINT ( 'NONE',  ( -1.114090823784138928, -9.435334671859118671, -1.822048126528224010 ) ) ;
#3060 = CARTESIAN_POINT ( 'NONE',  ( -2.197362638558214343, -0.3788580364738935446, -1.164009242402953337 ) ) ;
#3061 = VECTOR ( 'NONE', #4296, 1000.000000000000000 ) ;
#3062 = CARTESIAN_POINT ( 'NONE',  ( 1.023658693079730453, -0.9526598926696986380, 1.306423125628131343 ) ) ;
#3063 = ORIENTED_EDGE ( 'NONE', *, *, #3434, .F. ) ;
#3064 = CARTESIAN_POINT ( 'NONE',  ( 4.000000000000000000, -0.3499999999999999778, -3.499999999999999556 ) ) ;
#3065 = ORIENTED_EDGE ( 'NONE', *, *, #3067, .T. ) ;
#3066 = CARTESIAN_POINT ( 'NONE',  ( -1.162156809793509549, -0.3320894408102815776, 0.2784394602888207726 ) ) ;
#3067 = EDGE_CURVE ( 'NONE', #1860, #907, #3651, .T. ) ;
#3068 = CARTESIAN_POINT ( 'NONE',  ( 2.201427249028441224, -7.843701786474095883, -0.05508448346457339023 ) ) ;
#3069 = DIRECTION ( 'NONE',  ( -0.000000000000000000, -1.000000000000000000, -0.000000000000000000 ) ) ;
#3070 = CARTESIAN_POINT ( 'NONE',  ( -1.719893988050532618, -0.8164895339169105926, -0.2045453433463671200 ) ) ;
#3071 = CIRCLE ( 'NONE', #2036, 1.250000000000000000 ) ;
#3072 = ORIENTED_EDGE ( 'NONE', *, *, #2911, .T. ) ;
#3073 = ORIENTED_EDGE ( 'NONE', *, *, #4139, .T. ) ;
#3074 = ORIENTED_EDGE ( 'NONE', *, *, #356, .T. ) ;
#3075 = DIRECTION ( 'NONE',  ( -0.000000000000000000, 1.000000000000000000, 1.230255323012501829E-16 ) ) ;
#3076 = CARTESIAN_POINT ( 'NONE',  ( -3.688579037750122858, -0.3499999999999999778, -0.5456002823244141542 ) ) ;
#3077 = CARTESIAN_POINT ( 'NONE',  ( 4.400000000000000355, 0.000000000000000000, 1.407106781186548083 ) ) ;
#3078 = ORIENTED_EDGE ( 'NONE', *, *, #1304, .F. ) ;
#3079 = CARTESIAN_POINT ( 'NONE',  ( -0.8838834764831858815, -0.3722440000456931908, -1.383883476483181774 ) ) ;
#3080 = CARTESIAN_POINT ( 'NONE',  ( -1.318701969802904772, -1.508381546859452360, -2.293696702234961915 ) ) ;
#3081 = CARTESIAN_POINT ( 'NONE',  ( -0.1217166138184865021, -0.4736497031404047764, -2.280080957907591355 ) ) ;
#3082 = CARTESIAN_POINT ( 'NONE',  ( -0.4159105888488875413, -0.9533984102466802613, 1.921143715074623337 ) ) ;
#3083 = CARTESIAN_POINT ( 'NONE',  ( 4.373528662521007249, 0.000000000000000000, -0.7306890837631980773 ) ) ;
#3084 = ORIENTED_EDGE ( 'NONE', *, *, #1429, .T. ) ;
#3085 = CARTESIAN_POINT ( 'NONE',  ( -0.6617075165464498809, -8.507243453140478806, 1.724971612315921110 ) ) ;
#3086 = CARTESIAN_POINT ( 'NONE',  ( -3.947775180826319730, -0.4029049538222530535, -0.6664515631854349698 ) ) ;
#3087 = CARTESIAN_POINT ( 'NONE',  ( -1.711511812269095989, -1.147239614936119478, 0.07027651097418982640 ) ) ;
#3088 = AXIS2_PLACEMENT_3D ( 'NONE', #1742, #687, #2791 ) ;
#3089 = ORIENTED_EDGE ( 'NONE', *, *, #1118, .F. ) ;
#3090 = VERTEX_POINT ( 'NONE', #2293 ) ;
#3091 = CARTESIAN_POINT ( 'NONE',  ( -2.290006525915800228, -1.113311560980186021, -0.8510718705996395128 ) ) ;
#3092 = DIRECTION ( 'NONE',  ( -0.000000000000000000, -1.000000000000000000, -0.000000000000000000 ) ) ;
#3093 = AXIS2_PLACEMENT_3D ( 'NONE', #3115, #1004, #1326 ) ;
#3094 = ADVANCED_FACE ( 'NONE', ( #1329 ), #2454, .T. ) ;
#3095 = B_SPLINE_CURVE_WITH_KNOTS ( 'NONE', 3,
 ( #1518, #1187, #2562, #3887 ),
 .UNSPECIFIED., .F., .F.,
 ( 4, 4 ),
 ( 2.001430823918956490E-07, 0.0002402417555245907311 ),
 .UNSPECIFIED. ) ;
#3096 = CARTESIAN_POINT ( 'NONE',  ( 0.8505424942101490471, -0.6707518247735069217, -1.471872407555920192 ) ) ;
#3097 = CIRCLE ( 'NONE', #3245, 0.4999999999999998890 ) ;
#3098 = CARTESIAN_POINT ( 'NONE',  ( -3.944464837823766779, -0.3499999999999999778, 1.460669774041969404 ) ) ;
#3099 = B_SPLINE_CURVE_WITH_KNOTS ( 'NONE', 3,
 ( #42, #3149, #1419, #341, #4157, #362 ),
 .UNSPECIFIED., .F., .F.,
 ( 4, 2, 4 ),
 ( -4.593609616376504974E-06, 0.0002151914623695753731, 0.0004349765343555272784 ),
 .UNSPECIFIED. ) ;
#3100 = DIRECTION ( 'NONE',  ( 0.000000000000000000, -1.301042606982605321E-16, 1.000000000000000000 ) ) ;
#3101 = CARTESIAN_POINT ( 'NONE',  ( 2.273513797162899586, -1.105516963526181007, -0.1830681544949176176 ) ) ;
#3102 = CARTESIAN_POINT ( 'NONE',  ( 1.872682194497954145, -9.075993453141487421, -1.827543663688039111 ) ) ;
#3103 = CARTESIAN_POINT ( 'NONE',  ( -0.7617127707350951349, -0.6805721227388391581, 0.8441741602393499910 ) ) ;
#3104 = EDGE_CURVE ( 'NONE', #4269, #3295, #1992, .T. ) ;
#3105 = CARTESIAN_POINT ( 'NONE',  ( 4.278421184025603452, -0.07393443046595871149, -0.4728396089236855948 ) ) ;
#3106 = VERTEX_POINT ( 'NONE', #708 ) ;
#3107 = SURFACE_STYLE_USAGE ( .BOTH. , #2779 ) ;
#3108 = TOROIDAL_SURFACE ( 'NONE', #4126, 0.2999999999999997669, 0.2000000000000000389 ) ;
#3109 = CARTESIAN_POINT ( 'NONE',  ( -4.200000000000000178, -0.1999999999999999833, -0.1171572875253804463 ) ) ;
#3110 = CARTESIAN_POINT ( 'NONE',  ( 0.8838834764831864366, -0.3722440000456379017, 0.3838834764831836610 ) ) ;
#3111 = VERTEX_POINT ( 'NONE', #1726 ) ;
#3112 = CARTESIAN_POINT ( 'NONE',  ( -0.4772368459367868354, -9.755256546860042732, 2.265890263062552368 ) ) ;
#3113 = CARTESIAN_POINT ( 'NONE',  ( -1.299013051566232368, -0.9860352612339141620, -1.226581556399443995 ) ) ;
#3114 = CONICAL_SURFACE ( 'NONE', #3346, 1.489974787804957179, 1.556301317170307730 ) ;
#3115 = CARTESIAN_POINT ( 'NONE',  ( 4.050000000000000711, -0.8499999999999999778, 1.552081528017131618 ) ) ;
#3116 = CARTESIAN_POINT ( 'NONE',  ( -3.874848044110491774, -0.3500000000000090261, 1.243558175230587315 ) ) ;
#3117 = DIRECTION ( 'NONE',  ( -1.000000000000000000, 0.000000000000000000, 0.000000000000000000 ) ) ;
#3118 = EDGE_CURVE ( 'NONE', #1813, #188, #1705, .T. ) ;
#3119 = CARTESIAN_POINT ( 'NONE',  ( 0.9123546170399119415, -9.707860713525702678, 1.606399732565038763 ) ) ;
#3120 = CARTESIAN_POINT ( 'NONE',  ( -1.443571740179528717, -0.8054205364736977124, 0.5486199415131489676 ) ) ;
#3121 = DIRECTION ( 'NONE',  ( -7.666467083416865267E-16, -0.7071067811865474617, -0.7071067811865476838 ) ) ;
#3122 = CARTESIAN_POINT ( 'NONE',  ( -4.050000000000000711, -0.3500000000000000333, -0.9520815280171303074 ) ) ;
#3123 = VERTEX_POINT ( 'NONE', #3079 ) ;
#3124 = VECTOR ( 'NONE', #594, 1000.000000000000000 ) ;
#3125 = ORIENTED_EDGE ( 'NONE', *, *, #327, .F. ) ;
#3126 = LINE ( 'NONE', #3654, #1096 ) ;
#3127 = CARTESIAN_POINT ( 'NONE',  ( -0.8838834764831859925, -0.3300000000000001266, -1.383883476483181774 ) ) ;
#3128 = CYLINDRICAL_SURFACE ( 'NONE', #2661, 0.2000000000000000111 ) ;
#3129 = ORIENTED_EDGE ( 'NONE', *, *, #324, .T. ) ;
#3130 = ORIENTED_EDGE ( 'NONE', *, *, #2749, .T. ) ;
#3131 = CARTESIAN_POINT ( 'NONE',  ( -2.668140239765973920, -0.8291184531406037284, 0.3711668125964047715 ) ) ;
#3132 = CARTESIAN_POINT ( 'NONE',  ( 4.050000000000000711, -0.8500000000000000888, -0.9520815280171303074 ) ) ;
#3133 = AXIS2_PLACEMENT_3D ( 'NONE', #2155, #3868, #1436 ) ;
#3134 = CARTESIAN_POINT ( 'NONE',  ( 0.7268519378824803701, -0.9856823329235030462, -1.798299497973874006 ) ) ;
#3135 = ORIENTED_EDGE ( 'NONE', *, *, #4019, .T. ) ;
#3136 = DIRECTION ( 'NONE',  ( -1.000000000000000000, -0.000000000000000000, 0.000000000000000000 ) ) ;
#3137 = ORIENTED_EDGE ( 'NONE', *, *, #1065, .T. ) ;
#3138 = DIRECTION ( 'NONE',  ( 0.000000000000000000, -2.602085213965210642E-15, -1.000000000000000000 ) ) ;
#3139 = CARTESIAN_POINT ( 'NONE',  ( -1.059675359169251374, -7.290673213525904472, -2.480232280009219803 ) ) ;
#3140 = CARTESIAN_POINT ( 'NONE',  ( 0.6438356124935719071, -1.397868453140417966, -2.122650690522077443 ) ) ;
#3141 = CARTESIAN_POINT ( 'NONE',  ( -4.255112374409770304, -0.1025126265847072504, -0.4096194077712587700 ) ) ;
#3142 = CARTESIAN_POINT ( 'NONE',  ( 4.110224748819537588, 0.000000000000000000, -0.5071067811865466179 ) ) ;
#3143 = ORIENTED_EDGE ( 'NONE', *, *, #1711, .F. ) ;
#3144 = CIRCLE ( 'NONE', #2816, 0.4999999999999995559 ) ;
#3145 = LINE ( 'NONE', #2270, #4434 ) ;
#3146 = FILL_AREA_STYLE ('',( #297 ) ) ;
#3147 = CARTESIAN_POINT ( 'NONE',  ( -3.857632328796364085, -0.3499999999999999778, -0.5865410162998740962 ) ) ;
#3148 = B_SPLINE_CURVE_WITH_KNOTS ( 'NONE', 3,
 ( #3110, #3829, #2092, #2758, #23, #2047, #2442, #1446, #3497, #4506, #2826, #1356 ),
 .UNSPECIFIED., .F., .F.,
 ( 4, 2, 2, 2, 2, 4 ),
 ( 0.000000000000000000, 0.0002348678385268750373, 0.0004697356770537500746, 0.0009394713541074994987, 0.001409207031161248923, 0.001878942708214998997 ),
 .UNSPECIFIED. ) ;
#3149 = CARTESIAN_POINT ( 'NONE',  ( -4.376019172036357041, -3.811648262644349985E-18, 1.337880778494975997 ) ) ;
#3150 = EDGE_LOOP ( 'NONE', ( #4170 ) ) ;
#3151 = EDGE_CURVE ( 'NONE', #773, #2462, #1832, .T. ) ;
#3152 = ORIENTED_EDGE ( 'NONE', *, *, #3689, .F. ) ;
#3153 = CARTESIAN_POINT ( 'NONE',  ( -1.748634587473238522, -9.435334671859388678, -2.582999494215211467 ) ) ;
#3154 = DIRECTION ( 'NONE',  ( -0.8296756535198944738, 1.626303258728258229E-15, -0.5582457433391999624 ) ) ;
#3155 = CARTESIAN_POINT ( 'NONE',  ( -0.3942785324214166387, -0.9567203190301196702, -2.675981451375839537 ) ) ;
#3156 = ORIENTED_EDGE ( 'NONE', *, *, #489, .T. ) ;
#3157 = CARTESIAN_POINT ( 'NONE',  ( -1.691365402313975919, -1.318798213525903762, 0.06814278719392233286 ) ) ;
#3158 = VECTOR ( 'NONE', #3603, 1000.000000000000000 ) ;
#3159 = CARTESIAN_POINT ( 'NONE',  ( -0.7784394602888211612, -0.3320894408102814666, -1.662156809793514212 ) ) ;
#3160 = CARTESIAN_POINT ( 'NONE',  ( 3.760224748819533502, -0.3499999999999999778, 1.252081528017123802 ) ) ;
#3161 = DIRECTION ( 'NONE',  ( 0.000000000000000000, -0.7071067811865474617, 0.7071067811865476838 ) ) ;
#3162 = VERTEX_POINT ( 'NONE', #4472 ) ;
#3163 = CARTESIAN_POINT ( 'NONE',  ( -1.614022368397346252, -6.437548213526148366, 1.061782169169186885 ) ) ;
#3164 = CARTESIAN_POINT ( 'NONE',  ( 1.505334577956729758, -9.194483036473599213, 1.232996996244222654 ) ) ;
#3165 = EDGE_CURVE ( 'NONE', #807, #3008, #1642, .T. ) ;
#3166 = CARTESIAN_POINT ( 'NONE',  ( 3.905112374409769771, -0.4525126265847082552, 1.154594154601840117 ) ) ;
#3167 = EDGE_CURVE ( 'NONE', #1655, #821, #2540, .T. ) ;
#3168 = CARTESIAN_POINT ( 'NONE',  ( 4.252473850945531098, 5.132304450035883095E-16, -0.5609508882342261193 ) ) ;
#3169 = ORIENTED_EDGE ( 'NONE', *, *, #3778, .T. ) ;
#3170 = ORIENTED_EDGE ( 'NONE', *, *, #2529, .T. ) ;
#3171 = B_SPLINE_CURVE_WITH_KNOTS ( 'NONE', 3,
 ( #3556, #799, #3159, #3577 ),
 .UNSPECIFIED., .F., .F.,
 ( 4, 4 ),
 ( 2.138802056642546549E-07, 0.0004465960764625089095 ),
 .UNSPECIFIED. ) ;
#3172 = CARTESIAN_POINT ( 'NONE',  ( -5.000000000000000000, -0.3499999999999999778, 3.500000000000000444 ) ) ;
#3173 = DIRECTION ( 'NONE',  ( -0.000000000000000000, 1.000000000000000000, 1.230255323012501829E-16 ) ) ;
#3174 = DIRECTION ( 'NONE',  ( 0.000000000000000000, 0.000000000000000000, 1.000000000000000000 ) ) ;
#3175 = AXIS2_PLACEMENT_3D ( 'NONE', #467, #3537, #422 ) ;
#3176 = EDGE_CURVE ( 'NONE', #3162, #3919, #3800, .T. ) ;
#3177 = ORIENTED_EDGE ( 'NONE', *, *, #2634, .T. ) ;
#3178 = ORIENTED_EDGE ( 'NONE', *, *, #4003, .T. ) ;
#3179 = CARTESIAN_POINT ( 'NONE',  ( -2.203076960356876501, -3.104118453140670475, 1.139466548724175521 ) ) ;
#3180 = CARTESIAN_POINT ( 'NONE',  ( -0.9714363997507313719, -0.6700958119416685621, -1.350707707360555787 ) ) ;
#3181 = DIRECTION ( 'NONE',  ( 0.000000000000000000, 0.9993464497665540680, -0.03614793685653613919 ) ) ;
#3182 = ORIENTED_EDGE ( 'NONE', *, *, #324, .F. ) ;
#3183 = ADVANCED_FACE ( 'NONE', ( #1389 ), #2574, .T. ) ;
#3184 =( BOUNDED_SURFACE ( )  B_SPLINE_SURFACE ( 3, 2, ( 
 ( #3630, #4500, #2086 ),
 ( #355, #1691, #2042 ),
 ( #1713, #1999, #631 ),
 ( #2021, #4131, #3141 ) ),
 .UNSPECIFIED., .F., .F., .F. ) 
 B_SPLINE_SURFACE_WITH_KNOTS ( ( 4, 4 ),
 ( 3, 3 ),
 ( 1.570796326794896558, 2.331373695957628556 ),
 ( 0.000000000000000000, 1.000000000000000000 ),
 .UNSPECIFIED. ) 
 GEOMETRIC_REPRESENTATION_ITEM ( )  RATIONAL_B_SPLINE_SURFACE ( (
 ( 1.000000000000000000, 0.7071067811865476838, 1.000000000000000000),
 ( 1.000000000000000000, 0.7706146482961835353, 1.000000000000000000),
 ( 1.000000000000000000, 0.8248548249928441267, 1.000000000000000000),
 ( 1.000000000000000000, 0.8623911140185942514, 1.000000000000000000) ) ) 
 REPRESENTATION_ITEM ( '' )  SURFACE ( )  );
#3185 = EDGE_CURVE ( 'NONE', #2310, #1256, #3672, .T. ) ;
#3186 = AXIS2_PLACEMENT_3D ( 'NONE', #1676, #2691, #228 ) ;
#3187 = DIRECTION ( 'NONE',  ( 0.000000000000000000, 1.000000000000000000, 0.000000000000000000 ) ) ;
#3188 = CARTESIAN_POINT ( 'NONE',  ( 4.199999999999999289, -2.888894916580853780E-31, -0.1171572875253812374 ) ) ;
#3189 = DIRECTION ( 'NONE',  ( 0.000000000000000000, 0.7071067811865469066, -0.7071067811865480168 ) ) ;
#3190 = ORIENTED_EDGE ( 'NONE', *, *, #2725, .T. ) ;
#3191 = EDGE_CURVE ( 'NONE', #2197, #1324, #404, .T. ) ;
#3192 = AXIS2_PLACEMENT_3D ( 'NONE', #1111, #769, #1494 ) ;
#3193 = CARTESIAN_POINT ( 'NONE',  ( 2.204937916372997631, -8.333381546859707001, -0.07282259591573668478 ) ) ;
#3194 = CARTESIAN_POINT ( 'NONE',  ( 1.066617318543953807, -9.052295536473467408, -1.930325363882582579 ) ) ;
#3195 = ADVANCED_FACE ( 'NONE', ( #1671 ), #1027, .T. ) ;
#3196 = LINE ( 'NONE', #804, #960 ) ;
#3197 = CARTESIAN_POINT ( 'NONE',  ( -1.640059987639103545, -1.193268229768540856, 1.140059987639096439 ) ) ;
#3198 = LINE ( 'NONE', #1123, #69 ) ;
#3199 = ORIENTED_EDGE ( 'NONE', *, *, #2976, .F. ) ;
#3200 = VERTEX_POINT ( 'NONE', #9 ) ;
#3201 = CARTESIAN_POINT ( 'NONE',  ( 3.870122051941570884, -0.4785142747133643293, -0.4765892104211167379 ) ) ;
#3202 = CARTESIAN_POINT ( 'NONE',  ( -4.500000000000000888, -0.1928932188134528380, 0.3000000000000007105 ) ) ;
#3203 = PLANE ( 'NONE',  #1063 ) ;
#3204 = VERTEX_POINT ( 'NONE', #4165 ) ;
#3205 = VERTEX_POINT ( 'NONE', #4451 ) ;
#3206 = CARTESIAN_POINT ( 'NONE',  ( 0.1683010439020485860, -9.004899703140921474, -3.301709962335055870 ) ) ;
#3207 =( GEOMETRIC_REPRESENTATION_CONTEXT ( 3 ) GLOBAL_UNCERTAINTY_ASSIGNED_CONTEXT ( ( #3822 ) ) GLOBAL_UNIT_ASSIGNED_CONTEXT ( ( #1377, #2068, #2091 ) ) REPRESENTATION_CONTEXT ( 'NONE', 'WORKASPACE' ) );
#3208 = CARTESIAN_POINT ( 'NONE',  ( 4.110224748819537588, 0.000000000000000000, -0.5071067811865467290 ) ) ;
#3209 = ADVANCED_FACE ( 'NONE', ( #4103 ), #2707, .T. ) ;
#3210 = CARTESIAN_POINT ( 'NONE',  ( -2.199999999999999734, -0.6000000000000000888, -0.4999999999999759637 ) ) ;
#3211 = ORIENTED_EDGE ( 'NONE', *, *, #4309, .T. ) ;
#3212 = EDGE_CURVE ( 'NONE', #1357, #2421, #3821, .T. ) ;
#3213 = CARTESIAN_POINT ( 'NONE',  ( -4.500000000000000888, -0.1464466094067262969, -0.4535533905932733201 ) ) ;
#3214 = ADVANCED_FACE ( 'NONE', ( #3756 ), #859, .F. ) ;
#3215 = CARTESIAN_POINT ( 'NONE',  ( 1.567243781333186092, -1.108232389118461780, -1.124942908251180596 ) ) ;
#3216 = VERTEX_POINT ( 'NONE', #820 ) ;
#3217 = VERTEX_POINT ( 'NONE', #3864 ) ;
#3218 = AXIS2_PLACEMENT_3D ( 'NONE', #2701, #1971, #3405 ) ;
#3219 = CARTESIAN_POINT ( 'NONE',  ( 1.355252970468207474, -9.541975296859211753, -2.352727763763719171 ) ) ;
#3220 = CARTESIAN_POINT ( 'NONE',  ( 1.739751442137923210, -4.810368453140402956, -0.6441682314000803933 ) ) ;
#3221 = DIRECTION ( 'NONE',  ( 1.000000000000000000, 0.000000000000000000, -0.000000000000000000 ) ) ;
#3222 = CARTESIAN_POINT ( 'NONE',  ( -0.3661165235168262755, -0.3300000000000000155, -1.901650429449554203 ) ) ;
#3223 = ORIENTED_EDGE ( 'NONE', *, *, #2696, .T. ) ;
#3224 = ORIENTED_EDGE ( 'NONE', *, *, #908, .T. ) ;
#3225 = CARTESIAN_POINT ( 'NONE',  ( -3.650000000000000355, -0.3499999999999999778, 0.8621320343559633059 ) ) ;
#3226 = CARTESIAN_POINT ( 'NONE',  ( 3.817879776963321703, -0.3499999999999927058, 1.089886871193057605 ) ) ;
#3227 = CARTESIAN_POINT ( 'NONE',  ( 2.176170038838355136, -0.9567145378095860409, -0.1057929276039372424 ) ) ;
#3228 = CARTESIAN_POINT ( 'NONE',  ( 5.000000000000000000, -0.1464466094067262136, -0.4535533905932736531 ) ) ;
#3229 = VERTEX_POINT ( 'NONE', #4253 ) ;
#3230 = CARTESIAN_POINT ( 'NONE',  ( 1.626990473412740057, -5.284326786473986459, 1.712306637214585647 ) ) ;
#3231 = CARTESIAN_POINT ( 'NONE',  ( 0.8838834764831864366, -0.3722440000456379017, 0.3838834764831836610 ) ) ;
#3232 = DIRECTION ( 'NONE',  ( 0.000000000000000000, 0.000000000000000000, -1.000000000000000000 ) ) ;
#3233 = EDGE_CURVE ( 'NONE', #794, #319, #2173, .T. ) ;
#3234 = CARTESIAN_POINT ( 'NONE',  ( 2.168404344971008868E-16, -0.3499999999999999778, 10.00000000000000000 ) ) ;
#3235 = DIRECTION ( 'NONE',  ( 0.000000000000000000, -0.7071067811865477948, -0.7071067811865473507 ) ) ;
#3236 = AXIS2_PLACEMENT_3D ( 'NONE', #2748, #3840, #3138 ) ;
#3237 = CARTESIAN_POINT ( 'NONE',  ( 2.191391864068265694, -2.740673213526506391, 1.155052976716195223 ) ) ;
#3238 = CARTESIAN_POINT ( 'NONE',  ( 1.182741438427664438, -8.128076786474091264, 0.7879280503060988039 ) ) ;
#3239 = CARTESIAN_POINT ( 'NONE',  ( -3.650000000000000355, -0.3499999999999999778, -0.9520815280171303074 ) ) ;
#3240 = TOROIDAL_SURFACE ( 'NONE', #3093, 0.7000000000000000666, 0.2000000000000000389 ) ;
#3241 = EDGE_CURVE ( 'NONE', #1415, #1125, #1946, .T. ) ;
#3242 = ORIENTED_EDGE ( 'NONE', *, *, #3165, .T. ) ;
#3243 = DIRECTION ( 'NONE',  ( 1.000000000000000000, 0.000000000000000000, -0.000000000000000000 ) ) ;
#3244 = CARTESIAN_POINT ( 'NONE',  ( -3.857632328796365417, -0.3499999999999999778, 1.186541016299883511 ) ) ;
#3245 = AXIS2_PLACEMENT_3D ( 'NONE', #194, #4377, #3360 ) ;
#3246 = EDGE_CURVE ( 'NONE', #2321, #3989, #419, .T. ) ;
#3247 = DIRECTION ( 'NONE',  ( -0.9351177499291636330, 0.000000000000000000, -0.3543371188111936743 ) ) ;
#3248 = CYLINDRICAL_SURFACE ( 'NONE', #1006, 0.8499999999999998668 ) ;
#3249 = CIRCLE ( 'NONE', #1852, 0.6499999999999998002 ) ;
#3250 = ORIENTED_EDGE ( 'NONE', *, *, #2132, .T. ) ;
#3251 = CARTESIAN_POINT ( 'NONE',  ( -0.9707865677070794952, -6.342756546859208200, 0.9508938621847599082 ) ) ;
#3252 = CARTESIAN_POINT ( 'NONE',  ( 2.692136096992866268, -7.843701786474229110, 0.04203495542632738891 ) ) ;
#3253 = CARTESIAN_POINT ( 'NONE',  ( -4.200000000000000178, -0.2000000000000001499, 0.7171572875253813262 ) ) ;
#3254 = ADVANCED_FACE ( 'NONE', ( #2521 ), #777, .T. ) ;
#3255 = AXIS2_PLACEMENT_3D ( 'NONE', #432, #3296, #1823 ) ;
#3256 = LINE ( 'NONE', #74, #1383 ) ;
#3257 =( GEOMETRIC_REPRESENTATION_CONTEXT ( 3 ) GLOBAL_UNCERTAINTY_ASSIGNED_CONTEXT ( ( #590 ) ) GLOBAL_UNIT_ASSIGNED_CONTEXT ( ( #2941, #3740, #3366 ) ) REPRESENTATION_CONTEXT ( 'NONE', 'WORKASPACE' ) );
#3258 = CARTESIAN_POINT ( 'NONE',  ( 4.050000000000000711, 0.8197715939347417491, 2.514746340765326327 ) ) ;
#3259 = B_SPLINE_CURVE_WITH_KNOTS ( 'NONE', 3,
 ( #3280, #166, #861, #526, #2284, #3377 ),
 .UNSPECIFIED., .F., .F.,
 ( 4, 2, 4 ),
 ( 2.235140038340936256E-19, 0.0002194824500065883184, 0.0004389649000131764199 ),
 .UNSPECIFIED. ) ;
#3260 = CARTESIAN_POINT ( 'NONE',  ( -3.650000000000000355, -0.3499999999999999778, 0.8621320343559647492 ) ) ;
#3261 = VECTOR ( 'NONE', #1511, 1000.000000000000000 ) ;
#3262 = CARTESIAN_POINT ( 'NONE',  ( 1.667410411618580390, -4.920881546859353861, -2.682003936033770852 ) ) ;
#3263 = CARTESIAN_POINT ( 'NONE',  ( 1.710718401064016181, -7.843701786473961768, -0.1522039223554742249 ) ) ;
#3264 = FACE_OUTER_BOUND ( 'NONE', #116, .T. ) ;
#3265 = DIRECTION ( 'NONE',  ( 0.000000000000000000, 0.000000000000000000, -1.000000000000000000 ) ) ;
#3266 = ORIENTED_EDGE ( 'NONE', *, *, #4327, .T. ) ;
#3267 = DIRECTION ( 'NONE',  ( -0.000000000000000000, -0.000000000000000000, 1.000000000000000000 ) ) ;
#3268 = CARTESIAN_POINT ( 'NONE',  ( 4.188301271490090905, 0.000000000000000000, 1.223145623836338514 ) ) ;
#3269 = CARTESIAN_POINT ( 'NONE',  ( 0.5570172842449173656, -0.9055607778415251108, 1.246503738340353440 ) ) ;
#3270 = CARTESIAN_POINT ( 'NONE',  ( 3.760224748819541496, -0.3499999999999999778, -0.6520815280171348149 ) ) ;
#3271 = DIRECTION ( 'NONE',  ( 0.000000000000000000, -1.091497166287048166E-16, 1.000000000000000000 ) ) ;
#3272 = DIRECTION ( 'NONE',  ( 1.000000000000000000, 0.000000000000000000, 0.000000000000000000 ) ) ;
#3273 = ORIENTED_EDGE ( 'NONE', *, *, #1497, .F. ) ;
#3274 = CARTESIAN_POINT ( 'NONE',  ( -0.3203653462211076275, -6.153173213526136998, 1.216066899717500815 ) ) ;
#3275 = CARTESIAN_POINT ( 'NONE',  ( 0.1179340834878107314, -4.146826786473741144, -3.243627199455829224 ) ) ;
#3276 = CARTESIAN_POINT ( 'NONE',  ( -4.200000000000000178, 0.000000000000000000, 0.000000000000000000 ) ) ;
#3277 = B_SPLINE_CURVE_WITH_KNOTS ( 'NONE', 3,
 ( #2897, #2576, #3946, #4312, #3568, #452 ),
 .UNSPECIFIED., .F., .F.,
 ( 4, 2, 4 ),
 ( 1.152522718400459569E-18, 0.0002194824500065879118, 0.0004389649000131746310 ),
 .UNSPECIFIED. ) ;
#3278 = CARTESIAN_POINT ( 'NONE',  ( 4.000000000000000000, -0.3499999999999999778, -4.499999999999999112 ) ) ;
#3279 = ORIENTED_EDGE ( 'NONE', *, *, #2727, .T. ) ;
#3280 = CARTESIAN_POINT ( 'NONE',  ( 4.255112374409768528, -0.1025126265847082913, 1.009619407771256139 ) ) ;
#3281 =( GEOMETRIC_REPRESENTATION_CONTEXT ( 3 ) GLOBAL_UNCERTAINTY_ASSIGNED_CONTEXT ( ( #1043 ) ) GLOBAL_UNIT_ASSIGNED_CONTEXT ( ( #4411, #4094, #2302 ) ) REPRESENTATION_CONTEXT ( 'NONE', 'WORKASPACE' ) );
#3282 = CARTESIAN_POINT ( 'NONE',  ( -3.905112374409769327, -0.4525126265847083107, -0.5545941546018386958 ) ) ;
#3283 = CARTESIAN_POINT ( 'NONE',  ( 2.290006525915800228, -1.113311560980189574, -0.8510718705996390687 ) ) ;
#3284 = ORIENTED_EDGE ( 'NONE', *, *, #656, .T. ) ;
#3285 = CARTESIAN_POINT ( 'NONE',  ( -2.555416568700693336, -4.067756546859475186, -1.505606691530180452 ) ) ;
#3286 = CARTESIAN_POINT ( 'NONE',  ( 0.4417934230428741671, -4.241618453140646672, -2.188886654196084969 ) ) ;
#3287 = CARTESIAN_POINT ( 'NONE',  ( -4.373545327070479161, 0.000000000000000000, -0.7307371911359471506 ) ) ;
#3288 = VECTOR ( 'NONE', #486, 1000.000000000000000 ) ;
#3289 = CARTESIAN_POINT ( 'NONE',  ( -0.8838834764831950963, -0.3300000000000001266, -1.383883476483172670 ) ) ;
#3290 = CARTESIAN_POINT ( 'NONE',  ( 9.293161478447181743E-17, 0.000000000000000000, 10.00000000000000178 ) ) ;
#3291 = VERTEX_POINT ( 'NONE', #1215 ) ;
#3292 = CARTESIAN_POINT ( 'NONE',  ( -1.322557708182510616, -0.5693850754028585426, 0.2176599571789809284 ) ) ;
#3293 = DIRECTION ( 'NONE',  ( 0.000000000000000000, 0.7071067811865474617, -0.7071067811865476838 ) ) ;
#3294 = CYLINDRICAL_SURFACE ( 'NONE', #354, 0.4999999999999995559 ) ;
#3295 = VERTEX_POINT ( 'NONE', #3260 ) ;
#3296 = DIRECTION ( 'NONE',  ( 0.000000000000000000, 1.000000000000000000, 0.000000000000000000 ) ) ;
#3297 = VERTEX_POINT ( 'NONE', #100 ) ;
#3298 = CARTESIAN_POINT ( 'NONE',  ( -0.1401479901180535947, -0.9633294635259289640, -2.278724737459637772 ) ) ;
#3299 = CARTESIAN_POINT ( 'NONE',  ( 2.028980614775318880, -2.156201786473749937, 0.4630521348753675048 ) ) ;
#3300 = DIRECTION ( 'NONE',  ( 0.000000000000000000, 0.000000000000000000, -1.000000000000000000 ) ) ;
#3301 = CARTESIAN_POINT ( 'NONE',  ( 3.850000000000000533, -0.5500000000000001554, -0.2621320343559637167 ) ) ;
#3302 = CARTESIAN_POINT ( 'NONE',  ( -4.000000000000000000, -5.421010862427522170E-17, 0.8641418837032009970 ) ) ;
#3303 = ORIENTED_EDGE ( 'NONE', *, *, #3505, .T. ) ;
#3304 = CARTESIAN_POINT ( 'NONE',  ( -4.050000000000000711, -0.3550252531694166880, -0.4571067811865470731 ) ) ;
#3305 = ORIENTED_EDGE ( 'NONE', *, *, #3982, .F. ) ;
#3306 = DIRECTION ( 'NONE',  ( 0.000000000000000000, 0.000000000000000000, 1.000000000000000000 ) ) ;
#3307 = EDGE_LOOP ( 'NONE', ( #3370, #4098, #468, #2445 ) ) ;
#3308 = CARTESIAN_POINT ( 'NONE',  ( 2.734760725314521856, -5.300048213526404872, -0.7499648633662925334 ) ) ;
#3309 = FACE_OUTER_BOUND ( 'NONE', #1461, .T. ) ;
#3310 =( BOUNDED_CURVE ( )  B_SPLINE_CURVE ( 3, ( #1205, #3302, #2977, #1255 ),
 .UNSPECIFIED., .F., .T. ) 
 B_SPLINE_CURVE_WITH_KNOTS ( ( 4, 4 ),
 ( 4.712388980384689674, 5.472966349547409237 ),
 .UNSPECIFIED. ) 
 CURVE ( )  GEOMETRIC_REPRESENTATION_ITEM ( )  RATIONAL_B_SPLINE_CURVE ( ( 1.000000000000000000, 0.9523716785737834645, 0.9523716785737834645, 1.000000000000000000 ) ) 
 REPRESENTATION_ITEM ( '' )  );
#3311 = CARTESIAN_POINT ( 'NONE',  ( -4.255112374409769416, -0.1025126265847088325, -0.4096194077712558279 ) ) ;
#3312 = AXIS2_PLACEMENT_3D ( 'NONE', #2266, #1902, #1643 ) ;
#3313 = CARTESIAN_POINT ( 'NONE',  ( 0.7750014247968360914, -0.9016069885717478138, 0.6712299998229065423 ) ) ;
#3314 = CARTESIAN_POINT ( 'NONE',  ( -1.192153376984745439, -9.455160119807194619, -2.349012914722618639 ) ) ;
#3315 = EDGE_CURVE ( 'NONE', #3106, #4487, #1841, .T. ) ;
#3316 = CARTESIAN_POINT ( 'NONE',  ( -2.170246714084798523, -6.421826786474094995, -1.078153050348891862 ) ) ;
#3317 = VECTOR ( 'NONE', #1722, 1000.000000000000000 ) ;
#3318 = EDGE_CURVE ( 'NONE', #2762, #2380, #3095, .T. ) ;
#3319 = FACE_OUTER_BOUND ( 'NONE', #2971, .T. ) ;
#3320 = ORIENTED_EDGE ( 'NONE', *, *, #4498, .T. ) ;
#3321 = CARTESIAN_POINT ( 'NONE',  ( 3.944464837823766779, -0.3499999999999999778, -0.8606697740419800846 ) ) ;
#3322 = VERTEX_POINT ( 'NONE', #2149 ) ;
#3323 = CARTESIAN_POINT ( 'NONE',  ( -0.9249748053131869874, -9.455160119807061392, -1.938262855879597346 ) ) ;
#3324 = CARTESIAN_POINT ( 'NONE',  ( 1.717840604383015224, -4.525993453140292111, -1.946808697636142949 ) ) ;
#3325 = B_SPLINE_CURVE_WITH_KNOTS ( 'NONE', 3,
 ( #3371, #944, #1585, #1246 ),
 .UNSPECIFIED., .F., .F.,
 ( 4, 4 ),
 ( 1.084202172485504314E-19, 0.0004183281114452210361 ),
 .UNSPECIFIED. ) ;
#3326 = CARTESIAN_POINT ( 'NONE',  ( 0.4159105888488884850, -0.9533984102466797061, -2.921143715074621561 ) ) ;
#3327 = FACE_OUTER_BOUND ( 'NONE', #3625, .T. ) ;
#3328 = CARTESIAN_POINT ( 'NONE',  ( 4.200000000000000178, -0.2000000000000000389, 0.7171572875253813262 ) ) ;
#3329 = EDGE_CURVE ( 'NONE', #2992, #1846, #2427, .T. ) ;
#3330 = ORIENTED_EDGE ( 'NONE', *, *, #1505, .F. ) ;
#3331 = CARTESIAN_POINT ( 'NONE',  ( 1.749152604172923953, -0.9063119614608475816, -1.056013569486070169 ) ) ;
#3332 = LINE ( 'NONE', #3358, #2126 ) ;
#3333 = AXIS2_PLACEMENT_3D ( 'NONE', #3809, #4485, #2116 ) ;
#3334 = CARTESIAN_POINT ( 'NONE',  ( 2.288887353178527206, -2.171923213526079532, -2.017363945169337036 ) ) ;
#3335 = CARTESIAN_POINT ( 'NONE',  ( 1.791620648796419912, -1.217045720401882081, -0.03202174406932951217 ) ) ;
#3336 = CIRCLE ( 'NONE', #2593, 0.2000000000000000944 ) ;
#3337 = EDGE_CURVE ( 'NONE', #1108, #722, #1475, .T. ) ;
#3338 = DIRECTION ( 'NONE',  ( 0.000000000000000000, 0.000000000000000000, -1.000000000000000000 ) ) ;
#3339 = AXIS2_PLACEMENT_3D ( 'NONE', #21, #3787, #2375 ) ;
#3340 = ADVANCED_FACE ( 'NONE', ( #1833 ), #2885, .F. ) ;
#3341 = CYLINDRICAL_SURFACE ( 'NONE', #3468, 1.499999999999999556 ) ;
#3342 = CARTESIAN_POINT ( 'NONE',  ( 4.000000000000000000, 0.000000000000000000, 3.500000000000000888 ) ) ;
#3343 = CARTESIAN_POINT ( 'NONE',  ( 1.717525964430119068, -0.6632330364738190376, 1.022962685719796427 ) ) ;
#3344 =( BOUNDED_SURFACE ( )  B_SPLINE_SURFACE ( 3, 2, ( 
 ( #1602, #220, #3649 ),
 ( #2220, #915, #4011 ),
 ( #3007, #1926, #4061 ),
 ( #4034, #1878, #1546 ),
 ( #3670, #3621, #3287 ),
 ( #892, #3694, #1904 ) ),
 .UNSPECIFIED., .F., .F., .T. ) 
 B_SPLINE_SURFACE_WITH_KNOTS ( ( 4, 2, 4 ),
 ( 3, 3 ),
 ( -0.0001390270619396787640, 7.002991833548048478E-05, 0.0002790868986106397336 ),
 ( 0.000000000000000000, 1.000000000000000000 ),
 .UNSPECIFIED. ) 
 GEOMETRIC_REPRESENTATION_ITEM ( )  RATIONAL_B_SPLINE_SURFACE ( (
 ( 1.000000000000000000, 0.8623911140185902546, 1.000000000000000000),
 ( 1.000000000000000000, 0.8968194724329869860, 1.000000000000000000),
 ( 1.000000000000000000, 0.9318866080662848717, 1.000000000000000000),
 ( 1.000000000000000000, 0.9838461352043224029, 1.000000000000000000),
 ( 1.000000000000000000, 1.000319005955224494, 1.000000000000000000),
 ( 1.000000000000000000, 1.000000000000000000, 1.000000000000000000) ) ) 
 REPRESENTATION_ITEM ( '' )  SURFACE ( )  );
#3345 = CARTESIAN_POINT ( 'NONE',  ( 1.598155131003049290, -0.9126490637092387059, 0.4056624663304242429 ) ) ;
#3346 = AXIS2_PLACEMENT_3D ( 'NONE', #1315, #3391, #2644 ) ;
#3347 = ORIENTED_EDGE ( 'NONE', *, *, #2564, .F. ) ;
#3348 = CARTESIAN_POINT ( 'NONE',  ( 1.499999999999999556, -0.3499999999999999778, 5.000000000000001776 ) ) ;
#3349 = EDGE_LOOP ( 'NONE', ( #521, #1040, #3305, #2096 ) ) ;
#3350 = CARTESIAN_POINT ( 'NONE',  ( 5.000000000000000000, -0.5000000000000000000, 1.407106781186548083 ) ) ;
#3351 = CARTESIAN_POINT ( 'NONE',  ( -1.629806412031684415, -0.9713059531406252889, -2.080082686521372626 ) ) ;
#3352 = CARTESIAN_POINT ( 'NONE',  ( -0.3305225733623418094, -0.9126490637092384839, -2.424073761625908041 ) ) ;
#3353 = CARTESIAN_POINT ( 'NONE',  ( -2.011026462869359044, -0.9533984102466803723, 0.6396335380000962578 ) ) ;
#3354 = CARTESIAN_POINT ( 'NONE',  ( 5.000000000000000000, -0.3499999999999999778, 4.500000000000000888 ) ) ;
#3355 = ORIENTED_EDGE ( 'NONE', *, *, #98, .F. ) ;
#3356 = EDGE_CURVE ( 'NONE', #773, #3936, #478, .T. ) ;
#3357 = CARTESIAN_POINT ( 'NONE',  ( -0.3500000000000084710, -1.193268229768540634, 1.792835259260796787 ) ) ;
#3358 = CARTESIAN_POINT ( 'NONE',  ( -1.500000000000000000, -0.3499999999999999778, 10.00000000000000178 ) ) ;
#3359 = CARTESIAN_POINT ( 'NONE',  ( -2.422878511776634713, -9.387938838526203256, -1.689660833018899799 ) ) ;
#3360 = DIRECTION ( 'NONE',  ( 0.000000000000000000, 0.000000000000000000, -1.000000000000000000 ) ) ;
#3361 = AXIS2_PLACEMENT_3D ( 'NONE', #110, #2597, #1464 ) ;
#3362 = ORIENTED_EDGE ( 'NONE', *, *, #3757, .T. ) ;
#3363 = EDGE_CURVE ( 'NONE', #2466, #4223, #1091, .T. ) ;
#3364 = DIRECTION ( 'NONE',  ( -0.000000000000000000, 0.7071067811865476838, 0.7071067811865474617 ) ) ;
#3365 = LINE ( 'NONE', #1548, #73 ) ;
#3366 =( NAMED_UNIT ( * ) SI_UNIT ( $, .STERADIAN. ) SOLID_ANGLE_UNIT ( ) );
#3367 = CARTESIAN_POINT ( 'NONE',  ( -1.430524468566405139, -9.186506546859590117, 0.5046549956895388656 ) ) ;
#3368 = CARTESIAN_POINT ( 'NONE',  ( -1.216589053026831291, -3.862451786473852344, -2.387893753811106023 ) ) ;
#3369 = CARTESIAN_POINT ( 'NONE',  ( 1.428558229604754537, -0.8164895339169104815, 0.3095531806780513762 ) ) ;
#3370 = ORIENTED_EDGE ( 'NONE', *, *, #1341, .F. ) ;
#3371 = CARTESIAN_POINT ( 'NONE',  ( -3.760224748819538831, -0.3499999999999999778, -0.6520815280171308181 ) ) ;
#3372 = EDGE_LOOP ( 'NONE', ( #2804, #1693, #3130 ) ) ;
#3373 = CARTESIAN_POINT ( 'NONE',  ( -4.000000000000000888, -0.2000000000000000389, 0.000000000000000000 ) ) ;
#3374 = CARTESIAN_POINT ( 'NONE',  ( -2.245348072189221611, -3.388493453140536626, -0.4485822565785073102 ) ) ;
#3375 = CARTESIAN_POINT ( 'NONE',  ( 0.4024161457545109566, -0.9558696011316022423, -2.842588403037940026 ) ) ;
#3376 = CARTESIAN_POINT ( 'NONE',  ( -1.560659544652545083, -0.3334786804920450431, -0.7681003207884823381 ) ) ;
#3377 = CARTESIAN_POINT ( 'NONE',  ( 4.400000000000000355, 0.000000000000000000, 1.407106781186548083 ) ) ;
#3378 = EDGE_LOOP ( 'NONE', ( #1944, #1756, #3559, #2892 ) ) ;
#3379 = ORIENTED_EDGE ( 'NONE', *, *, #2727, .F. ) ;
#3380 = DIRECTION ( 'NONE',  ( 0.000000000000000000, 0.000000000000000000, 1.000000000000000000 ) ) ;
#3381 = LINE ( 'NONE', #260, #760 ) ;
#3382 = EDGE_CURVE ( 'NONE', #158, #1306, #1771, .T. ) ;
#3383 = CARTESIAN_POINT ( 'NONE',  ( 0.3437718932226380142, -7.575048213526526020, -3.224558596006571687 ) ) ;
#3384 = PLANE ( 'NONE',  #413 ) ;
#3385 = ORIENTED_EDGE ( 'NONE', *, *, #113, .T. ) ;
#3386 = CARTESIAN_POINT ( 'NONE',  ( -2.176170038838356025, -0.9567145378095861519, -0.8942070723960606760 ) ) ;
#3387 = DIRECTION ( 'NONE',  ( 0.000000000000000000, -0.7071067811865474617, 0.7071067811865475727 ) ) ;
#3388 = CARTESIAN_POINT ( 'NONE',  ( 0.2152650793597074008, -7.575048213526256902, -2.232391556483552808 ) ) ;
#3389 = CARTESIAN_POINT ( 'NONE',  ( 2.238049388059159206, -4.810368453140536182, -0.6880603260407571753 ) ) ;
#3390 = CARTESIAN_POINT ( 'NONE',  ( 4.400000000000000355, -0.5000000000000000000, -0.8071067811865471064 ) ) ;
#3391 = DIRECTION ( 'NONE',  ( 0.000000000000000000, -1.000000000000000000, -1.230255323012501829E-16 ) ) ;
#3392 = EDGE_CURVE ( 'NONE', #624, #2778, #2357, .T. ) ;
#3393 = ORIENTED_EDGE ( 'NONE', *, *, #1600, .F. ) ;
#3394 = AXIS2_PLACEMENT_3D ( 'NONE', #1947, #4059, #1924 ) ;
#3395 = CARTESIAN_POINT ( 'NONE',  ( -0.8838834764831866586, -0.3722440000456402887, 0.3838834764831835500 ) ) ;
#3396 = EDGE_CURVE ( 'NONE', #1125, #3217, #2326, .T. ) ;
#3397 = CARTESIAN_POINT ( 'NONE',  ( -2.210564817300447515, -8.791618453140277012, -0.08620314183633193128 ) ) ;
#3398 = CARTESIAN_POINT ( 'NONE',  ( 0.2693186974585830007, -0.5120279155650502290, -2.067787137876506698 ) ) ;
#3399 = CARTESIAN_POINT ( 'NONE',  ( 0.5166291200291569519, -0.9281492526989307823, -2.353090621958592532 ) ) ;
#3400 = CYLINDRICAL_SURFACE ( 'NONE', #1611, 0.2000000000000000111 ) ;
#3401 = ORIENTED_EDGE ( 'NONE', *, *, #2706, .T. ) ;
#3402 = ORIENTED_EDGE ( 'NONE', *, *, #4309, .F. ) ;
#3403 = ADVANCED_FACE ( 'NONE', ( #4031 ), #599, .T. ) ;
#3404 = AXIS2_PLACEMENT_3D ( 'NONE', #461, #3862, #2122 ) ;
#3405 = DIRECTION ( 'NONE',  ( 0.000000000000000000, 0.7071067811865474617, 0.7071067811865476838 ) ) ;
#3406 = LINE ( 'NONE', #645, #3884 ) ;
#3407 = CARTESIAN_POINT ( 'NONE',  ( -4.050000000000000711, -0.3500000000000000333, -0.9520815280171303074 ) ) ;
#3408 = CARTESIAN_POINT ( 'NONE',  ( 0.3500000000000093592, -1.193268229768568389, 1.792835259260797232 ) ) ;
#3409 = AXIS2_PLACEMENT_3D ( 'NONE', #2782, #1718, #4199 ) ;
#3410 = CARTESIAN_POINT ( 'NONE',  ( -4.188301271490094457, 0.000000000000000000, -0.6231456238363397571 ) ) ;
#3411 = CARTESIAN_POINT ( 'NONE',  ( 1.176800394696768004, -7.859423213525036367, -1.789441891055317591 ) ) ;
#3412 = CARTESIAN_POINT ( 'NONE',  ( -2.245348072189221611, -3.388493453140536626, -0.4485822565785073102 ) ) ;
#3413 = ORIENTED_EDGE ( 'NONE', *, *, #331, .F. ) ;
#3414 = FACE_OUTER_BOUND ( 'NONE', #442, .T. ) ;
#3415 = EDGE_LOOP ( 'NONE', ( #970, #1524, #3385, #2910 ) ) ;
#3416 = CARTESIAN_POINT ( 'NONE',  ( -1.499999999999999556, 0.000000000000000000, 4.500000000000001776 ) ) ;
#3417 = CARTESIAN_POINT ( 'NONE',  ( -1.604032831208738408, -8.933805953140378620, -2.022712919729432457 ) ) ;
#3418 = CARTESIAN_POINT ( 'NONE',  ( -1.428558229604754537, -0.8164895339169105926, 0.3095531806780512651 ) ) ;
#3419 = ORIENTED_EDGE ( 'NONE', *, *, #2132, .F. ) ;
#3420 = AXIS2_PLACEMENT_3D ( 'NONE', #3290, #4380, #871 ) ;
#3421 = ORIENTED_EDGE ( 'NONE', *, *, #1019, .F. ) ;
#3422 = ORIENTED_EDGE ( 'NONE', *, *, #2554, .T. ) ;
#3423 = CARTESIAN_POINT ( 'NONE',  ( 0.000000000000000000, -1.193268229768540412, -0.4999999999999990563 ) ) ;
#3424 = CARTESIAN_POINT ( 'NONE',  ( 4.000000000000000000, 0.000000000000000000, -3.499999999999999556 ) ) ;
#3425 = ORIENTED_EDGE ( 'NONE', *, *, #30, .F. ) ;
#3426 = DIRECTION ( 'NONE',  ( 1.000000000000000000, 0.000000000000000000, 2.478176394252581141E-16 ) ) ;
#3427 = CARTESIAN_POINT ( 'NONE',  ( -0.6705836174166535102, -0.7613814204307318700, 0.9467951040871417367 ) ) ;
#3428 = CARTESIAN_POINT ( 'NONE',  ( 1.729731673688333693, -1.152912796859430378, 1.009085523628570069 ) ) ;
#3429 = CARTESIAN_POINT ( 'NONE',  ( -1.085787380510623290, -9.289274703140788958, 1.522467934209967400 ) ) ;
#3430 = TOROIDAL_SURFACE ( 'NONE', #1958, 0.7000000000000000666, 0.2000000000000000389 ) ;
#3431 = CARTESIAN_POINT ( 'NONE',  ( -1.102634949171792611, -0.9558696011316030194, 1.445790413128049678 ) ) ;
#3432 = CARTESIAN_POINT ( 'NONE',  ( 5.000000000000000000, -0.7939339828220182138, -0.3010407640085643877 ) ) ;
#3433 = ORIENTED_EDGE ( 'NONE', *, *, #222, .F. ) ;
#3434 = EDGE_CURVE ( 'NONE', #2089, #2078, #2679, .T. ) ;
#3435 = CARTESIAN_POINT ( 'NONE',  ( -0.8838834764831866586, -0.3300000000000000155, 0.3838834764831835500 ) ) ;
#3436 = CARTESIAN_POINT ( 'NONE',  ( -1.569699532251306762, -8.649430953140551992, 1.085304709111436505 ) ) ;
#3437 = FACE_OUTER_BOUND ( 'NONE', #4176, .T. ) ;
#3438 = CARTESIAN_POINT ( 'NONE',  ( -1.295584491826132778, -0.3899568211400266660, -1.234197965794637808 ) ) ;
#3439 = VECTOR ( 'NONE', #4490, 1000.000000000000000 ) ;
#3440 = EDGE_LOOP ( 'NONE', ( #1206, #2722, #3883 ) ) ;
#3441 = ORIENTED_EDGE ( 'NONE', *, *, #3363, .F. ) ;
#3442 = B_SPLINE_CURVE_WITH_KNOTS ( 'NONE', 3,
 ( #4428, #3739, #3720, #3058 ),
 .UNSPECIFIED., .F., .F.,
 ( 4, 4 ),
 ( 2.138802056872108889E-07, 0.0004465960764625094516 ),
 .UNSPECIFIED. ) ;
#3443 = CARTESIAN_POINT ( 'NONE',  ( -2.284344442285129784, -0.9533984102466801502, -0.8532173612614428748 ) ) ;
#3444 = LINE ( 'NONE', #329, #3439 ) ;
#3445 = LINE ( 'NONE', #3054, #3317 ) ;
#3446 = LINE ( 'NONE', #961, #1850 ) ;
#3447 = ORIENTED_EDGE ( 'NONE', *, *, #464, .F. ) ;
#3448 = DIRECTION ( 'NONE',  ( 1.000000000000000000, 0.000000000000000000, -0.000000000000000000 ) ) ;
#3449 = CARTESIAN_POINT ( 'NONE',  ( -1.894646170422717546, -0.8922357135261501648, -1.796004116308353993 ) ) ;
#3450 = CARTESIAN_POINT ( 'NONE',  ( 2.066911901120696449, -7.938493453140162082, 0.3881731923177227928 ) ) ;
#3451 = CARTESIAN_POINT ( 'NONE',  ( 0.7617127707350960231, -0.6805721227388392691, 0.8441741602393496580 ) ) ;
#3452 = SURFACE_STYLE_USAGE ( .BOTH. , #3762 ) ;
#3453 = ORIENTED_EDGE ( 'NONE', *, *, #1631, .T. ) ;
#3454 = PRESENTATION_STYLE_ASSIGNMENT (( #3107 ) ) ;
#3455 = EDGE_CURVE ( 'NONE', #1639, #3989, #264, .T. ) ;
#3456 = CARTESIAN_POINT ( 'NONE',  ( 3.838301271490094813, -0.3499999999999999778, -0.7681203706669228470 ) ) ;
#3457 = FACE_OUTER_BOUND ( 'NONE', #2812, .T. ) ;
#3458 = VECTOR ( 'NONE', #2916, 1000.000000000000000 ) ;
#3459 = VERTEX_POINT ( 'NONE', #1281 ) ;
#3460 = CARTESIAN_POINT ( 'NONE',  ( -1.974861523610057290, -9.423485713526122964, -2.347455541147882574 ) ) ;
#3461 = DIRECTION ( 'NONE',  ( -6.195440985631454085E-17, 0.000000000000000000, 1.000000000000000000 ) ) ;
#3462 = CIRCLE ( 'NONE', #2724, 0.1999999999999999278 ) ;
#3463 = ADVANCED_FACE ( 'NONE', ( #2612 ), #890, .F. ) ;
#3464 = CARTESIAN_POINT ( 'NONE',  ( 0.8838834764831864366, -0.3300000000000000155, 0.3838834764831836610 ) ) ;
#3465 = AXIS2_PLACEMENT_3D ( 'NONE', #2859, #3839, #393 ) ;
#3466 = CARTESIAN_POINT ( 'NONE',  ( -4.050000000000000711, -0.3499999999999998668, 1.552081528017131618 ) ) ;
#3467 = EDGE_LOOP ( 'NONE', ( #1066, #2275, #4118, #79 ) ) ;
#3468 = AXIS2_PLACEMENT_3D ( 'NONE', #1240, #223, #1605 ) ;
#3469 = DIRECTION ( 'NONE',  ( 0.000000000000000000, -1.091497166287048166E-16, 1.000000000000000000 ) ) ;
#3470 = CARTESIAN_POINT ( 'NONE',  ( -0.3886474559939490092, -9.755256546859907729, 1.762358047598320487 ) ) ;
#3471 = CARTESIAN_POINT ( 'NONE',  ( -1.417609294633816353, -8.945654911473642557, -2.213992534323099282 ) ) ;
#3472 = FACE_OUTER_BOUND ( 'NONE', #4322, .T. ) ;
#3473 = ORIENTED_EDGE ( 'NONE', *, *, #480, .T. ) ;
#3474 = VERTEX_POINT ( 'NONE', #3668 ) ;
#3475 = CARTESIAN_POINT ( 'NONE',  ( -4.500000000000000888, -0.1464466094067264079, 1.053553390593274353 ) ) ;
#3476 = DIRECTION ( 'NONE',  ( 0.000000000000000000, -0.7071067811865474617, -0.7071067811865476838 ) ) ;
#3477 = AXIS2_PLACEMENT_3D ( 'NONE', #3132, #2051, #2098 ) ;
#3478 = CARTESIAN_POINT ( 'NONE',  ( -1.500000000000000000, 0.000000000000000000, 10.00000000000000178 ) ) ;
#3479 = EDGE_LOOP ( 'NONE', ( #1839, #3935, #4420, #1086, #813 ) ) ;
#3480 = ORIENTED_EDGE ( 'NONE', *, *, #331, .T. ) ;
#3481 = CARTESIAN_POINT ( 'NONE',  ( 2.535142112769837919, -8.428173213525653296, 0.5674677143889955699 ) ) ;
#3482 =( BOUNDED_CURVE ( )  B_SPLINE_CURVE ( 3, ( #1136, #163, #477, #500 ),
 .UNSPECIFIED., .F., .F. ) 
 B_SPLINE_CURVE_WITH_KNOTS ( ( 4, 4 ),
 ( 0.8102189576321771058, 1.570796326794896780 ),
 .UNSPECIFIED. ) 
 CURVE ( )  GEOMETRIC_REPRESENTATION_ITEM ( )  RATIONAL_B_SPLINE_CURVE ( ( 1.000000000000000000, 0.9523716785737834645, 0.9523716785737834645, 1.000000000000000000 ) ) 
 REPRESENTATION_ITEM ( '' )  );
#3483 = CARTESIAN_POINT ( 'NONE',  ( -5.000000000000000000, 0.000000000000000000, 4.500000000000000888 ) ) ;
#3484 = CARTESIAN_POINT ( 'NONE',  ( 0.8331745957720957385, -0.7347417010109544844, -1.517707374445303348 ) ) ;
#3485 = VERTEX_POINT ( 'NONE', #2657 ) ;
#3486 = CARTESIAN_POINT ( 'NONE',  ( -4.050000000000000711, -0.3499999999999998668, 1.552081528017131618 ) ) ;
#3487 = CARTESIAN_POINT ( 'NONE',  ( 4.500000000000000888, -0.1928932188134528380, 0.3000000000000007105 ) ) ;
#3488 = CARTESIAN_POINT ( 'NONE',  ( 0.08002930003301043926, -4.636506546859463285, -2.744510427857139057 ) ) ;
#3489 = CARTESIAN_POINT ( 'NONE',  ( -0.3140243937632723470, -1.160889286473713922, -2.193722064953096407 ) ) ;
#3490 = CARTESIAN_POINT ( 'NONE',  ( 0.4159105888488884850, -0.9533984102466802613, 1.921143715074623337 ) ) ;
#3491 = DIRECTION ( 'NONE',  ( -4.791541927135541531E-16, -0.7071067811865473507, 0.7071067811865476838 ) ) ;
#3492 = CIRCLE ( 'NONE', #8, 1.499999999999999556 ) ;
#3493 = DIRECTION ( 'NONE',  ( 0.000000000000000000, 0.000000000000000000, 1.000000000000000000 ) ) ;
#3494 = CARTESIAN_POINT ( 'NONE',  ( -4.400000000000000355, -0.5000000000000000000, -0.8071067811865471064 ) ) ;
#3495 = CARTESIAN_POINT ( 'NONE',  ( -1.401650429449554203, -0.3300000000000002376, -0.1338834764831481894 ) ) ;
#3496 =( GEOMETRIC_REPRESENTATION_CONTEXT ( 3 ) GLOBAL_UNCERTAINTY_ASSIGNED_CONTEXT ( ( #11 ) ) GLOBAL_UNIT_ASSIGNED_CONTEXT ( ( #1774, #4335, #1217 ) ) REPRESENTATION_CONTEXT ( 'NONE', 'WORKASPACE' ) );
#3497 = CARTESIAN_POINT ( 'NONE',  ( 1.711511812269091992, -1.147239614936118590, 0.07027651097419049253 ) ) ;
#3498 = EDGE_LOOP ( 'NONE', ( #1482, #2449, #1223, #343 ) ) ;
#3499 = EDGE_LOOP ( 'NONE', ( #2886, #3018, #4077, #4109 ) ) ;
#3500 = CARTESIAN_POINT ( 'NONE',  ( -1.053270378581322886, -0.4499517864739838724, -3.101638995715872316 ) ) ;
#3501 = LINE ( 'NONE', #1423, #4273 ) ;
#3502 = CIRCLE ( 'NONE', #4090, 0.4999999999999995559 ) ;
#3503 = CARTESIAN_POINT ( 'NONE',  ( -0.5166291200291582841, -0.9281492526989307823, -2.353090621958591644 ) ) ;
#3504 = ORIENTED_EDGE ( 'NONE', *, *, #3974, .T. ) ;
#3505 = EDGE_CURVE ( 'NONE', #4223, #3604, #169, .T. ) ;
#3506 = CARTESIAN_POINT ( 'NONE',  ( 0.9174175771430288506, -1.176610713526034413, 1.030309818283597023 ) ) ;
#3507 = ADVANCED_FACE ( 'NONE', ( #1259, #531 ), #2241, .F. ) ;
#3508 = CARTESIAN_POINT ( 'NONE',  ( 3.760224748819538831, -0.3499999999999999778, 1.252081528017132017 ) ) ;
#3509 = CARTESIAN_POINT ( 'NONE',  ( 4.255112374409768528, -0.1025126265847085133, -0.4096194077712551063 ) ) ;
#3510 = CARTESIAN_POINT ( 'NONE',  ( 3.850000000000000533, -0.3500000000000000333, -0.9520815280171303074 ) ) ;
#3511 = EDGE_CURVE ( 'NONE', #1612, #3216, #1412, .T. ) ;
#3512 = CARTESIAN_POINT ( 'NONE',  ( -1.556885368875276177, -9.139110713526164886, 1.097890982033062013 ) ) ;
#3513 = CARTESIAN_POINT ( 'NONE',  ( -1.707362638561529922, -0.3788580364737594852, -1.018088801963907830 ) ) ;
#3514 = CARTESIAN_POINT ( 'NONE',  ( -4.200000000000000178, -5.421010862427522170E-17, 0.7171572875253815482 ) ) ;
#3515 = CARTESIAN_POINT ( 'NONE',  ( -5.000000000000000000, 0.000000000000000000, 3.500000000000000444 ) ) ;
#3516 = EDGE_CURVE ( 'NONE', #2090, #2415, #3332, .T. ) ;
#3517 = SURFACE_STYLE_USAGE ( .BOTH. , #4169 ) ;
#3518 = ORIENTED_EDGE ( 'NONE', *, *, #3455, .T. ) ;
#3519 = ORIENTED_EDGE ( 'NONE', *, *, #4260, .T. ) ;
#3520 = CARTESIAN_POINT ( 'NONE',  ( -3.850000000000000533, -0.6525126265847086549, -0.1596194077712549675 ) ) ;
#3521 = CARTESIAN_POINT ( 'NONE',  ( 2.068673091923213025, -0.9537885895425887162, -0.06505991996496972296 ) ) ;
#3522 = EDGE_CURVE ( 'NONE', #634, #3948, #3381, .T. ) ;
#3523 = CARTESIAN_POINT ( 'NONE',  ( 5.000000000000000000, 0.000000000000000000, 1.407106781186548083 ) ) ;
#3524 = VERTEX_POINT ( 'NONE', #1305 ) ;
#3525 = EDGE_CURVE ( 'NONE', #4069, #794, #190, .T. ) ;
#3526 = CARTESIAN_POINT ( 'NONE',  ( 0.8147632929379660105, -2.535368453140599776, 2.122510139946133023 ) ) ;
#3527 = DIRECTION ( 'NONE',  ( -0.000000000000000000, 0.7071067811865476838, 0.7071067811865474617 ) ) ;
#3528 = DIRECTION ( 'NONE',  ( -0.000000000000000000, 1.000000000000000000, 1.230255323012501829E-16 ) ) ;
#3529 = VERTEX_POINT ( 'NONE', #959 ) ;
#3530 = AXIS2_PLACEMENT_3D ( 'NONE', #1829, #1424, #2492 ) ;
#3531 = DIRECTION ( 'NONE',  ( 0.000000000000000000, -0.7071067811865464625, -0.7071067811865486830 ) ) ;
#3532 = CARTESIAN_POINT ( 'NONE',  ( 4.166732150407276514, 1.056710085413773053E-16, -0.2169609411084557071 ) ) ;
#3533 = CARTESIAN_POINT ( 'NONE',  ( 1.711511812269106869, -1.147239614936121477, -1.070276510974183637 ) ) ;
#3534 = CIRCLE ( 'NONE', #1568, 0.2000000000000000666 ) ;
#3535 = CARTESIAN_POINT ( 'NONE',  ( -1.982254556534919887, -9.387938838526071805, -1.471506155814467309 ) ) ;
#3536 = CARTESIAN_POINT ( 'NONE',  ( -1.440853847675162225, -8.696826786473978999, 0.4897838679080154800 ) ) ;
#3537 = DIRECTION ( 'NONE',  ( -0.000000000000000000, -1.000000000000000000, -0.000000000000000000 ) ) ;
#3538 = CARTESIAN_POINT ( 'NONE',  ( -0.3661165235168018506, -0.3300000000000003486, 0.9016504294495705230 ) ) ;
#3539 = EDGE_CURVE ( 'NONE', #1233, #718, #4353, .T. ) ;
#3540 = CARTESIAN_POINT ( 'NONE',  ( 0.8838834764831866586, -0.3300000000000000155, -1.383883476483181330 ) ) ;
#3541 = ORIENTED_EDGE ( 'NONE', *, *, #1248, .F. ) ;
#3542 = ORIENTED_EDGE ( 'NONE', *, *, #3645, .F. ) ;
#3543 = CARTESIAN_POINT ( 'NONE',  ( -0.8505424942101477148, -0.6707518247735111405, -1.471872407555922857 ) ) ;
#3544 = CARTESIAN_POINT ( 'NONE',  ( 2.168404344971008868E-16, -0.3499999999999999778, 10.00000000000000000 ) ) ;
#3545 = CARTESIAN_POINT ( 'NONE',  ( -2.600784885292635629, -1.193268229768540634, 0.1793350899856314407 ) ) ;
#3546 = CARTESIAN_POINT ( 'NONE',  ( 4.000000000140746081, 0.000000000000000000, 0.8612041010047576384 ) ) ;
#3547 = EDGE_CURVE ( 'NONE', #3529, #3295, #4259, .T. ) ;
#3548 = AXIS2_PLACEMENT_3D ( 'NONE', #2975, #2306, #4369 ) ;
#3549 = ORIENTED_EDGE ( 'NONE', *, *, #2035, .F. ) ;
#3550 = CARTESIAN_POINT ( 'NONE',  ( 2.481746072065639463, -2.156201786473884052, 0.6757274732808011830 ) ) ;
#3551 = CARTESIAN_POINT ( 'NONE',  ( 1.499999999999999556, 0.000000000000000000, 5.000000000000001776 ) ) ;
#3552 = CARTESIAN_POINT ( 'NONE',  ( -4.500000000000000888, -0.8499999999999999778, 1.552081528017131618 ) ) ;
#3553 = ORIENTED_EDGE ( 'NONE', *, *, #2904, .F. ) ;
#3554 = AXIS2_PLACEMENT_3D ( 'NONE', #1530, #2182, #1843 ) ;
#3555 = MECHANICAL_DESIGN_GEOMETRIC_PRESENTATION_REPRESENTATION (  '', ( #3911 ), #1439 ) ;
#3556 = CARTESIAN_POINT ( 'NONE',  ( -0.8838834764831858815, -0.3300000000000000155, -1.383883476483181774 ) ) ;
#3557 = LINE ( 'NONE', #2261, #1786 ) ;
#3558 = CARTESIAN_POINT ( 'NONE',  ( -3.870122051941600638, -0.4785142747134198959, -0.4765892104211038038 ) ) ;
#3559 = ORIENTED_EDGE ( 'NONE', *, *, #2994, .F. ) ;
#3560 = CARTESIAN_POINT ( 'NONE',  ( 1.117700277744291926, -8.712548213526122964, 1.476294998607421860 ) ) ;
#3561 = CARTESIAN_POINT ( 'NONE',  ( 0.2331974751076324182, -7.085368453140645784, -2.230068928386960359 ) ) ;
#3562 = FACE_OUTER_BOUND ( 'NONE', #2186, .T. ) ;
#3563 = DIRECTION ( 'NONE',  ( 0.8296756535198970273, 0.000000000000000000, 0.5582457433391964097 ) ) ;
#3564 = ORIENTED_EDGE ( 'NONE', *, *, #3104, .F. ) ;
#3565 = ORIENTED_EDGE ( 'NONE', *, *, #4499, .F. ) ;
#3566 = DIRECTION ( 'NONE',  ( -1.000000000000000000, 0.000000000000000000, 0.000000000000000000 ) ) ;
#3567 = CARTESIAN_POINT ( 'NONE',  ( 3.690071388773284777, -0.3499999999999998668, 1.147818242932891364 ) ) ;
#3568 = CARTESIAN_POINT ( 'NONE',  ( 4.026052191228933985, -0.3500000000000000333, -0.8829508425815095762 ) ) ;
#3569 = CARTESIAN_POINT ( 'NONE',  ( -0.3532173612614529223, -0.9533984102466803723, 1.784344442285129118 ) ) ;
#3570 = EDGE_CURVE ( 'NONE', #1357, #930, #1208, .T. ) ;
#3571 = ORIENTED_EDGE ( 'NONE', *, *, #4191, .T. ) ;
#3572 = ORIENTED_EDGE ( 'NONE', *, *, #3151, .F. ) ;
#3573 = CARTESIAN_POINT ( 'NONE',  ( -0.9729576365952220529, -3.957243453140915079, -3.068024940500297948 ) ) ;
#3574 = AXIS2_PLACEMENT_3D ( 'NONE', #2609, #2239, #3002 ) ;
#3575 = CARTESIAN_POINT ( 'NONE',  ( 4.200000000000000178, -0.4050252531694169544, 0.08786796564403669130 ) ) ;
#3576 = CARTESIAN_POINT ( 'NONE',  ( -0.4354969510950126854, -0.9537525753427678055, -2.567203474473481517 ) ) ;
#3577 = CARTESIAN_POINT ( 'NONE',  ( -0.7257184977935297043, -0.3334786804920449321, -1.801290717040095801 ) ) ;
#3578 = EDGE_CURVE ( 'NONE', #3711, #1773, #1888, .T. ) ;
#3579 = CARTESIAN_POINT ( 'NONE',  ( 0.000000000000000000, -1.193268229768540412, -0.4999999999999990563 ) ) ;
#3580 = ORIENTED_EDGE ( 'NONE', *, *, #306, .T. ) ;
#3581 = ADVANCED_FACE ( 'NONE', ( #2765 ), #3240, .T. ) ;
#3582 = CARTESIAN_POINT ( 'NONE',  ( -0.5165403847000621385, -1.650569046859611477, -3.160091619854271450 ) ) ;
#3583 = CARTESIAN_POINT ( 'NONE',  ( 0.07826044015781993823, -4.146826786473473803, -2.243959535904623159 ) ) ;
#3584 = CARTESIAN_POINT ( 'NONE',  ( -4.200000000000000178, -0.2000000000000000944, 0.7171572875253815482 ) ) ;
#3585 = CARTESIAN_POINT ( 'NONE',  ( -3.944674486157543569, -0.3499999999999999778, 1.460865437110348886 ) ) ;
#3586 = ORIENTED_EDGE ( 'NONE', *, *, #3570, .T. ) ;
#3587 = CARTESIAN_POINT ( 'NONE',  ( 0.7266521582695706361, -0.4505592896214599685, 0.7988267288288644075 ) ) ;
#3588 = CARTESIAN_POINT ( 'NONE',  ( -0.8838834764831858815, -0.3300000000000000155, -1.383883476483181774 ) ) ;
#3589 = CARTESIAN_POINT ( 'NONE',  ( 4.207632328796362842, -1.355252715606880543E-17, 1.041566269469298422 ) ) ;
#3590 = ADVANCED_FACE ( 'NONE', ( #682 ), #2359, .T. ) ;
#3591 = ORIENTED_EDGE ( 'NONE', *, *, #3038, .F. ) ;
#3592 = CARTESIAN_POINT ( 'NONE',  ( 1.395034659427958346, -2.740673213526238161, 0.5494750394177586594 ) ) ;
#3593 = CARTESIAN_POINT ( 'NONE',  ( 2.180446667548728623, -2.250993453140894829, 1.169446311690560680 ) ) ;
#3594 = FACE_OUTER_BOUND ( 'NONE', #1396, .T. ) ;
#3595 = FACE_OUTER_BOUND ( 'NONE', #131, .T. ) ;
#3596 = CARTESIAN_POINT ( 'NONE',  ( 1.322557708182510838, -0.5693850754028588756, -1.217659957178980124 ) ) ;
#3597 = DIRECTION ( 'NONE',  ( 0.000000000000000000, -0.7071067811865474617, -0.7071067811865476838 ) ) ;
#3598 = VERTEX_POINT ( 'NONE', #4467 ) ;
#3599 = VECTOR ( 'NONE', #507, 1000.000000000000000 ) ;
#3600 = CARTESIAN_POINT ( 'NONE',  ( -2.256808366053154380, -1.295100296859577504, 1.168748019725811327 ) ) ;
#3601 = CARTESIAN_POINT ( 'NONE',  ( 0.01058485446808331808, -8.412451786473745585, 1.264745481911696556 ) ) ;
#3602 = DIRECTION ( 'NONE',  ( 0.000000000000000000, 1.091497166287048166E-16, -1.000000000000000000 ) ) ;
#3603 = DIRECTION ( 'NONE',  ( -1.000000000000000000, 0.000000000000000000, 0.000000000000000000 ) ) ;
#3604 = VERTEX_POINT ( 'NONE', #4491 ) ;
#3605 = CARTESIAN_POINT ( 'NONE',  ( 0.8838834764831864366, -0.3722440000456379017, 0.3838834764831836610 ) ) ;
#3606 = DIRECTION ( 'NONE',  ( 1.000000000000000000, 0.000000000000000000, 0.000000000000000000 ) ) ;
#3607 = CARTESIAN_POINT ( 'NONE',  ( -4.200000000000000178, -0.2000000000000000389, 0.000000000000000000 ) ) ;
#3608 = AXIS2_PLACEMENT_3D ( 'NONE', #3912, #1139, #748 ) ;
#3609 = CARTESIAN_POINT ( 'NONE',  ( 3.816732150407361690, -0.3499999999998557043, -0.3619356879388951898 ) ) ;
#3610 = CARTESIAN_POINT ( 'NONE',  ( 2.284344442285129784, -0.9533984102466801502, -0.1467826387385552933 ) ) ;
#3611 = LINE ( 'NONE', #1557, #2526 ) ;
#3612 = ORIENTED_EDGE ( 'NONE', *, *, #3337, .F. ) ;
#3613 = CARTESIAN_POINT ( 'NONE',  ( 0.4242763992639275727, -4.731298213526257790, -2.193372108071210302 ) ) ;
#3614 = CARTESIAN_POINT ( 'NONE',  ( -1.758696580434929935, -6.706201786473742210, -2.609119483483399282 ) ) ;
#3615 = CARTESIAN_POINT ( 'NONE',  ( 0.000000000000000000, -1.193268229768540412, -0.4999999999999990563 ) ) ;
#3616 = CARTESIAN_POINT ( 'NONE',  ( 5.000000000000000000, 0.000000000000000000, 4.500000000000000888 ) ) ;
#3617 = CARTESIAN_POINT ( 'NONE',  ( -0.4608402633532898141, -1.191618177696044389, 1.500320893234963204 ) ) ;
#3618 = PRESENTATION_LAYER_ASSIGNMENT (  '', '', ( #1156 ) ) ;
#3619 = CARTESIAN_POINT ( 'NONE',  ( -2.662346204416066620, -1.318798213526259033, 0.3887162889580197955 ) ) ;
#3620 = CARTESIAN_POINT ( 'NONE',  ( 1.670967642567260381, -4.715576786473961945, -1.005357988815097858 ) ) ;
#3621 = CARTESIAN_POINT ( 'NONE',  ( -4.360472906348925370, -5.809971621709098601E-05, -0.7462499942034371836 ) ) ;
#3622 =( BOUNDED_SURFACE ( )  B_SPLINE_SURFACE ( 3, 3, ( 
 ( #3127, #2441, #3495, #1751 ),
 ( #2718, #4114, #997, #2138 ),
 ( #2162, #154, #2531, #90 ),
 ( #495, #2203, #3545, #1197 ) ),
 .UNSPECIFIED., .F., .F., .T. ) 
 B_SPLINE_SURFACE_WITH_KNOTS ( ( 4, 4 ),
 ( 4, 4 ),
 ( 0.000000000000000000, 1.000000000000000000 ),
 ( 0.000000000000000000, 1.000000000000000000 ),
 .UNSPECIFIED. ) 
 GEOMETRIC_REPRESENTATION_ITEM ( )  RATIONAL_B_SPLINE_SURFACE ( (
 ( 1.000000000000000000, 0.8047378541243572769, 0.8047378541243572769, 1.000000000000000000),
 ( 1.000000000000000000, 0.8047378541243572769, 0.8047378541243572769, 1.000000000000000000),
 ( 1.000000000000000000, 0.8047378541243572769, 0.8047378541243572769, 1.000000000000000000),
 ( 1.000000000000000000, 0.8047378541243572769, 0.8047378541243572769, 1.000000000000000000) ) ) 
 REPRESENTATION_ITEM ( '' )  SURFACE ( )  );
#3623 = CARTESIAN_POINT ( 'NONE',  ( -0.4679782559306899792, -1.217045720401881859, -2.291620648796417914 ) ) ;
#3624 = VECTOR ( 'NONE', #847, 1000.000000000000000 ) ;
#3625 = EDGE_LOOP ( 'NONE', ( #3771, #1448, #2323 ) ) ;
#3626 = LINE ( 'NONE', #1214, #3987 ) ;
#3627 = VERTEX_POINT ( 'NONE', #828 ) ;
#3628 = CARTESIAN_POINT ( 'NONE',  ( -3.816732150407327939, -0.3499999999998593125, 0.9619356879389722170 ) ) ;
#3629 = CARTESIAN_POINT ( 'NONE',  ( 3.816732150407339486, -0.3499999999998555933, 0.9619356879388998305 ) ) ;
#3630 = CARTESIAN_POINT ( 'NONE',  ( -4.000000000000000000, -5.421010862427522170E-17, -0.1171572875253803075 ) ) ;
#3631 = EDGE_CURVE ( 'NONE', #3229, #4365, #1282, .T. ) ;
#3632 = ORIENTED_EDGE ( 'NONE', *, *, #3337, .T. ) ;
#3633 = CARTESIAN_POINT ( 'NONE',  ( 3.850000000000000533, -0.6525126265847087659, -0.1596194077712549397 ) ) ;
#3634 = VERTEX_POINT ( 'NONE', #4163 ) ;
#3635 = CARTESIAN_POINT ( 'NONE',  ( -0.9590932228518384006, -4.352131546859451916, -1.958649974889942191 ) ) ;
#3636 = CARTESIAN_POINT ( 'NONE',  ( -1.977779717247289071, -0.9120611614738366457, -1.473662673976316118 ) ) ;
#3637 = DIRECTION ( 'NONE',  ( -0.000000000000000000, 1.000000000000000000, 0.000000000000000000 ) ) ;
#3638 = CARTESIAN_POINT ( 'NONE',  ( 4.050000000000000711, -0.3499999999999998668, 1.552081528017131618 ) ) ;
#3639 = CARTESIAN_POINT ( 'NONE',  ( 3.650000000000000355, -0.3499999999999998668, 1.009116630533784864 ) ) ;
#3640 = ORIENTED_EDGE ( 'NONE', *, *, #4019, .F. ) ;
#3641 = B_SPLINE_CURVE_WITH_KNOTS ( 'NONE', 3,
 ( #4400, #3386, #3718, #2337, #1975, #964, #263, #2987, #2962, #4358 ),
 .UNSPECIFIED., .F., .F.,
 ( 4, 2, 2, 2, 4 ),
 ( 0.000000000000000000, 0.0003435790352819002836, 0.0006871580705638001335, 0.001030737105845699929, 0.001374316141127599616 ),
 .UNSPECIFIED. ) ;
#3642 = AXIS2_PLACEMENT_3D ( 'NONE', #3709, #4321, #1566 ) ;
#3643 = CARTESIAN_POINT ( 'NONE',  ( 2.176170038838355580, -0.9567145378095858188, -0.8942070723960592327 ) ) ;
#3644 = CARTESIAN_POINT ( 'NONE',  ( 2.284344442285130228, -0.9533984102466801502, -0.8532173612614425418 ) ) ;
#3645 = EDGE_CURVE ( 'NONE', #821, #2784, #3406, .T. ) ;
#3646 = EDGE_CURVE ( 'NONE', #2784, #3205, #340, .T. ) ;
#3647 = CARTESIAN_POINT ( 'NONE',  ( -2.315466723742803268, -0.8922357135262843908, -2.086353619363647383 ) ) ;
#3648 = CARTESIAN_POINT ( 'NONE',  ( -1.567460878355526388, -9.336670536473466342, 0.3523904889245543237 ) ) ;
#3649 = CARTESIAN_POINT ( 'NONE',  ( -4.255112374409767639, -0.1025126265847099705, -0.4096194077712516646 ) ) ;
#3650 = VECTOR ( 'NONE', #1186, 1000.000000000000000 ) ;
#3651 = LINE ( 'NONE', #2637, #626 ) ;
#3652 = DIRECTION ( 'NONE',  ( 1.000000000000000000, 0.000000000000000000, 0.000000000000000000 ) ) ;
#3653 = CARTESIAN_POINT ( 'NONE',  ( -4.200000000000000178, -0.2000000000000001499, 0.7171572875253813262 ) ) ;
#3654 = CARTESIAN_POINT ( 'NONE',  ( 4.500000000000000888, -0.5464466094067266244, -0.05355339059327286072 ) ) ;
#3655 = CYLINDRICAL_SURFACE ( 'NONE', #576, 0.4999999999999998890 ) ;
#3656 = ORIENTED_EDGE ( 'NONE', *, *, #3926, .T. ) ;
#3657 = CARTESIAN_POINT ( 'NONE',  ( 4.050000000000000711, -0.3499999999999999778, -0.9520815280171303074 ) ) ;
#3658 = EDGE_LOOP ( 'NONE', ( #2483, #1921, #1668, #582, #1891, #1 ) ) ;
#3659 = CARTESIAN_POINT ( 'NONE',  ( 0.8684837280319843700, -2.930256546859105971, 1.014349884772600019 ) ) ;
#3660 = CARTESIAN_POINT ( 'NONE',  ( 1.376707367077944832, -4.431201786473606852, -2.274516434146527821 ) ) ;
#3661 = EDGE_CURVE ( 'NONE', #2471, #1200, #3462, .T. ) ;
#3662 = CARTESIAN_POINT ( 'NONE',  ( -0.2679464039125863395, -0.3899568211400265549, -2.059798594225044077 ) ) ;
#3663 = DIRECTION ( 'NONE',  ( 1.000000000000000000, 1.761828530288943916E-15, 0.000000000000000000 ) ) ;
#3664 = ORIENTED_EDGE ( 'NONE', *, *, #2706, .F. ) ;
#3665 = EDGE_CURVE ( 'NONE', #2579, #3216, #233, .T. ) ;
#3666 = DIRECTION ( 'NONE',  ( 0.000000000000000000, -1.091497166287048166E-16, 1.000000000000000000 ) ) ;
#3667 = EDGE_CURVE ( 'NONE', #3604, #1595, #4405, .T. ) ;
#3668 = CARTESIAN_POINT ( 'NONE',  ( -3.905112374409769771, -0.4525126265847082552, 1.154594154601840117 ) ) ;
#3669 = CARTESIAN_POINT ( 'NONE',  ( -0.8710487728861190382, -1.603173213526293717, -3.079000618865569194 ) ) ;
#3670 = CARTESIAN_POINT ( 'NONE',  ( -4.347283938352615174, 0.000000000000000000, -0.7614525717169460250 ) ) ;
#3671 = CARTESIAN_POINT ( 'NONE',  ( 4.347284718555727956, -0.01308865744991009883, 1.255631403617835540 ) ) ;
#3672 = CIRCLE ( 'NONE', #2720, 0.5000000000000000000 ) ;
#3673 = CARTESIAN_POINT ( 'NONE',  ( -4.000000000000000000, 0.000000000000000000, 4.500000000000000888 ) ) ;
#3674 = CARTESIAN_POINT ( 'NONE',  ( 1.782268065228605147, -2.250993453140760714, 0.8666573430413423429 ) ) ;
#3675 = CIRCLE ( 'NONE', #1708, 0.2000000000000000944 ) ;
#3676 = CARTESIAN_POINT ( 'NONE',  ( 2.174805193072333775, -0.9526598926696983050, -0.8736022836710101158 ) ) ;
#3677 = ORIENTED_EDGE ( 'NONE', *, *, #1752, .F. ) ;
#3678 = CARTESIAN_POINT ( 'NONE',  ( 3.902473850945562983, -0.3500000000000019762, -0.7059256350647948874 ) ) ;
#3679 = ADVANCED_FACE ( 'NONE', ( #3817, #3774, #2384 ), #4143, .F. ) ;
#3680 = AXIS2_PLACEMENT_3D ( 'NONE', #4164, #1041, #1007 ) ;
#3681 = EDGE_LOOP ( 'NONE', ( #3549, #4071, #4465, #2401, #3855, #1797, #3421, #1664, #391, #428, #4054, #213, #4023, #4200, #101, #3065 ) ) ;
#3682 = CARTESIAN_POINT ( 'NONE',  ( -0.8838834764831866586, -0.3300000000000000155, 0.3838834764831835500 ) ) ;
#3683 = CARTESIAN_POINT ( 'NONE',  ( -2.083863066528571117, -3.578076786473851634, -1.337703091542946199 ) ) ;
#3684 = CARTESIAN_POINT ( 'NONE',  ( -0.7345865804028794965, -0.3334786804920449876, -1.796305297445948357 ) ) ;
#3685 = VECTOR ( 'NONE', #1184, 1000.000000000000000 ) ;
#3686 = CARTESIAN_POINT ( 'NONE',  ( -2.421148995975114016, -0.9533984102466802613, -0.08407916401641755966 ) ) ;
#3687 = CARTESIAN_POINT ( 'NONE',  ( 4.255112374409768528, -0.1025126265847082913, 1.009619407771256139 ) ) ;
#3688 = ORIENTED_EDGE ( 'NONE', *, *, #2288, .T. ) ;
#3689 = EDGE_CURVE ( 'NONE', #2164, #3204, #1845, .T. ) ;
#3690 = EDGE_CURVE ( 'NONE', #2166, #3459, #3445, .T. ) ;
#3691 = DIRECTION ( 'NONE',  ( 1.000000000000000000, -0.000000000000000000, -0.000000000000000000 ) ) ;
#3692 = CARTESIAN_POINT ( 'NONE',  ( -5.000000000000000000, -0.3499999999999999778, -3.499999999999999556 ) ) ;
#3693 = CARTESIAN_POINT ( 'NONE',  ( 1.856065568240356178, -9.684162796859343558, 1.605451153747806892 ) ) ;
#3694 = CARTESIAN_POINT ( 'NONE',  ( -4.400000000000000355, 0.000000000000000000, -0.8071067811865471064 ) ) ;
#3695 = AXIS2_PLACEMENT_3D ( 'NONE', #412, #3527, #28 ) ;
#3696 = CARTESIAN_POINT ( 'NONE',  ( 4.400000000000000355, 0.000000000000000000, 1.407106781186548083 ) ) ;
#3697 = CARTESIAN_POINT ( 'NONE',  ( -0.3510718705996493383, -1.113311560980186243, 1.790006525915799118 ) ) ;
#3698 = DIRECTION ( 'NONE',  ( 0.000000000000000000, 0.7071067811865476838, -0.7071067811865474617 ) ) ;
#3699 = CARTESIAN_POINT ( 'NONE',  ( -2.182649838715015722, -0.8291184531404698355, 0.2108800617143564426 ) ) ;
#3700 = CARTESIAN_POINT ( 'NONE',  ( -0.7257184977935288162, -0.3334786804920452652, 0.8012907170400985768 ) ) ;
#3701 = VERTEX_POINT ( 'NONE', #2034 ) ;
#3702 = PLANE ( 'NONE',  #4201 ) ;
#3703 = ORIENTED_EDGE ( 'NONE', *, *, #1087, .F. ) ;
#3704 = CARTESIAN_POINT ( 'NONE',  ( 4.110224748819537588, 0.000000000000000000, -0.5071067811865467290 ) ) ;
#3705 = CARTESIAN_POINT ( 'NONE',  ( 1.842161995466693458, -9.194483036473732440, 1.617626769967567490 ) ) ;
#3706 = CARTESIAN_POINT ( 'NONE',  ( -1.023658693079729565, -0.9526598926696981939, -2.306423125628130233 ) ) ;
#3707 = CARTESIAN_POINT ( 'NONE',  ( -1.618290256921772308, -0.6805721227388390471, -0.2219994979070222807 ) ) ;
#3708 = EDGE_CURVE ( 'NONE', #1421, #455, #2761, .T. ) ;
#3709 = CARTESIAN_POINT ( 'NONE',  ( 4.110224748819537588, -0.2000000000000000389, -0.5071067811865467290 ) ) ;
#3710 = ORIENTED_EDGE ( 'NONE', *, *, #22, .F. ) ;
#3711 = VERTEX_POINT ( 'NONE', #4101 ) ;
#3712 = CARTESIAN_POINT ( 'NONE',  ( -4.050000000000000711, -0.8499999999999999778, 1.552081528017131618 ) ) ;
#3713 = CARTESIAN_POINT ( 'NONE',  ( 5.000000000000000000, -0.1928932188134528380, 0.3000000000000007105 ) ) ;
#3714 = CARTESIAN_POINT ( 'NONE',  ( -2.267747309299809721, -0.8054205364739658313, 1.153851896510230457 ) ) ;
#3715 = DIRECTION ( 'NONE',  ( -1.000000000000000000, 0.000000000000000000, 0.000000000000000000 ) ) ;
#3716 = EDGE_CURVE ( 'NONE', #1056, #2823, #2650, .T. ) ;
#3717 = VECTOR ( 'NONE', #133, 1000.000000000000000 ) ;
#3718 = CARTESIAN_POINT ( 'NONE',  ( -2.068673091923213470, -0.9537885895425887162, -0.9349400800350278207 ) ) ;
#3719 = ADVANCED_FACE ( 'NONE', ( #479 ), #4228, .T. ) ;
#3720 = CARTESIAN_POINT ( 'NONE',  ( 0.7784394602888184966, -0.3320894408102815221, -1.662156809793521317 ) ) ;
#3721 = CARTESIAN_POINT ( 'NONE',  ( 0.3754301602822789352, -1.792756546859498146, -2.732636772723165297 ) ) ;
#3722 = CARTESIAN_POINT ( 'NONE',  ( 2.212422737200272937, -1.871826786473872239, -0.8865454456372040548 ) ) ;
#3723 = VECTOR ( 'NONE', #82, 1000.000000000000000 ) ;
#3724 = CARTESIAN_POINT ( 'NONE',  ( 1.945777625998947435, -0.9558696011316027974, 0.6026575139715906193 ) ) ;
#3725 = CARTESIAN_POINT ( 'NONE',  ( 5.000000000000000000, -0.3499999999999999778, 4.500000000000000888 ) ) ;
#3726 = EDGE_CURVE ( 'NONE', #2277, #1595, #2867, .T. ) ;
#3727 = ORIENTED_EDGE ( 'NONE', *, *, #2093, .T. ) ;
#3728 = CARTESIAN_POINT ( 'NONE',  ( 1.096680809977290671, -9.218180953139873068, 2.083639904369992912 ) ) ;
#3729 = CARTESIAN_POINT ( 'NONE',  ( -4.224848044110532719, -3.158574753805925603E-15, 1.098583428400005335 ) ) ;
#3730 = CARTESIAN_POINT ( 'NONE',  ( 0.6705836174166537322, -0.7613814204307315370, -1.946795104087140071 ) ) ;
#3731 = DIRECTION ( 'NONE',  ( 0.000000000000000000, 0.000000000000000000, -1.000000000000000000 ) ) ;
#3732 = ORIENTED_EDGE ( 'NONE', *, *, #3665, .F. ) ;
#3733 = ORIENTED_EDGE ( 'NONE', *, *, #2634, .F. ) ;
#3734 = ORIENTED_EDGE ( 'NONE', *, *, #618, .F. ) ;
#3735 = CARTESIAN_POINT ( 'NONE',  ( 0.8838834764831864366, -0.3722440000456379017, 0.3838834764831836610 ) ) ;
#3736 = DIRECTION ( 'NONE',  ( 0.000000000000000000, 0.000000000000000000, 1.000000000000000000 ) ) ;
#3737 = CLOSED_SHELL ( 'NONE', ( #2890, #3183, #501, #2771, #1094, #2643 ) ) ;
#3738 = CARTESIAN_POINT ( 'NONE',  ( -3.905112374409769327, -0.4525126265847083107, -0.5545941546018386958 ) ) ;
#3739 = CARTESIAN_POINT ( 'NONE',  ( 0.8311611501372353494, -0.3308857761192651181, -1.523020983016690755 ) ) ;
#3740 =( NAMED_UNIT ( * ) PLANE_ANGLE_UNIT ( ) SI_UNIT ( $, .RADIAN. ) );
#3741 = CARTESIAN_POINT ( 'NONE',  ( 2.244926844707246794, -2.456298213526250329, -0.4326560207965762239 ) ) ;
#3742 = CARTESIAN_POINT ( 'NONE',  ( -2.043853900792707012, -0.9002122031404902192, -1.334636211158741759 ) ) ;
#3743 = CARTESIAN_POINT ( 'NONE',  ( 3.650000000000000355, -0.3499999999999999778, -0.2621320343559637722 ) ) ;
#3744 = ORIENTED_EDGE ( 'NONE', *, *, #298, .T. ) ;
#3745 = CARTESIAN_POINT ( 'NONE',  ( 4.023528662521144383, -0.3499999999999999778, -0.8756638305937392008 ) ) ;
#3746 = ORIENTED_EDGE ( 'NONE', *, *, #367, .T. ) ;
#3747 = CARTESIAN_POINT ( 'NONE',  ( -2.222442941291550067, -6.232243453140291933, -0.1759951816305918848 ) ) ;
#3748 = DIRECTION ( 'NONE',  ( 0.000000000000000000, 0.7071067811865474617, -0.7071067811865476838 ) ) ;
#3749 = DIRECTION ( 'NONE',  ( -1.000000000000000000, 0.000000000000000000, 0.000000000000000000 ) ) ;
#3750 = VERTEX_POINT ( 'NONE', #2143 ) ;
#3751 = VERTEX_POINT ( 'NONE', #744 ) ;
#3752 = DIRECTION ( 'NONE',  ( 0.000000000000000000, -9.349008135309622112E-17, 1.000000000000000000 ) ) ;
#3753 = DIRECTION ( 'NONE',  ( 0.000000000000000000, 0.000000000000000000, 1.000000000000000000 ) ) ;
#3754 = CARTESIAN_POINT ( 'NONE',  ( 3.850000000000000533, -0.6525126265847084328, 0.7596194077712562498 ) ) ;
#3755 = ORIENTED_EDGE ( 'NONE', *, *, #822, .F. ) ;
#3756 = FACE_OUTER_BOUND ( 'NONE', #403, .T. ) ;
#3757 = EDGE_CURVE ( 'NONE', #3711, #182, #913, .T. ) ;
#3758 = AXIS2_PLACEMENT_3D ( 'NONE', #1398, #1107, #407 ) ;
#3759 = CARTESIAN_POINT ( 'NONE',  ( -0.9398225725039899281, -9.944839880192672510, -1.928604901741282074 ) ) ;
#3760 = CARTESIAN_POINT ( 'NONE',  ( -1.043698163353856456, -6.800993453140293354, -2.488699548306172016 ) ) ;
#3761 = CARTESIAN_POINT ( 'NONE',  ( -4.038579037750123391, -5.421010862427522170E-17, -0.4006255354938346169 ) ) ;
#3762 = SURFACE_SIDE_STYLE ('',( #4152 ) ) ;
#3763 = AXIS2_PLACEMENT_3D ( 'NONE', #1776, #135, #472 ) ;
#3764 = ORIENTED_EDGE ( 'NONE', *, *, #3958, .T. ) ;
#3765 = CARTESIAN_POINT ( 'NONE',  ( -0.1754097924331101954, -6.990576786474097304, -2.739076406543562214 ) ) ;
#3766 = CIRCLE ( 'NONE', #2383, 0.2000000000000000666 ) ;
#3767 = CARTESIAN_POINT ( 'NONE',  ( -4.000000000000000000, -0.3499999999999999778, 4.500000000000000888 ) ) ;
#3768 =( BOUNDED_SURFACE ( )  B_SPLINE_SURFACE ( 3, 2, ( 
 ( #207, #2953, #4345 ),
 ( #4413, #2672, #1918 ),
 ( #4439, #1319, #2698 ),
 ( #1274, #976, #4074 ),
 ( #4390, #3729, #1227 ),
 ( #570, #2606, #2350 ) ),
 .UNSPECIFIED., .F., .F., .F. ) 
 B_SPLINE_SURFACE_WITH_KNOTS ( ( 4, 2, 4 ),
 ( 3, 3 ),
 ( -0.0002776991048504747232, -6.946082652407989302E-05, 0.0001387774518023149372 ),
 ( 0.000000000000000000, 1.000000000000000000 ),
 .UNSPECIFIED. ) 
 GEOMETRIC_REPRESENTATION_ITEM ( )  RATIONAL_B_SPLINE_SURFACE ( (
 ( 1.000000000000000000, 1.000000000000000000, 1.000000000000000000),
 ( 1.000000000000000000, 1.000323156068968045, 1.000000000000000000),
 ( 1.000000000000000000, 0.9838136884512176383, 1.000000000000000000),
 ( 1.000000000000000000, 0.9317572762373467210, 1.000000000000000000),
 ( 1.000000000000000000, 0.8965982280606626942, 1.000000000000000000),
 ( 1.000000000000000000, 0.8623911140185922530, 1.000000000000000000) ) ) 
 REPRESENTATION_ITEM ( '' )  SURFACE ( )  );
#3769 = CARTESIAN_POINT ( 'NONE',  ( -1.559801996394486689, -0.3899568211400266660, -0.7679530055307345338 ) ) ;
#3770 = ORIENTED_EDGE ( 'NONE', *, *, #1291, .F. ) ;
#3771 = ORIENTED_EDGE ( 'NONE', *, *, #908, .F. ) ;
#3772 = CARTESIAN_POINT ( 'NONE',  ( 4.000000000000000000, -0.3499999999999999778, 3.500000000000000888 ) ) ;
#3773 = CYLINDRICAL_SURFACE ( 'NONE', #1686, 0.5000000000000004441 ) ;
#3774 = FACE_BOUND ( 'NONE', #4159, .T. ) ;
#3775 = ORIENTED_EDGE ( 'NONE', *, *, #4354, .F. ) ;
#3776 = CARTESIAN_POINT ( 'NONE',  ( 4.400000000000000355, 0.000000000000000000, -0.8071067811865471064 ) ) ;
#3777 = CARTESIAN_POINT ( 'NONE',  ( -0.7177227165922024366, -0.5685725380030648424, 0.8223920821778977208 ) ) ;
#3778 = EDGE_CURVE ( 'NONE', #1655, #3524, #1132, .T. ) ;
#3779 = CARTESIAN_POINT ( 'NONE',  ( 1.569340690382758030, -2.077131546859448008, -2.106674063751363679 ) ) ;
#3780 = CARTESIAN_POINT ( 'NONE',  ( 2.053737998768824902, -7.559326786474340309, -1.409061044175145438 ) ) ;
#3781 = AXIS2_PLACEMENT_3D ( 'NONE', #3494, #1015, #2045 ) ;
#3782 = FACE_OUTER_BOUND ( 'NONE', #674, .T. ) ;
#3783 = FILL_AREA_STYLE ('',( #1073 ) ) ;
#3784 = ORIENTED_EDGE ( 'NONE', *, *, #2902, .T. ) ;
#3785 = CARTESIAN_POINT ( 'NONE',  ( -0.8828615297940930473, -0.4519300846110146375, -1.386580457515408815 ) ) ;
#3786 = ADVANCED_FACE ( 'NONE', ( #414 ), #1784, .T. ) ;
#3787 = DIRECTION ( 'NONE',  ( 1.000000000000000000, -0.000000000000000000, 0.000000000000000000 ) ) ;
#3788 = FACE_OUTER_BOUND ( 'NONE', #3813, .T. ) ;
#3789 = AXIS2_PLACEMENT_3D ( 'NONE', #2509, #451, #1821 ) ;
#3790 = ORIENTED_EDGE ( 'NONE', *, *, #303, .T. ) ;
#3791 = ORIENTED_EDGE ( 'NONE', *, *, #1081, .F. ) ;
#3792 = CARTESIAN_POINT ( 'NONE',  ( 0.1498495444744225302, -9.494579463526532592, -3.302757404494054416 ) ) ;
#3793 =( BOUNDED_SURFACE ( )  B_SPLINE_SURFACE ( 3, 2, ( 
 ( #3845, #2129, #2819 ),
 ( #1521, #4281, #4238 ),
 ( #2195, #129, #1097 ),
 ( #1793, #3514, #3584 ) ),
 .UNSPECIFIED., .F., .F., .T. ) 
 B_SPLINE_SURFACE_WITH_KNOTS ( ( 4, 4 ),
 ( 3, 3 ),
 ( 0.8102189576321771058, 1.570796326794896558 ),
 ( 0.000000000000000000, 1.000000000000000000 ),
 .UNSPECIFIED. ) 
 GEOMETRIC_REPRESENTATION_ITEM ( )  RATIONAL_B_SPLINE_SURFACE ( (
 ( 1.000000000000000000, 0.8623911140185923641, 1.000000000000000000),
 ( 1.000000000000000000, 0.8248548249928407960, 1.000000000000000000),
 ( 1.000000000000000000, 0.7706146482961836464, 1.000000000000000000),
 ( 1.000000000000000000, 0.7071067811865475727, 1.000000000000000000) ) ) 
 REPRESENTATION_ITEM ( '' )  SURFACE ( )  );
#3794 = DIRECTION ( 'NONE',  ( 0.000000000000000000, 1.000000000000000000, 0.000000000000000000 ) ) ;
#3795 = CARTESIAN_POINT ( 'NONE',  ( 4.500000000000000888, -0.1928932188134528380, 0.3000000000000007105 ) ) ;
#3796 = CARTESIAN_POINT ( 'NONE',  ( 0.8837373320401663568, -0.3583389974467829364, 0.3837373320401637478 ) ) ;
#3797 = ADVANCED_FACE ( 'NONE', ( #3595 ), #772, .F. ) ;
#3798 = CARTESIAN_POINT ( 'NONE',  ( -3.928421184025603363, -0.4239344304659587448, -0.6178143557542687958 ) ) ;
#3799 = EDGE_CURVE ( 'NONE', #2174, #821, #3675, .T. ) ;
#3800 = LINE ( 'NONE', #3510, #3881 ) ;
#3801 = CARTESIAN_POINT ( 'NONE',  ( -2.202637361424858664, -0.8685377968595049403, -1.146296753343294617 ) ) ;
#3802 = CARTESIAN_POINT ( 'NONE',  ( -0.5763403033836553835, -8.981201786474295901, -2.721968189530051152 ) ) ;
#3803 = CARTESIAN_POINT ( 'NONE',  ( 0.7345865804028802737, -0.3334786804920452097, 0.7963052974459498001 ) ) ;
#3804 = CARTESIAN_POINT ( 'NONE',  ( 4.274342978418277816, -0.07893452777324953817, -0.4617784033270495025 ) ) ;
#3805 = VERTEX_POINT ( 'NONE', #1472 ) ;
#3806 = ORIENTED_EDGE ( 'NONE', *, *, #4348, .T. ) ;
#3807 = CARTESIAN_POINT ( 'NONE',  ( -0.4056077856773593338, -1.197771894130861714, -2.646082845639532444 ) ) ;
#3808 = CARTESIAN_POINT ( 'NONE',  ( 3.869289518875061340, -0.4791329380078871991, 1.074733220332302563 ) ) ;
#3809 = CARTESIAN_POINT ( 'NONE',  ( 4.200000000000000178, 0.000000000000000000, 0.000000000000000000 ) ) ;
#3810 = ADVANCED_FACE ( 'NONE', ( #1516 ), #390, .F. ) ;
#3811 = AXIS2_PLACEMENT_3D ( 'NONE', #3487, #986, #1042 ) ;
#3812 = ORIENTED_EDGE ( 'NONE', *, *, #2209, .F. ) ;
#3813 = EDGE_LOOP ( 'NONE', ( #3580, #1663, #3784 ) ) ;
#3814 = CARTESIAN_POINT ( 'NONE',  ( -1.596316102533179349, -1.018701786473974913, -2.704936473579196310 ) ) ;
#3815 = CARTESIAN_POINT ( 'NONE',  ( -3.760224748819538831, -0.5500000000000001554, 1.252081528017131795 ) ) ;
#3816 = AXIS2_PLACEMENT_3D ( 'NONE', #1403, #4123, #307 ) ;
#3817 = FACE_BOUND ( 'NONE', #2125, .T. ) ;
#3818 = ORIENTED_EDGE ( 'NONE', *, *, #3051, .T. ) ;
#3819 = CONICAL_SURFACE ( 'NONE', #2655, 2.319395077624665014, 0.03293835765007474548 ) ;
#3820 = CARTESIAN_POINT ( 'NONE',  ( -3.928421523428341278, -0.4239340143349685230, 1.217815276312194328 ) ) ;
#3821 = LINE ( 'NONE', #2361, #2352 ) ;
#3822 = UNCERTAINTY_MEASURE_WITH_UNIT (LENGTH_MEASURE( 1.000000000000000082E-05 ), #1377, 'distance_accuracy_value', 'NONE');
#3823 = CARTESIAN_POINT ( 'NONE',  ( -2.219762349195068207, -6.721923213526147300, -0.1581127924013343566 ) ) ;
#3824 = CARTESIAN_POINT ( 'NONE',  ( -1.536408398136490439, -0.9120611614737026418, -1.258578211283021497 ) ) ;
#3825 = CARTESIAN_POINT ( 'NONE',  ( -0.3305225733623419204, -0.9126490637092387059, 1.424073761625909817 ) ) ;
#3826 = CIRCLE ( 'NONE', #1855, 2.311491301150722322 ) ;
#3827 = ORIENTED_EDGE ( 'NONE', *, *, #3356, .F. ) ;
#3828 = CARTESIAN_POINT ( 'NONE',  ( -3.944569392839317512, -0.3499999999999999778, -0.8607597854972294238 ) ) ;
#3829 = CARTESIAN_POINT ( 'NONE',  ( 0.8865751137630479839, -0.4517721959581880720, 0.3828635546618894825 ) ) ;
#3830 = EDGE_LOOP ( 'NONE', ( #1647, #1249, #2385, #2425 ) ) ;
#3831 = MECHANICAL_DESIGN_GEOMETRIC_PRESENTATION_REPRESENTATION (  '', ( #1156 ), #2809 ) ;
#3832 = ORIENTED_EDGE ( 'NONE', *, *, #1634, .F. ) ;
#3833 = CARTESIAN_POINT ( 'NONE',  ( 1.658761011805676588, -9.541975296859343203, -2.764158974131173174 ) ) ;
#3834 = DIRECTION ( 'NONE',  ( -1.000000000000000000, 0.000000000000000000, -6.195440985631454085E-17 ) ) ;
#3835 = EDGE_CURVE ( 'NONE', #2563, #1639, #460, .T. ) ;
#3836 = CARTESIAN_POINT ( 'NONE',  ( 0.000000000000000000, -1.193268229768540412, -0.4999999999999990563 ) ) ;
#3837 = ORIENTED_EDGE ( 'NONE', *, *, #1603, .F. ) ;
#3838 = CARTESIAN_POINT ( 'NONE',  ( 1.767432632878107368, -1.105516963526047114, -0.2556947830625100337 ) ) ;
#3839 = DIRECTION ( 'NONE',  ( 1.000000000000000000, -0.000000000000000000, -0.000000000000000000 ) ) ;
#3840 = DIRECTION ( 'NONE',  ( -1.000000000000000000, 0.000000000000000000, -0.000000000000000000 ) ) ;
#3841 = B_SPLINE_CURVE_WITH_KNOTS ( 'NONE', 3,
 ( #4028, #503, #1871, #1942 ),
 .UNSPECIFIED., .F., .F.,
 ( 4, 4 ),
 ( 2.128409395800919408E-05, 0.0004676662902148006414 ),
 .UNSPECIFIED. ) ;
#3842 = CARTESIAN_POINT ( 'NONE',  ( -0.1934309136464496537, -7.480256546859707534, -2.737591614050204569 ) ) ;
#3843 = ADVANCED_FACE ( 'NONE', ( #3932 ), #3882, .F. ) ;
#3844 = CARTESIAN_POINT ( 'NONE',  ( -1.012120251641064783, -1.018701786473706683, -1.903574405620747090 ) ) ;
#3845 = CARTESIAN_POINT ( 'NONE',  ( -4.110224748819537588, -5.421010862427522170E-17, 1.107106781186547595 ) ) ;
#3846 = CARTESIAN_POINT ( 'NONE',  ( 0.3635720671077969368, -0.9292896438123683378, 0.8919091635153925113 ) ) ;
#3847 = EDGE_CURVE ( 'NONE', #3008, #624, #3256, .T. ) ;
#3848 = FACE_OUTER_BOUND ( 'NONE', #2822, .T. ) ;
#3849 = AXIS2_PLACEMENT_3D ( 'NONE', #573, #1231, #3952 ) ;
#3850 = ORIENTED_EDGE ( 'NONE', *, *, #2904, .T. ) ;
#3851 = CARTESIAN_POINT ( 'NONE',  ( -3.799142275164278715, -0.3499999999999999778, -0.7099213866116659277 ) ) ;
#3852 = AXIS2_PLACEMENT_3D ( 'NONE', #2250, #2965, #4360 ) ;
#3853 = DIRECTION ( 'NONE',  ( 0.000000000000000000, 0.000000000000000000, 1.000000000000000000 ) ) ;
#3854 = ADVANCED_FACE ( 'NONE', ( #2448 ), #3430, .F. ) ;
#3855 = ORIENTED_EDGE ( 'NONE', *, *, #3835, .F. ) ;
#3856 = CARTESIAN_POINT ( 'NONE',  ( -2.717143075914454808, -6.232243453140426048, -0.1018390241969601429 ) ) ;
#3857 = CARTESIAN_POINT ( 'NONE',  ( -1.567243781333171881, -1.108232389118458006, -1.124942908251186147 ) ) ;
#3858 = VECTOR ( 'NONE', #4421, 1000.000000000000000 ) ;
#3859 = DIRECTION ( 'NONE',  ( 7.567034060054532043E-12, -0.03614793685653614613, -0.9993464497665541790 ) ) ;
#3860 = ORIENTED_EDGE ( 'NONE', *, *, #480, .F. ) ;
#3861 = EDGE_CURVE ( 'NONE', #699, #4048, #2930, .T. ) ;
#3862 = DIRECTION ( 'NONE',  ( 0.000000000000000000, -0.7071067811865472397, 0.7071067811865479058 ) ) ;
#3863 = DIRECTION ( 'NONE',  ( 0.000000000000000000, -0.7071067811865474617, -0.7071067811865476838 ) ) ;
#3864 = CARTESIAN_POINT ( 'NONE',  ( 2.284344442285130228, -0.9533984102466801502, -0.8532173612614425418 ) ) ;
#3865 = ORIENTED_EDGE ( 'NONE', *, *, #1410, .F. ) ;
#3866 = CARTESIAN_POINT ( 'NONE',  ( -1.450927203226571427, -7.195881546859220101, -2.214363438877720913 ) ) ;
#3867 = CARTESIAN_POINT ( 'NONE',  ( -1.533744759796774382, -8.898259078140325684, -1.269279125521662444 ) ) ;
#3868 = DIRECTION ( 'NONE',  ( 0.8377175776452644440, -0.03614793685653613919, -0.5449060348034019396 ) ) ;
#3869 = CARTESIAN_POINT ( 'NONE',  ( -0.6793350899855403746, -1.193268229768541078, 2.100784885292664050 ) ) ;
#3870 = CARTESIAN_POINT ( 'NONE',  ( 0.000000000000000000, 0.000000000000000000, 1.407106781186548083 ) ) ;
#3871 = ORIENTED_EDGE ( 'NONE', *, *, #3974, .F. ) ;
#3872 = ORIENTED_EDGE ( 'NONE', *, *, #2708, .T. ) ;
#3873 = CARTESIAN_POINT ( 'NONE',  ( -0.8838834764831858815, -0.3722440000456931908, -1.383883476483181774 ) ) ;
#3874 = DIRECTION ( 'NONE',  ( -1.000000000000000000, 0.000000000000000000, 0.000000000000000000 ) ) ;
#3875 = PLANE ( 'NONE',  #4502 ) ;
#3876 = CARTESIAN_POINT ( 'NONE',  ( 3.850000000000000533, -0.7060660171779824523, 0.7060660171779822303 ) ) ;
#3877 = EDGE_LOOP ( 'NONE', ( #3770, #1452, #692 ) ) ;
#3878 = ORIENTED_EDGE ( 'NONE', *, *, #2433, .F. ) ;
#3879 = CARTESIAN_POINT ( 'NONE',  ( 1.681741663923477015, -4.431201786473740967, -2.670977575532625714 ) ) ;
#3880 = CARTESIAN_POINT ( 'NONE',  ( -0.9001062800049255408, -1.810000000000000275, 0.3410704864761293087 ) ) ;
#3881 = VECTOR ( 'NONE', #2769, 1000.000000000000000 ) ;
#3882 = CYLINDRICAL_SURFACE ( 'NONE', #3924, 0.5000000000000000000 ) ;
#3883 = ORIENTED_EDGE ( 'NONE', *, *, #1577, .F. ) ;
#3884 = VECTOR ( 'NONE', #1993, 1000.000000000000000 ) ;
#3885 = DIRECTION ( 'NONE',  ( -0.000000000000000000, 0.000000000000000000, -1.000000000000000000 ) ) ;
#3886 = CARTESIAN_POINT ( 'NONE',  ( -5.000000000000000000, -0.1928932188134528380, 0.3000000000000007105 ) ) ;
#3887 = CARTESIAN_POINT ( 'NONE',  ( 2.284344442285129784, -0.9533984102466801502, -0.1467826387385552933 ) ) ;
#3888 = ORIENTED_EDGE ( 'NONE', *, *, #3185, .T. ) ;
#3889 = VECTOR ( 'NONE', #2429, 1000.000000000000000 ) ;
#3890 = CARTESIAN_POINT ( 'NONE',  ( 1.343832320388237633, -5.774006546859463462, 1.299540620353299314 ) ) ;
#3891 = CARTESIAN_POINT ( 'NONE',  ( 1.456781816358320158, -9.075993453141700584, -1.530189249756641390 ) ) ;
#3892 = DIRECTION ( 'NONE',  ( 0.000000000000000000, 0.000000000000000000, -1.000000000000000000 ) ) ;
#3893 = EDGE_CURVE ( 'NONE', #2694, #3805, #949, .T. ) ;
#3894 = DIRECTION ( 'NONE',  ( 0.000000000000000000, 0.000000000000000000, 1.000000000000000000 ) ) ;
#3895 = EDGE_LOOP ( 'NONE', ( #3519, #801, #886, #248 ) ) ;
#3896 = ORIENTED_EDGE ( 'NONE', *, *, #2911, .F. ) ;
#3897 = CARTESIAN_POINT ( 'NONE',  ( 0.7177227165922031027, -0.5685725380030638432, 0.8223920821778969437 ) ) ;
#3898 = CARTESIAN_POINT ( 'NONE',  ( 3.650000000140745993, -0.3499999999999998668, 1.006178847835357715 ) ) ;
#3899 = CARTESIAN_POINT ( 'NONE',  ( 4.500000000000000888, 0.8197715939347417491, 2.514746340765326327 ) ) ;
#3900 = CARTESIAN_POINT ( 'NONE',  ( -5.000000000000000000, -0.1464466094067261026, -0.4535533905932734311 ) ) ;
#3901 = VECTOR ( 'NONE', #547, 1000.000000000000000 ) ;
#3902 = EDGE_LOOP ( 'NONE', ( #1736 ) ) ;
#3903 = ORIENTED_EDGE ( 'NONE', *, *, #4251, .F. ) ;
#3904 = CARTESIAN_POINT ( 'NONE',  ( 2.288582572637587020, -9.075993453141268930, -2.124898077619436165 ) ) ;
#3905 = AXIS2_PLACEMENT_3D ( 'NONE', #1374, #3121, #4476 ) ;
#3906 = CARTESIAN_POINT ( 'NONE',  ( 1.023020983016681651, -0.3308857761192650071, -1.331161150137234905 ) ) ;
#3907 = EDGE_CURVE ( 'NONE', #2784, #1200, #686, .T. ) ;
#3908 = CARTESIAN_POINT ( 'NONE',  ( -0.6338754972846738500, -0.8228724146831107866, -2.043670121917540161 ) ) ;
#3909 = AXIS2_PLACEMENT_3D ( 'NONE', #2755, #1034, #4156 ) ;
#3910 = B_SPLINE_CURVE_WITH_KNOTS ( 'NONE', 3,
 ( #2179, #3585, #2868, #2133 ),
 .UNSPECIFIED., .F., .F.,
 ( 4, 4 ),
 ( -4.000000000138848001E-06, 0.0004140006602366952653 ),
 .UNSPECIFIED. ) ;
#3911 = STYLED_ITEM ( 'NONE', ( #1048 ), #2794 ) ;
#3912 = CARTESIAN_POINT ( 'NONE',  ( 0.9001062800049257628, -1.810000000000000275, 0.3410704864761287536 ) ) ;
#3913 = CARTESIAN_POINT ( 'NONE',  ( 1.299013051566251686, -0.9860352612339252643, -1.226581556399436446 ) ) ;
#3914 = ORIENTED_EDGE ( 'NONE', *, *, #4475, .F. ) ;
#3915 = CARTESIAN_POINT ( 'NONE',  ( -1.754755197170810632, -9.921141963527100316, -1.979913861460740998 ) ) ;
#3916 = CARTESIAN_POINT ( 'NONE',  ( -1.637090807826143912, -6.137451786473962834, 0.1061792196180056658 ) ) ;
#3917 = FACE_OUTER_BOUND ( 'NONE', #3499, .T. ) ;
#3918 = DIRECTION ( 'NONE',  ( -0.000000000000000000, 1.000000000000000000, 1.230255323012501829E-16 ) ) ;
#3919 = VERTEX_POINT ( 'NONE', #1593 ) ;
#3920 = CARTESIAN_POINT ( 'NONE',  ( 0.3942785324214161391, -0.9567203190301202254, 1.675981451375841536 ) ) ;
#3921 = FACE_OUTER_BOUND ( 'NONE', #2675, .T. ) ;
#3922 = CARTESIAN_POINT ( 'NONE',  ( 1.322557708182511282, -0.5693850754028589867, 0.2176599571789822607 ) ) ;
#3923 = DIRECTION ( 'NONE',  ( 1.000000000000000000, -0.000000000000000000, -0.000000000000000000 ) ) ;
#3924 = AXIS2_PLACEMENT_3D ( 'NONE', #3552, #817, #2857 ) ;
#3925 = ORIENTED_EDGE ( 'NONE', *, *, #109, .F. ) ;
#3926 = EDGE_CURVE ( 'NONE', #4365, #4363, #256, .T. ) ;
#3927 = CARTESIAN_POINT ( 'NONE',  ( 0.06019247836801499413, -4.636506546859449962, -2.244676596081597530 ) ) ;
#3928 = ORIENTED_EDGE ( 'NONE', *, *, #3185, .F. ) ;
#3929 = CARTESIAN_POINT ( 'NONE',  ( -2.827977246095793706, -8.839014286474267124, -0.6732058480921692123 ) ) ;
#3930 = AXIS2_PLACEMENT_3D ( 'NONE', #3964, #3992, #3606 ) ;
#3931 = DIRECTION ( 'NONE',  ( 0.000000000000000000, -0.7071067811865476838, -0.7071067811865472397 ) ) ;
#3932 = FACE_OUTER_BOUND ( 'NONE', #2117, .T. ) ;
#3933 = CARTESIAN_POINT ( 'NONE',  ( 0.000000000000000000, -0.9533984102466801502, -0.4999999999999990563 ) ) ;
#3934 = CARTESIAN_POINT ( 'NONE',  ( -3.857632328796366306, -0.3500000000000001998, -0.5865410162998830890 ) ) ;
#3935 = ORIENTED_EDGE ( 'NONE', *, *, #2756, .F. ) ;
#3936 = VERTEX_POINT ( 'NONE', #885 ) ;
#3937 = CARTESIAN_POINT ( 'NONE',  ( -0.8333457480136423623, -3.309423213526038410, 2.116664579557347103 ) ) ;
#3938 = CARTESIAN_POINT ( 'NONE',  ( -1.797513865541288114, -8.839014286474000670, -0.6134974111142950104 ) ) ;
#3939 = CARTESIAN_POINT ( 'NONE',  ( 0.000000000000000000, -0.9533984102466801502, -0.4999999999999990563 ) ) ;
#3940 =( BOUNDED_SURFACE ( )  B_SPLINE_SURFACE ( 3, 3, ( 
 ( #3047, #2719, #3686, #3353 ),
 ( #1616, #1940, #2649, #1275 ),
 ( #2007, #2376, #1637, #3023 ),
 ( #571, #4463, #639, #1337 ),
 ( #4052, #2699, #3070, #3418 ),
 ( #1987, #2673, #3707, #301 ),
 ( #4417, #928, #4115, #998 ),
 ( #3438, #3769, #905, #660 ),
 ( #593, #3376, #4440, #2028 ) ),
 .UNSPECIFIED., .F., .F., .T. ) 
 B_SPLINE_SURFACE_WITH_KNOTS ( ( 4, 1, 1, 1, 1, 1, 4 ),
 ( 4, 4 ),
 ( 0.000000000000000000, 0.1250000000000000000, 0.2500000000000000000, 0.5000000000000000000, 0.7500000000000000000, 0.8750000000000000000, 1.000000000000000000 ),
 ( 0.000000000000000000, 1.000000000000000000 ),
 .UNSPECIFIED. ) 
 GEOMETRIC_REPRESENTATION_ITEM ( )  RATIONAL_B_SPLINE_SURFACE ( (
 ( 1.000000000000000000, 0.9133417062448576651, 0.9133417062448576651, 1.000000000000000000),
 ( 1.000000000000000000, 0.9133417062448576651, 0.9133417062448576651, 1.000000000000000000),
 ( 1.000000000000000000, 0.9133417062448576651, 0.9133417062448576651, 1.000000000000000000),
 ( 1.000000000000000000, 0.9133417062448576651, 0.9133417062448576651, 1.000000000000000000),
 ( 1.000000000000000000, 0.9133417062448576651, 0.9133417062448576651, 1.000000000000000000),
 ( 1.000000000000000000, 0.9133417062448576651, 0.9133417062448576651, 1.000000000000000000),
 ( 1.000000000000000000, 0.9133417062448576651, 0.9133417062448576651, 1.000000000000000000),
 ( 1.000000000000000000, 0.9133417062448576651, 0.9133417062448576651, 1.000000000000000000),
 ( 1.000000000000000000, 0.9133417062448576651, 0.9133417062448576651, 1.000000000000000000) ) ) 
 REPRESENTATION_ITEM ( '' )  SURFACE ( )  );
#3941 =( NAMED_UNIT ( * ) SI_UNIT ( $, .STERADIAN. ) SOLID_ANGLE_UNIT ( ) );
#3942 = ORIENTED_EDGE ( 'NONE', *, *, #3539, .T. ) ;
#3943 = CARTESIAN_POINT ( 'NONE',  ( 0.8331745957721037321, -0.7347417010109246194, 0.5177073744452823645 ) ) ;
#3944 = CARTESIAN_POINT ( 'NONE',  ( 4.000000000000000000, -0.3499999999999999778, 4.500000000000000888 ) ) ;
#3945 = CARTESIAN_POINT ( 'NONE',  ( 3.650000000000000355, -0.3499999999999998668, 0.8621320343559645272 ) ) ;
#3946 = CARTESIAN_POINT ( 'NONE',  ( 3.953507185158669834, -0.3973522930535205444, -0.6816029497330846620 ) ) ;
#3947 = FACE_OUTER_BOUND ( 'NONE', #3349, .T. ) ;
#3948 = VERTEX_POINT ( 'NONE', #2262 ) ;
#3949 = CARTESIAN_POINT ( 'NONE',  ( 1.583902932188587798, -2.645881546859227385, 0.2340102593088056737 ) ) ;
#3950 = CARTESIAN_POINT ( 'NONE',  ( 2.528058417848632278, -7.938493453140296197, 0.5841372095573124090 ) ) ;
#3951 = CARTESIAN_POINT ( 'NONE',  ( 5.000000000000000000, 0.000000000000000000, 4.500000000000000888 ) ) ;
#3952 = DIRECTION ( 'NONE',  ( 0.000000000000000000, 0.000000000000000000, 1.000000000000000000 ) ) ;
#3953 = CARTESIAN_POINT ( 'NONE',  ( 0.000000000000000000, -0.3334786804920450987, -0.4999999999999989453 ) ) ;
#3954 = CARTESIAN_POINT ( 'NONE',  ( 1.084202172485504434E-15, -0.3499999999999999778, 11.50000000000000000 ) ) ;
#3955 = ORIENTED_EDGE ( 'NONE', *, *, #2760, .T. ) ;
#3956 = AXIS2_PLACEMENT_3D ( 'NONE', #912, #934, #2289 ) ;
#3957 = CARTESIAN_POINT ( 'NONE',  ( -2.701685752262924733, -1.354345088526280438, -0.8122561599512061470 ) ) ;
#3958 = EDGE_CURVE ( 'NONE', #2778, #661, #4370, .T. ) ;
#3959 = CARTESIAN_POINT ( 'NONE',  ( 1.071673070232412428, -4.431201786473473625, -1.878055292760429040 ) ) ;
#3960 = DIRECTION ( 'NONE',  ( -1.000000000000000000, 0.000000000000000000, 0.000000000000000000 ) ) ;
#3961 = DIRECTION ( 'NONE',  ( 0.000000000000000000, -1.407146337015102995E-16, 1.000000000000000000 ) ) ;
#3962 = ORIENTED_EDGE ( 'NONE', *, *, #2573, .F. ) ;
#3963 = DIRECTION ( 'NONE',  ( -1.000000000000000000, 0.000000000000000000, -0.000000000000000000 ) ) ;
#3964 = CARTESIAN_POINT ( 'NONE',  ( 3.650000000000000355, -0.5500000000000000444, 0.000000000000000000 ) ) ;
#3965 = CARTESIAN_POINT ( 'NONE',  ( 4.000000000000000000, -0.3499999999999999778, 3.500000000000000888 ) ) ;
#3966 = CARTESIAN_POINT ( 'NONE',  ( 3.850000000000000533, -0.5500000000000000444, -0.2621320343559636057 ) ) ;
#3967 = FACE_OUTER_BOUND ( 'NONE', #2645, .T. ) ;
#3968 = EDGE_LOOP ( 'NONE', ( #2847, #3888, #3078, #4291 ) ) ;
#3969 = DIRECTION ( 'NONE',  ( 0.000000000000000000, 1.091497166287048166E-16, -1.000000000000000000 ) ) ;
#3970 = ORIENTED_EDGE ( 'NONE', *, *, #2030, .F. ) ;
#3971 = CARTESIAN_POINT ( 'NONE',  ( -1.129308460081092980, -7.195881546859085987, -1.831233248291269211 ) ) ;
#3972 = CARTESIAN_POINT ( 'NONE',  ( 0.5658794502201645038, -4.241618453140779899, -2.673479283876513790 ) ) ;
#3973 = CARTESIAN_POINT ( 'NONE',  ( -0.8838834764831858815, -0.3300000000000000155, -1.383883476483181774 ) ) ;
#3974 = EDGE_CURVE ( 'NONE', #1108, #2090, #3492, .T. ) ;
#3975 = FACE_OUTER_BOUND ( 'NONE', #227, .T. ) ;
#3976 = TOROIDAL_SURFACE ( 'NONE', #2372, 0.7000000000000000666, 0.2000000000000000389 ) ;
#3977 = EDGE_CURVE ( 'NONE', #2512, #1036, #1522, .T. ) ;
#3978 = CARTESIAN_POINT ( 'NONE',  ( 0.000000000000000000, -0.3300000000000002376, -0.4999999999999989453 ) ) ;
#3979 = ORIENTED_EDGE ( 'NONE', *, *, #4119, .F. ) ;
#3980 = LINE ( 'NONE', #4394, #3650 ) ;
#3981 = DIRECTION ( 'NONE',  ( 0.000000000000000000, 0.7071067811865476838, -0.7071067811865471286 ) ) ;
#3982 = EDGE_CURVE ( 'NONE', #1846, #641, #1328, .T. ) ;
#3983 = AXIS2_PLACEMENT_3D ( 'NONE', #2821, #2157, #3563 ) ;
#3984 = CARTESIAN_POINT ( 'NONE',  ( -2.252985336465934463, -9.850048213525703034, -0.06026388110917971913 ) ) ;
#3985 = CARTESIAN_POINT ( 'NONE',  ( -1.646627173150805090, -9.407764286474511906, -1.187111419952164182 ) ) ;
#3986 = CARTESIAN_POINT ( 'NONE',  ( -1.499999999999999556, 0.000000000000000000, 4.500000000000001776 ) ) ;
#3987 = VECTOR ( 'NONE', #513, 1000.000000000000000 ) ;
#3988 = B_SPLINE_CURVE_WITH_KNOTS ( 'NONE', 3,
 ( #4162, #1384, #1450, #2786 ),
 .UNSPECIFIED., .F., .F.,
 ( 4, 4 ),
 ( 0.000000000000000000, 1.000000000000000000 ),
 .UNSPECIFIED. ) ;
#3989 = VERTEX_POINT ( 'NONE', #2559 ) ;
#3990 = EDGE_CURVE ( 'NONE', #108, #3322, #3310, .T. ) ;
#3991 = CYLINDRICAL_SURFACE ( 'NONE', #653, 0.4999999999999997780 ) ;
#3992 = DIRECTION ( 'NONE',  ( 0.000000000000000000, -0.000000000000000000, 1.000000000000000000 ) ) ;
#3993 = CARTESIAN_POINT ( 'NONE',  ( -2.068673091923213470, -0.9537885895425889382, -0.06505991996496990337 ) ) ;
#3994 = EDGE_CURVE ( 'NONE', #93, #2321, #1025, .T. ) ;
#3995 = CARTESIAN_POINT ( 'NONE',  ( 5.000000000000000000, -0.4964466094067261359, -0.5985281374238566876 ) ) ;
#3996 = CARTESIAN_POINT ( 'NONE',  ( -4.400000000000000355, -0.1464466094067260193, -0.4535533905932734311 ) ) ;
#3997 = EDGE_LOOP ( 'NONE', ( #736, #1981, #2713, #2150, #3320 ) ) ;
#3998 = CARTESIAN_POINT ( 'NONE',  ( -3.850000000000000533, -0.1928932188134528380, 0.3000000000000007105 ) ) ;
#3999 = EDGE_CURVE ( 'NONE', #1415, #2917, #383, .T. ) ;
#4000 = ORIENTED_EDGE ( 'NONE', *, *, #3392, .F. ) ;
#4001 = CARTESIAN_POINT ( 'NONE',  ( -1.717813679815670680, -1.354345088526055951, -0.6952582237325338754 ) ) ;
#4002 = CARTESIAN_POINT ( 'NONE',  ( 2.212422737200272937, -1.871826786473872239, -0.8865454456372040548 ) ) ;
#4003 = EDGE_CURVE ( 'NONE', #3111, #1400, #1617, .T. ) ;
#4004 = CARTESIAN_POINT ( 'NONE',  ( 0.2954473774711521838, -0.8164895339169102595, -2.219890236695690522 ) ) ;
#4005 = CARTESIAN_POINT ( 'NONE',  ( -4.400000000000000355, -0.1928932188134528380, 0.3000000000000007105 ) ) ;
#4006 = CARTESIAN_POINT ( 'NONE',  ( 9.293161478447181743E-17, -0.3499999999999999778, 10.00000000000000178 ) ) ;
#4007 = ORIENTED_EDGE ( 'NONE', *, *, #275, .F. ) ;
#4008 = DIRECTION ( 'NONE',  ( 0.000000000000000000, 1.000000000000000000, 0.000000000000000000 ) ) ;
#4009 = CARTESIAN_POINT ( 'NONE',  ( 0.000000000000000000, 0.000000000000000000, -0.8071067811865471064 ) ) ;
#4010 = CARTESIAN_POINT ( 'NONE',  ( -2.714462483818034677, -6.721923213526160623, -0.08395663496773338175 ) ) ;
#4011 = CARTESIAN_POINT ( 'NONE',  ( -4.274471140303099936, -0.07877739380401253821, -0.4621260139758033292 ) ) ;
#4012 = TOROIDAL_SURFACE ( 'NONE', #4378, 0.7000000000000000666, 0.2000000000000000389 ) ;
#4013 = EDGE_CURVE ( 'NONE', #4503, #455, #3841, .T. ) ;
#4014 = CARTESIAN_POINT ( 'NONE',  ( 4.149142275164298788, 0.000000000000000000, 1.164946639781058391 ) ) ;
#4015 = LINE ( 'NONE', #1264, #3624 ) ;
#4016 = CARTESIAN_POINT ( 'NONE',  ( -4.400000000000000355, -0.4050252531694170099, 0.08786796564403664966 ) ) ;
#4017 = FACE_OUTER_BOUND ( 'NONE', #137, .T. ) ;
#4018 = B_SPLINE_CURVE_WITH_KNOTS ( 'NONE', 3,
 ( #3704, #3020, #2371, #3043 ),
 .UNSPECIFIED., .F., .F.,
 ( 4, 4 ),
 ( 1.084202172485504434E-19, 0.0004183281114452223372 ),
 .UNSPECIFIED. ) ;
#4019 = EDGE_CURVE ( 'NONE', #641, #1256, #3259, .T. ) ;
#4020 = VERTEX_POINT ( 'NONE', #2630 ) ;
#4021 = CARTESIAN_POINT ( 'NONE',  ( -4.294591976798124655, 0.000000000000000000, 1.315819233887197015 ) ) ;
#4022 = ADVANCED_FACE ( 'NONE', ( #2584 ), #906, .T. ) ;
#4023 = ORIENTED_EDGE ( 'NONE', *, *, #1252, .F. ) ;
#4024 = DIRECTION ( 'NONE',  ( -1.000000000000000000, 0.000000000000000000, 0.000000000000000000 ) ) ;
#4025 = CARTESIAN_POINT ( 'NONE',  ( 1.880988493051144683, -1.682243453140516820, -1.727238378894524473 ) ) ;
#4026 = CARTESIAN_POINT ( 'NONE',  ( -0.7341829411565261587, -0.3899568211400266660, -1.795593006060203445 ) ) ;
#4027 = CARTESIAN_POINT ( 'NONE',  ( 0.7257184977935295933, -0.3334786804920449321, -1.801290717040095801 ) ) ;
#4028 = CARTESIAN_POINT ( 'NONE',  ( 1.301290717040099798, -0.3334786804920451542, 0.2257184977935253745 ) ) ;
#4029 = ORIENTED_EDGE ( 'NONE', *, *, #2852, .F. ) ;
#4030 = CARTESIAN_POINT ( 'NONE',  ( -0.8838834764831866586, -0.3722440000456402887, 0.3838834764831835500 ) ) ;
#4031 = FACE_OUTER_BOUND ( 'NONE', #530, .T. ) ;
#4032 = CARTESIAN_POINT ( 'NONE',  ( 1.877651110403279588, -8.617756546860226408, 1.510188813195889601 ) ) ;
#4033 = VECTOR ( 'NONE', #2927, 1000.000000000000000 ) ;
#4034 = CARTESIAN_POINT ( 'NONE',  ( -4.294569392839302502, 0.000000000000000000, -0.7157850386666467779 ) ) ;
#4035 = ORIENTED_EDGE ( 'NONE', *, *, #327, .T. ) ;
#4036 = DIRECTION ( 'NONE',  ( 0.000000000000000000, 1.000000000000000000, 0.000000000000000000 ) ) ;
#4037 = AXIS2_PLACEMENT_3D ( 'NONE', #1688, #2018, #2731 ) ;
#4038 = DIRECTION ( 'NONE',  ( 0.000000000000000000, 1.000000000000000000, 0.000000000000000000 ) ) ;
#4039 = SURFACE_STYLE_USAGE ( .BOTH. , #2685 ) ;
#4040 = CARTESIAN_POINT ( 'NONE',  ( -4.219289518875060985, -0.1291329380078877764, 0.9297584735017186963 ) ) ;
#4041 = CARTESIAN_POINT ( 'NONE',  ( 2.028980614775318880, -2.156201786473749937, 0.4630521348753675048 ) ) ;
#4042 = AXIS2_PLACEMENT_3D ( 'NONE', #1039, #4181, #2726 ) ;
#4043 = ADVANCED_FACE ( 'NONE', ( #1898 ), #187, .T. ) ;
#4044 = DIRECTION ( 'NONE',  ( 1.000000000000000000, 0.000000000000000000, -2.478176394252581141E-16 ) ) ;
#4045 = ORIENTED_EDGE ( 'NONE', *, *, #1824, .F. ) ;
#4046 = CARTESIAN_POINT ( 'NONE',  ( 3.924342978418289718, -0.4289345277732626305, -0.6067531501576354236 ) ) ;
#4047 = CIRCLE ( 'NONE', #2508, 2.311491301150722322 ) ;
#4048 = VERTEX_POINT ( 'NONE', #4418 ) ;
#4049 = CARTESIAN_POINT ( 'NONE',  ( 0.9206524896622597653, -5.379118453140291578, 1.548567973708066203 ) ) ;
#4050 = CARTESIAN_POINT ( 'NONE',  ( -1.102634949171792611, -0.9558696011316024643, -2.445790413128047902 ) ) ;
#4051 = VECTOR ( 'NONE', #4402, 1000.000000000000000 ) ;
#4052 = CARTESIAN_POINT ( 'NONE',  ( -1.428558229604754537, -0.8164895339169103705, -1.309553180678049378 ) ) ;
#4053 = DIRECTION ( 'NONE',  ( -0.000000000000000000, -1.000000000000000000, -0.000000000000000000 ) ) ;
#4054 = ORIENTED_EDGE ( 'NONE', *, *, #1875, .F. ) ;
#4055 = ORIENTED_EDGE ( 'NONE', *, *, #2177, .T. ) ;
#4056 = ADVANCED_FACE ( 'NONE', ( #278 ), #1988, .T. ) ;
#4057 = CARTESIAN_POINT ( 'NONE',  ( 4.050000000000000711, -0.8500000000000000888, -0.9520815280171303074 ) ) ;
#4058 = ADVANCED_FACE ( 'NONE', ( #2674 ), #3400, .T. ) ;
#4059 = DIRECTION ( 'NONE',  ( 0.000000000000000000, 0.7071067811865474617, 0.7071067811865476838 ) ) ;
#4060 = CARTESIAN_POINT ( 'NONE',  ( -1.905073232867070754, -9.139110713526296337, 1.452383229453367841 ) ) ;
#4061 = CARTESIAN_POINT ( 'NONE',  ( -4.297775180826344688, -0.05290495382226263060, -0.5214768163548574309 ) ) ;
#4062 = CIRCLE ( 'NONE', #3477, 0.5000000000000000000 ) ;
#4063 = ORIENTED_EDGE ( 'NONE', *, *, #1553, .F. ) ;
#4064 = DIRECTION ( 'NONE',  ( 0.000000000000000000, -0.7071067811865474617, 0.7071067811865476838 ) ) ;
#4065 = CARTESIAN_POINT ( 'NONE',  ( -4.376052191228968269, 4.235164736271499288E-19, -0.7379760957509140518 ) ) ;
#4066 = CARTESIAN_POINT ( 'NONE',  ( -0.3000580660511112385, -9.755256546859772726, 1.258825832134089273 ) ) ;
#4067 = CARTESIAN_POINT ( 'NONE',  ( -2.199999999999999734, -0.3551601198071943077, -0.5088562445298272507 ) ) ;
#4068 = DIRECTION ( 'NONE',  ( 0.000000000000000000, 0.000000000000000000, -1.000000000000000000 ) ) ;
#4069 = VERTEX_POINT ( 'NONE', #1503 ) ;
#4070 = CARTESIAN_POINT ( 'NONE',  ( 3.760224748819539720, -0.3499999999999999778, -0.6520815280171322614 ) ) ;
#4071 = ORIENTED_EDGE ( 'NONE', *, *, #3994, .T. ) ;
#4072 = DIRECTION ( 'NONE',  ( -6.195440985631454085E-17, 0.000000000000000000, 1.000000000000000000 ) ) ;
#4073 = CARTESIAN_POINT ( 'NONE',  ( 1.162125228366395646, -0.6869309531405569658, 1.479589789370596264 ) ) ;
#4074 = CARTESIAN_POINT ( 'NONE',  ( -4.297673374878833386, -0.05300237300918651806, 1.121207291563541375 ) ) ;
#4075 = FACE_OUTER_BOUND ( 'NONE', #1082, .T. ) ;
#4076 = CARTESIAN_POINT ( 'NONE',  ( -4.050000000000000711, -0.4060660171779819083, -0.4060660171779817418 ) ) ;
#4077 = ORIENTED_EDGE ( 'NONE', *, *, #1381, .F. ) ;
#4078 = ORIENTED_EDGE ( 'NONE', *, *, #972, .F. ) ;
#4079 = CARTESIAN_POINT ( 'NONE',  ( -0.3500000000000084710, -1.193268229768540634, 1.792835259260796787 ) ) ;
#4080 = B_SPLINE_CURVE_WITH_KNOTS ( 'NONE', 3,
 ( #2667, #1961, #4021, #3040 ),
 .UNSPECIFIED., .F., .F.,
 ( 4, 4 ),
 ( 2.168404344971008868E-19, 0.0004183281114452223372 ),
 .UNSPECIFIED. ) ;
#4081 = DIRECTION ( 'NONE',  ( -1.000000000000000000, 0.000000000000000000, 0.000000000000000000 ) ) ;
#4082 = TOROIDAL_SURFACE ( 'NONE', #1739, 0.7000000000000000666, 0.2000000000000000389 ) ;
#4083 = CARTESIAN_POINT ( 'NONE',  ( 0.000000000000000000, 0.000000000000000000, 1.407106781186548083 ) ) ;
#4084 = AXIS2_PLACEMENT_3D ( 'NONE', #4016, #2549, #896 ) ;
#4085 = CARTESIAN_POINT ( 'NONE',  ( 0.000000000000000000, -0.3300000000000002376, -0.4999999999999989453 ) ) ;
#4086 = CARTESIAN_POINT ( 'NONE',  ( -4.294674486157709303, 0.000000000000000000, -0.7158906902795746374 ) ) ;
#4087 = PRESENTATION_STYLE_ASSIGNMENT (( #4039 ) ) ;
#4088 = CARTESIAN_POINT ( 'NONE',  ( -2.050507316735081353, -1.389891963526101559, -1.318154091096925162 ) ) ;
#4089 = CARTESIAN_POINT ( 'NONE',  ( -2.154126144020168443, -0.8765142864738985073, -0.9834219346078125756 ) ) ;
#4090 = AXIS2_PLACEMENT_3D ( 'NONE', #4445, #1685, #1361 ) ;
#4091 = CARTESIAN_POINT ( 'NONE',  ( 5.000000000000000000, -0.3499999999999999778, 4.500000000000000888 ) ) ;
#4092 = CARTESIAN_POINT ( 'NONE',  ( 4.400000000000000355, 0.000000000000000000, -0.8071067811865471064 ) ) ;
#4093 = ORIENTED_EDGE ( 'NONE', *, *, #1914, .T. ) ;
#4094 =( NAMED_UNIT ( * ) PLANE_ANGLE_UNIT ( ) SI_UNIT ( $, .RADIAN. ) );
#4095 = CARTESIAN_POINT ( 'NONE',  ( -1.852250156145365256, -8.696826786474112225, 0.7755368045013459888 ) ) ;
#4096 =( BOUNDED_CURVE ( )  B_SPLINE_CURVE ( 3, ( #2168, #4295, #2558, #3208 ),
 .UNSPECIFIED., .F., .F. ) 
 B_SPLINE_CURVE_WITH_KNOTS ( ( 4, 4 ),
 ( 1.570796326794896780, 2.331373695957616565 ),
 .UNSPECIFIED. ) 
 CURVE ( )  GEOMETRIC_REPRESENTATION_ITEM ( )  RATIONAL_B_SPLINE_CURVE ( ( 1.000000000000000000, 0.9523716785737834645, 0.9523716785737834645, 1.000000000000000000 ) ) 
 REPRESENTATION_ITEM ( '' )  );
#4097 = CARTESIAN_POINT ( 'NONE',  ( -4.200000000000000178, -0.1928932188134528380, 0.3000000000000007105 ) ) ;
#4098 = ORIENTED_EDGE ( 'NONE', *, *, #4324, .F. ) ;
#4099 = ORIENTED_EDGE ( 'NONE', *, *, #4320, .F. ) ;
#4100 = CYLINDRICAL_SURFACE ( 'NONE', #2329, 0.4999999999999997780 ) ;
#4101 = CARTESIAN_POINT ( 'NONE',  ( 0.3500000000000094702, -1.193268229768540190, -2.792835259260795233 ) ) ;
#4102 = CARTESIAN_POINT ( 'NONE',  ( -4.050000000000000711, -0.3499999999999999223, 1.552081528017131618 ) ) ;
#4103 = FACE_OUTER_BOUND ( 'NONE', #2024, .T. ) ;
#4104 = CARTESIAN_POINT ( 'NONE',  ( -0.8838834764831858815, -0.3722440000456931908, -1.383883476483181774 ) ) ;
#4105 = CARTESIAN_POINT ( 'NONE',  ( 0.8705339010898293095, -8.712548213525987961, 1.035125218974211503 ) ) ;
#4106 = CARTESIAN_POINT ( 'NONE',  ( -1.855659524739669219, -0.8054205364738318274, 0.8512359190116897123 ) ) ;
#4107 = CARTESIAN_POINT ( 'NONE',  ( 0.2693186974585828897, -0.5120279155650506731, 1.067787137876508252 ) ) ;
#4108 = AXIS2_PLACEMENT_3D ( 'NONE', #3029, #2312, #191 ) ;
#4109 = ORIENTED_EDGE ( 'NONE', *, *, #2076, .F. ) ;
#4110 = DIRECTION ( 'NONE',  ( 0.000000000000000000, 0.000000000000000000, 1.000000000000000000 ) ) ;
#4111 = EDGE_LOOP ( 'NONE', ( #679, #678, #835, #3586, #1414, #3242, #2285, #272, #2100, #54, #2301, #3746, #3182, #575, #567, #3152 ) ) ;
#4112 = AXIS2_PLACEMENT_3D ( 'NONE', #2470, #1162, #1451 ) ;
#4113 = CARTESIAN_POINT ( 'NONE',  ( 0.2974508820390672770, -7.085368453140779899, -2.726152448148470686 ) ) ;
#4114 = CARTESIAN_POINT ( 'NONE',  ( -1.391909163515403280, -0.9292896438123683378, -0.8635720671077428134 ) ) ;
#4115 = CARTESIAN_POINT ( 'NONE',  ( -1.567790557470237323, -0.5120279155650503400, -0.2306746671129318027 ) ) ;
#4116 = VECTOR ( 'NONE', #1787, 1000.000000000000000 ) ;
#4117 = VERTEX_POINT ( 'NONE', #1984 ) ;
#4118 = ORIENTED_EDGE ( 'NONE', *, *, #2828, .F. ) ;
#4119 = EDGE_CURVE ( 'NONE', #2380, #3217, #1681, .T. ) ;
#4120 =( BOUNDED_CURVE ( )  B_SPLINE_CURVE ( 3, ( #1532, #854, #2232, #588 ),
 .UNSPECIFIED., .F., .T. ) 
 B_SPLINE_CURVE_WITH_KNOTS ( ( 4, 4 ),
 ( 0.8102189576321763287, 1.570796326794897002 ),
 .UNSPECIFIED. ) 
 CURVE ( )  GEOMETRIC_REPRESENTATION_ITEM ( )  RATIONAL_B_SPLINE_CURVE ( ( 1.000000000000000000, 0.9523716785737832424, 0.9523716785737832424, 1.000000000000000000 ) ) 
 REPRESENTATION_ITEM ( '' )  );
#4121 = CARTESIAN_POINT ( 'NONE',  ( 5.000000000000000000, -0.3499999999999999778, 3.500000000000000888 ) ) ;
#4122 = CARTESIAN_POINT ( 'NONE',  ( -4.050000000000000711, -0.3550252531694164659, 1.057106781186548217 ) ) ;
#4123 = DIRECTION ( 'NONE',  ( 0.000000000000000000, 0.000000000000000000, -1.000000000000000000 ) ) ;
#4124 = CARTESIAN_POINT ( 'NONE',  ( -3.953506468771764482, -0.3973530566017020593, -0.6816010831139497350 ) ) ;
#4125 = DIRECTION ( 'NONE',  ( 0.000000000000000000, -1.000000000000000000, -1.230255323012501829E-16 ) ) ;
#4126 = AXIS2_PLACEMENT_3D ( 'NONE', #4005, #1229, #2583 ) ;
#4127 = EDGE_CURVE ( 'NONE', #2370, #2421, #371, .T. ) ;
#4128 = CARTESIAN_POINT ( 'NONE',  ( 1.051744929130737694, -9.541975296859078526, -1.941296553396264724 ) ) ;
#4129 = CARTESIAN_POINT ( 'NONE',  ( 2.198586663876804348, -7.654118453140291045, -0.9587465869551790032 ) ) ;
#4130 = CIRCLE ( 'NONE', #1506, 0.4999999999999998890 ) ;
#4131 = CARTESIAN_POINT ( 'NONE',  ( -4.207632328796367283, -6.776263578034402713E-17, -0.4415662694693027746 ) ) ;
#4132 = CARTESIAN_POINT ( 'NONE',  ( 4.400000000000000355, 0.000000000000000000, -0.8071067811865471064 ) ) ;
#4133 = CIRCLE ( 'NONE', #2009, 0.5000000000000004441 ) ;
#4134 = ORIENTED_EDGE ( 'NONE', *, *, #3356, .T. ) ;
#4135 = CARTESIAN_POINT ( 'NONE',  ( 4.400000000000000355, -0.1464466094067262969, -0.4535533905932733201 ) ) ;
#4136 = CARTESIAN_POINT ( 'NONE',  ( -2.000249720150769406, -1.191619930283422280, -0.03913276756652235566 ) ) ;
#4137 = ADVANCED_FACE ( 'NONE', ( #902 ), #4082, .T. ) ;
#4138 = EDGE_LOOP ( 'NONE', ( #3048, #3224, #2354 ) ) ;
#4139 = EDGE_CURVE ( 'NONE', #2216, #2694, #1778, .T. ) ;
#4140 = CARTESIAN_POINT ( 'NONE',  ( -1.293914683265064980, -7.290673213526038587, -2.922226960891606051 ) ) ;
#4141 = DIRECTION ( 'NONE',  ( -0.3543371188111937853, 0.000000000000000000, 0.9351177499291637440 ) ) ;
#4142 = CARTESIAN_POINT ( 'NONE',  ( 0.000000000000000000, -1.193268229768540412, -0.4999999999999990563 ) ) ;
#4143 = PLANE ( 'NONE',  #1347 ) ;
#4144 = CARTESIAN_POINT ( 'NONE',  ( -3.953507185158669834, -0.3973522930535209885, 1.281602949733084307 ) ) ;
#4145 = CARTESIAN_POINT ( 'NONE',  ( 0.000000000000000000, -0.3334786804920450987, -0.4999999999999989453 ) ) ;
#4146 = CARTESIAN_POINT ( 'NONE',  ( -2.176855803365021380, -1.318798213526081398, 0.2284295380759708283 ) ) ;
#4147 = CARTESIAN_POINT ( 'NONE',  ( 2.293857719208657553, -9.123389286472900039, -0.5867614235397401456 ) ) ;
#4148 = PRESENTATION_LAYER_ASSIGNMENT (  '', '', ( #2832 ) ) ;
#4149 = ADVANCED_FACE ( 'NONE', ( #2279 ), #2626, .T. ) ;
#4150 = CARTESIAN_POINT ( 'NONE',  ( 0.3735930791479606383, -0.9526598926696986380, 1.674800449485784659 ) ) ;
#4151 = B_SPLINE_CURVE_WITH_KNOTS ( 'NONE', 3,
 ( #3407, #2407, #2360, #4124, #3798, #3738 ),
 .UNSPECIFIED., .F., .F.,
 ( 4, 2, 4 ),
 ( -4.593609616374921023E-06, 0.0002151914623695767555, 0.0004349765343555284710 ),
 .UNSPECIFIED. ) ;
#4152 = SURFACE_STYLE_FILL_AREA ( #3783 ) ;
#4153 = VERTEX_POINT ( 'NONE', #1937 ) ;
#4154 = ORIENTED_EDGE ( 'NONE', *, *, #633, .F. ) ;
#4155 = CARTESIAN_POINT ( 'NONE',  ( -0.3500000000000094702, -1.193268229768556843, -2.792835259260795233 ) ) ;
#4156 = DIRECTION ( 'NONE',  ( 0.000000000000000000, 0.000000000000000000, -1.000000000000000000 ) ) ;
#4157 = CARTESIAN_POINT ( 'NONE',  ( -4.278421184025603452, -0.07393443046595879475, 1.072839608923686461 ) ) ;
#4158 = EDGE_CURVE ( 'NONE', #2512, #1233, #4018, .T. ) ;
#4159 = EDGE_LOOP ( 'NONE', ( #3453 ) ) ;
#4160 = ORIENTED_EDGE ( 'NONE', *, *, #3835, .T. ) ;
#4161 = CARTESIAN_POINT ( 'NONE',  ( 1.422732894526223646, -0.6869309531406909697, 1.919449330996976011 ) ) ;
#4162 = CARTESIAN_POINT ( 'NONE',  ( -0.8838834764831858815, -0.3722440000456931908, -1.383883476483181774 ) ) ;
#4163 = CARTESIAN_POINT ( 'NONE',  ( 5.000000000000000000, -0.3499999999999999778, -3.499999999999999556 ) ) ;
#4164 = CARTESIAN_POINT ( 'NONE',  ( -4.000000000000000888, -0.2000000000000000389, -0.1171572875253803769 ) ) ;
#4165 = CARTESIAN_POINT ( 'NONE',  ( 5.000000000000000000, -0.5464466094067266244, -0.05355339059327286072 ) ) ;
#4166 = CARTESIAN_POINT ( 'NONE',  ( 0.2795184862911726520, -7.575048213526391905, -2.728475076245062247 ) ) ;
#4167 = CARTESIAN_POINT ( 'NONE',  ( -1.697159437664057746, -0.8291184531403358315, 0.05059331083230763498 ) ) ;
#4168 = CARTESIAN_POINT ( 'NONE',  ( -0.2954473774711512402, -0.8164895339169104815, 1.219890236695692742 ) ) ;
#4169 = SURFACE_SIDE_STYLE ('',( #2776 ) ) ;
#4170 = ORIENTED_EDGE ( 'NONE', *, *, #4458, .T. ) ;
#4171 = EDGE_LOOP ( 'NONE', ( #4436, #3303, #3402, #2754 ) ) ;
#4172 = EDGE_CURVE ( 'NONE', #2353, #2415, #1272, .T. ) ;
#4173 = DIRECTION ( 'NONE',  ( 0.000000000000000000, 0.000000000000000000, 1.000000000000000000 ) ) ;
#4174 = DIRECTION ( 'NONE',  ( -1.000000000000000000, 0.000000000000000000, 0.000000000000000000 ) ) ;
#4175 = VECTOR ( 'NONE', #1140, 1000.000000000000000 ) ;
#4176 = EDGE_LOOP ( 'NONE', ( #326, #2681, #1113, #1657 ) ) ;
#4177 = VERTEX_POINT ( 'NONE', #230 ) ;
#4178 = CARTESIAN_POINT ( 'NONE',  ( -2.455751715698732074, -7.006298213526526375, -1.729098111822269690 ) ) ;
#4179 = CARTESIAN_POINT ( 'NONE',  ( 0.5695213479893936892, -1.810000000000000275, -1.503002347750765022 ) ) ;
#4180 = MANIFOLD_SOLID_BREP ( 'Body-Move/Copy1[3]', #2342 ) ;
#4181 = DIRECTION ( 'NONE',  ( -1.000000000000000000, -0.000000000000000000, 0.000000000000000000 ) ) ;
#4182 = EDGE_CURVE ( 'NONE', #2174, #3524, #2041, .T. ) ;
#4183 = VECTOR ( 'NONE', #1687, 1000.000000000000000 ) ;
#4184 = ADVANCED_FACE ( 'NONE', ( #611 ), #251, .F. ) ;
#4185 = CARTESIAN_POINT ( 'NONE',  ( -4.219289518875061873, -0.1291329380078872213, -0.3297584735017189961 ) ) ;
#4186 = CARTESIAN_POINT ( 'NONE',  ( 1.500000000000000222, 0.000000000000000000, 10.00000000000000000 ) ) ;
#4187 = CARTESIAN_POINT ( 'NONE',  ( -0.7257184977935288162, -0.3334786804920452652, 0.8012907170400985768 ) ) ;
#4188 = CARTESIAN_POINT ( 'NONE',  ( 0.05680624075291745151, -6.058381546859463285, 1.745218207799468901 ) ) ;
#4189 = CARTESIAN_POINT ( 'NONE',  ( 1.231255329043417612, -1.587451786473702553, -1.737549948110522546 ) ) ;
#4190 = CARTESIAN_POINT ( 'NONE',  ( 0.000000000000000000, -0.3334786804920450987, -0.4999999999999989453 ) ) ;
#4191 = EDGE_CURVE ( 'NONE', #1324, #188, #4341, .T. ) ;
#4192 = CARTESIAN_POINT ( 'NONE',  ( 4.002016966698891842, -0.3604516312882652951, 1.413900969333456548 ) ) ;
#4193 = CIRCLE ( 'NONE', #3175, 0.5000000000000004441 ) ;
#4194 = ORIENTED_EDGE ( 'NONE', *, *, #4498, .F. ) ;
#4195 = ORIENTED_EDGE ( 'NONE', *, *, #1724, .F. ) ;
#4196 = MANIFOLD_SOLID_BREP ( 'Body-Move/Copy1[2]', #1758 ) ;
#4197 = SURFACE_STYLE_FILL_AREA ( #2800 ) ;
#4198 = CARTESIAN_POINT ( 'NONE',  ( -3.970116040682805103, -0.3500000000000000333, -0.8286732222004075110 ) ) ;
#4199 = DIRECTION ( 'NONE',  ( -1.239088197126291063E-16, 0.000000000000000000, -1.000000000000000000 ) ) ;
#4200 = ORIENTED_EDGE ( 'NONE', *, *, #2087, .T. ) ;
#4201 = AXIS2_PLACEMENT_3D ( 'NONE', #1934, #1268, #249 ) ;
#4202 = CARTESIAN_POINT ( 'NONE',  ( -0.2164852346972971908, -6.990576786474229642, -3.237614436109964355 ) ) ;
#4203 = CARTESIAN_POINT ( 'NONE',  ( -0.8865751137630493162, -0.4517721959582016167, -1.382863554661887484 ) ) ;
#4204 = CARTESIAN_POINT ( 'NONE',  ( 4.050000000000000711, -0.8499999999999999778, 1.552081528017131618 ) ) ;
#4205 = EDGE_LOOP ( 'NONE', ( #1500, #149, #957, #1632, #1624 ) ) ;
#4206 = DIRECTION ( 'NONE',  ( 0.000000000000000000, 0.7071067811865485719, -0.7071067811865463515 ) ) ;
#4207 = ORIENTED_EDGE ( 'NONE', *, *, #4385, .F. ) ;
#4208 = CARTESIAN_POINT ( 'NONE',  ( 4.220122051941624264, -0.1285142747134681018, -0.3316144635905086679 ) ) ;
#4209 = DIRECTION ( 'NONE',  ( 0.000000000000000000, -1.091497166287048166E-16, 1.000000000000000000 ) ) ;
#4210 = ORIENTED_EDGE ( 'NONE', *, *, #1371, .F. ) ;
#4211 = MANIFOLD_SOLID_BREP ( 'Body-Move/Copy1[1]', #977 ) ;
#4212 = CARTESIAN_POINT ( 'NONE',  ( -1.791917700868670194, -3.593798213526148366, 0.8539803185186384260 ) ) ;
#4213 = CARTESIAN_POINT ( 'NONE',  ( 1.759471770016771908, -0.5921392864736721995, -0.7962469262270012171 ) ) ;
#4214 = LINE ( 'NONE', #57, #1180 ) ;
#4215 = CARTESIAN_POINT ( 'NONE',  ( 0.8838834764832189661, -0.3300000000000003486, 0.3838834764831511315 ) ) ;
#4216 = CARTESIAN_POINT ( 'NONE',  ( -4.050000000000000711, -0.7939339828220181028, -0.3010407640085644987 ) ) ;
#4217 = ORIENTED_EDGE ( 'NONE', *, *, #1919, .T. ) ;
#4218 = ORIENTED_EDGE ( 'NONE', *, *, #1572, .T. ) ;
#4219 = CARTESIAN_POINT ( 'NONE',  ( -0.5701776671924781992, -1.147292387121969792, -2.211772667172087203 ) ) ;
#4220 = CARTESIAN_POINT ( 'NONE',  ( 1.749152604172923287, -0.9063119614608471375, 0.05601356948607134900 ) ) ;
#4221 = CIRCLE ( 'NONE', #1387, 0.9999999999999995559 ) ;
#4222 = CARTESIAN_POINT ( 'NONE',  ( -0.8838834764831866586, -0.3722440000456402887, 0.3838834764831835500 ) ) ;
#4223 = VERTEX_POINT ( 'NONE', #4135 ) ;
#4224 = EDGE_LOOP ( 'NONE', ( #2378, #901, #2205, #1476 ) ) ;
#4225 = CARTESIAN_POINT ( 'NONE',  ( 1.933194996322497472, -1.587451786473970561, -2.450424508622441433 ) ) ;
#4226 = FACE_OUTER_BOUND ( 'NONE', #4241, .T. ) ;
#4227 = CIRCLE ( 'NONE', #2841, 0.2000000000000000666 ) ;
#4228 = CYLINDRICAL_SURFACE ( 'NONE', #2944, 0.5000000000000000000 ) ;
#4229 = ORIENTED_EDGE ( 'NONE', *, *, #3977, .T. ) ;
#4230 = EDGE_CURVE ( 'NONE', #448, #1316, #1247, .T. ) ;
#4231 = CYLINDRICAL_SURFACE ( 'NONE', #1922, 0.2000000000000000944 ) ;
#4232 = CARTESIAN_POINT ( 'NONE',  ( 4.200000000000000178, -0.1999999999999997613, -0.1171572875253812512 ) ) ;
#4233 =( BOUNDED_CURVE ( )  B_SPLINE_CURVE ( 3, ( #1508, #4040, #2640, #3653 ),
 .UNSPECIFIED., .F., .T. ) 
 B_SPLINE_CURVE_WITH_KNOTS ( ( 4, 4 ),
 ( 0.8102189576321774389, 1.570796326794897668 ),
 .UNSPECIFIED. ) 
 CURVE ( )  GEOMETRIC_REPRESENTATION_ITEM ( )  RATIONAL_B_SPLINE_CURVE ( ( 1.000000000000000000, 0.9523716785737833534, 0.9523716785737833534, 1.000000000000000000 ) ) 
 REPRESENTATION_ITEM ( '' )  );
#4234 = DIRECTION ( 'NONE',  ( 0.000000000000000000, -0.7071067811865474617, -0.7071067811865476838 ) ) ;
#4235 = ORIENTED_EDGE ( 'NONE', *, *, #924, .F. ) ;
#4236 = CARTESIAN_POINT ( 'NONE',  ( 1.944308234289676252, -5.584423213526148011, 0.6242318442805545597 ) ) ;
#4237 = CARTESIAN_POINT ( 'NONE',  ( 1.384089462908481893, -2.250993453140626599, 0.5638683743921241165 ) ) ;
#4238 = CARTESIAN_POINT ( 'NONE',  ( -4.220122051941607388, -0.1285142747134385144, 0.9316144635905141413 ) ) ;
#4239 = CARTESIAN_POINT ( 'NONE',  ( 0.000000000000000000, -0.9533984102466801502, -0.4999999999999990563 ) ) ;
#4240 = ORIENTED_EDGE ( 'NONE', *, *, #3505, .F. ) ;
#4241 = EDGE_LOOP ( 'NONE', ( #2869, #1646, #4480, #3925 ) ) ;
#4242 = CARTESIAN_POINT ( 'NONE',  ( -3.650000000140745993, -0.3499999999999999778, 1.006178847835352386 ) ) ;
#4243 = DIRECTION ( 'NONE',  ( -0.000000000000000000, 1.000000000000000000, -0.000000000000000000 ) ) ;
#4244 = FACE_OUTER_BOUND ( 'NONE', #75, .T. ) ;
#4245 = LINE ( 'NONE', #2578, #706 ) ;
#4246 = ORIENTED_EDGE ( 'NONE', *, *, #165, .F. ) ;
#4247 = AXIS2_PLACEMENT_3D ( 'NONE', #4249, #2856, #140 ) ;
#4248 = CARTESIAN_POINT ( 'NONE',  ( -1.810829279151372706, -3.009326786474229909, 1.564532871961873850 ) ) ;
#4249 = CARTESIAN_POINT ( 'NONE',  ( 4.050000000000000711, -0.1928932188134528380, 0.3000000000000007105 ) ) ;
#4250 = DIRECTION ( 'NONE',  ( -1.000000000000000000, 0.000000000000000000, 0.000000000000000000 ) ) ;
#4251 = EDGE_CURVE ( 'NONE', #182, #1101, #2981, .T. ) ;
#4252 = DIRECTION ( 'NONE',  ( -0.000000000000000000, 0.7071067811865474617, 0.7071067811865476838 ) ) ;
#4253 = CARTESIAN_POINT ( 'NONE',  ( 5.000000000000000000, 0.000000000000000000, -3.499999999999999556 ) ) ;
#4254 = AXIS2_PLACEMENT_3D ( 'NONE', #1741, #3187, #724 ) ;
#4255 = CARTESIAN_POINT ( 'NONE',  ( 2.143696036909439773, -5.205256546859708067, -1.169924660660832894 ) ) ;
#4256 = CARTESIAN_POINT ( 'NONE',  ( -1.686363049819135318, -6.421826786473962656, -0.9513305037014699872 ) ) ;
#4257 = DIRECTION ( 'NONE',  ( 0.9351177499291636330, 0.000000000000000000, -0.3543371188111938963 ) ) ;
#4258 = VECTOR ( 'NONE', #3637, 1000.000000000000000 ) ;
#4259 =( BOUNDED_CURVE ( )  B_SPLINE_CURVE ( 3, ( #1620, #3005, #1543, #4325 ),
 .UNSPECIFIED., .F., .F. ) 
 B_SPLINE_CURVE_WITH_KNOTS ( ( 4, 4 ),
 ( 3.951811611221967446, 4.712388980384689674 ),
 .UNSPECIFIED. ) 
 CURVE ( )  GEOMETRIC_REPRESENTATION_ITEM ( )  RATIONAL_B_SPLINE_CURVE ( ( 1.000000000000000000, 0.9523716785737832424, 0.9523716785737832424, 1.000000000000000000 ) ) 
 REPRESENTATION_ITEM ( '' )  );
#4260 = EDGE_CURVE ( 'NONE', #2321, #1278, #40, .T. ) ;
#4261 = B_SPLINE_CURVE_WITH_KNOTS ( 'NONE', 3,
 ( #2806, #4203, #2381, #3180, #366, #1084, #3113, #3857, #72, #702, #2119, #4 ),
 .UNSPECIFIED., .F., .F.,
 ( 4, 2, 2, 2, 2, 4 ),
 ( 0.000000000000000000, 0.0002348678385268733839, 0.0004697356770537467678, 0.0009394713541074935356, 0.001409207031161240249, 0.001878942708214986204 ),
 .UNSPECIFIED. ) ;
#4262 = EDGE_LOOP ( 'NONE', ( #304, #1638, #3860, #1380, #595 ) ) ;
#4263 = EDGE_LOOP ( 'NONE', ( #2783, #589, #1586 ) ) ;
#4264 = MANIFOLD_SOLID_BREP ( 'Fillet10', #32 ) ;
#4265 = CARTESIAN_POINT ( 'NONE',  ( 0.5166291200291582841, -0.9281492526989314484, 1.353090621958594308 ) ) ;
#4266 = CARTESIAN_POINT ( 'NONE',  ( 5.000000000000000000, -0.3499999999999999223, 1.552081528017131618 ) ) ;
#4267 = CARTESIAN_POINT ( 'NONE',  ( 1.545439278308325726, -0.8239152461752244916, 0.1332051241921767271 ) ) ;
#4268 = CARTESIAN_POINT ( 'NONE',  ( 4.000000000000000000, 0.000000000000000000, 0.7171572875253812152 ) ) ;
#4269 = VERTEX_POINT ( 'NONE', #2572 ) ;
#4270 = CARTESIAN_POINT ( 'NONE',  ( 1.324830111047230252, -5.015673213525770890, -1.636813413110736803 ) ) ;
#4271 = ORIENTED_EDGE ( 'NONE', *, *, #1262, .F. ) ;
#4272 = CARTESIAN_POINT ( 'NONE',  ( -2.447605486929801621, -6.516618453140915257, -1.745241357325489462 ) ) ;
#4273 = VECTOR ( 'NONE', #3794, 1000.000000000000000 ) ;
#4274 = LINE ( 'NONE', #3951, #3685 ) ;
#4275 = DIRECTION ( 'NONE',  ( 0.000000000000000000, -9.349008135309622112E-17, 1.000000000000000000 ) ) ;
#4276 = CARTESIAN_POINT ( 'NONE',  ( -4.200000000000000178, -0.1999999999999999833, -0.1171572875253804463 ) ) ;
#4277 = CARTESIAN_POINT ( 'NONE',  ( -3.850000000000000977, -0.3499999999999999778, -0.2621320343559634392 ) ) ;
#4278 = ORIENTED_EDGE ( 'NONE', *, *, #3233, .F. ) ;
#4279 = CARTESIAN_POINT ( 'NONE',  ( -2.666649273777710327, -3.783381546859597488, 0.1560337707025618581 ) ) ;
#4280 = CARTESIAN_POINT ( 'NONE',  ( 1.336534044134524590, -4.525993453140157996, -1.623029967648081939 ) ) ;
#4281 = CARTESIAN_POINT ( 'NONE',  ( -4.167879776963422600, -1.070676146223766094E-14, 0.9449121243621655397 ) ) ;
#4282 = CARTESIAN_POINT ( 'NONE',  ( -0.8777406153115849818, -0.9292896438123680047, -1.377740615311562999 ) ) ;
#4283 = ORIENTED_EDGE ( 'NONE', *, *, #3690, .F. ) ;
#4284 = DIRECTION ( 'NONE',  ( 0.000000000000000000, 0.000000000000000000, 1.000000000000000000 ) ) ;
#4285 = DIRECTION ( 'NONE',  ( 0.000000000000000000, 0.000000000000000000, -1.000000000000000000 ) ) ;
#4286 = CARTESIAN_POINT ( 'NONE',  ( -1.447958480004257309, -0.7626227362940855015, 0.1701427881514616658 ) ) ;
#4287 = CARTESIAN_POINT ( 'NONE',  ( 3.850000000000000533, -0.4060660171779819638, -0.4060660171779818528 ) ) ;
#4288 = DIRECTION ( 'NONE',  ( 0.000000000000000000, 0.000000000000000000, 1.000000000000000000 ) ) ;
#4289 = CARTESIAN_POINT ( 'NONE',  ( 0.8311611501372478950, -0.3308857761192651181, 0.5230209830166597795 ) ) ;
#4290 = STYLED_ITEM ( 'NONE', ( #3454 ), #4196 ) ;
#4291 = ORIENTED_EDGE ( 'NONE', *, *, #4127, .F. ) ;
#4292 = CARTESIAN_POINT ( 'NONE',  ( 1.756308887108255945, -1.081819046859327393, -0.8144554719654217845 ) ) ;
#4293 = CARTESIAN_POINT ( 'NONE',  ( -2.573482254678764125, -6.137451786474230175, 0.4584298318045898490 ) ) ;
#4294 = COLOUR_RGB ( '',0.7921568627450980005, 0.8196078431372548767, 0.9333333333333333481 ) ;
#4295 = CARTESIAN_POINT ( 'NONE',  ( 4.000000000000000000, 0.000000000000000000, -0.2641418837032002420 ) ) ;
#4296 = DIRECTION ( 'NONE',  ( -1.000000000000000000, -0.000000000000000000, -0.000000000000000000 ) ) ;
#4297 = AXIS2_PLACEMENT_3D ( 'NONE', #2921, #3874, #761 ) ;
#4298 = CARTESIAN_POINT ( 'NONE',  ( -0.8838834764831866586, -0.3440813333485467362, 0.3838834764831834945 ) ) ;
#4299 = CARTESIAN_POINT ( 'NONE',  ( 4.050000000000000711, 0.9611929501720513080, 2.373324984528016213 ) ) ;
#4300 = ORIENTED_EDGE ( 'NONE', *, *, #356, .F. ) ;
#4301 = B_SPLINE_CURVE_WITH_KNOTS ( 'NONE', 3,
 ( #490, #2198, #2638, #895, #1881, #4307, #3313, #3943, #2249, #559, #174, #3605 ),
 .UNSPECIFIED., .F., .F.,
 ( 4, 2, 2, 2, 2, 4 ),
 ( 0.000000000000000000, 0.0004671597923954236135, 0.0009343195847908470101, 0.001401479377186270678, 0.001635059273383982024, 0.001868639169581693587 ),
 .UNSPECIFIED. ) ;
#4302 = CARTESIAN_POINT ( 'NONE',  ( 2.376343713493815457, -5.584423213526404695, 0.8763681240778923298 ) ) ;
#4303 = CARTESIAN_POINT ( 'NONE',  ( 1.783039113867733727, -9.123389286472416870, -0.5653809544464499792 ) ) ;
#4304 = CARTESIAN_POINT ( 'NONE',  ( 3.850000000000000533, 0.000000000000000000, 0.000000000000000000 ) ) ;
#4305 = DIRECTION ( 'NONE',  ( 0.000000000000000000, 0.000000000000000000, -1.000000000000000000 ) ) ;
#4306 = EDGE_LOOP ( 'NONE', ( #363, #1484, #4154, #2601 ) ) ;
#4307 = CARTESIAN_POINT ( 'NONE',  ( 0.7268519378824883637, -0.9856823329234898345, 0.7982994979738520236 ) ) ;
#4308 = CARTESIAN_POINT ( 'NONE',  ( -1.199577260580146909, -9.700000000000001066, -2.344183937653461225 ) ) ;
#4309 = EDGE_CURVE ( 'NONE', #3204, #3604, #3126, .T. ) ;
#4310 = DIRECTION ( 'NONE',  ( -0.000000000000000000, -0.000000000000000000, -1.000000000000000000 ) ) ;
#4311 = ADVANCED_FACE ( 'NONE', ( #2895 ), #2943, .T. ) ;
#4312 = CARTESIAN_POINT ( 'NONE',  ( 4.002018369415369037, -0.3604507828663502944, -0.8139048820267011930 ) ) ;
#4313 = CYLINDRICAL_SURFACE ( 'NONE', #3255, 1.000000000000000000 ) ;
#4314 = EDGE_CURVE ( 'NONE', #319, #634, #829, .T. ) ;
#4315 = ORIENTED_EDGE ( 'NONE', *, *, #620, .T. ) ;
#4316 = CARTESIAN_POINT ( 'NONE',  ( -1.432632796933047681, -1.295100296859309275, 0.5635160647287297264 ) ) ;
#4317 = CARTESIAN_POINT ( 'NONE',  ( -0.2345585270131212430, -2.724951786473923221, 1.733654863004944424 ) ) ;
#4318 = CARTESIAN_POINT ( 'NONE',  ( 1.162156809793519097, -0.3320894408102814666, -1.278439460288814722 ) ) ;
#4319 = DIRECTION ( 'NONE',  ( 0.000000000000000000, 0.000000000000000000, -1.000000000000000000 ) ) ;
#4320 = EDGE_CURVE ( 'NONE', #3090, #1469, #2542, .T. ) ;
#4321 = DIRECTION ( 'NONE',  ( 0.5582457433391977419, 0.000000000000000000, -0.8296756535198962501 ) ) ;
#4322 = EDGE_LOOP ( 'NONE', ( #717, #2947, #4271, #1492, #3073, #1014 ) ) ;
#4323 = CARTESIAN_POINT ( 'NONE',  ( -0.8838834764831866586, -0.3722440000456402887, 0.3838834764831835500 ) ) ;
#4324 = EDGE_CURVE ( 'NONE', #652, #655, #2908, .T. ) ;
#4325 = CARTESIAN_POINT ( 'NONE',  ( -3.650000000000000355, -0.3499999999999999778, 0.8621320343559647492 ) ) ;
#4326 = CIRCLE ( 'NONE', #1486, 1.250000000000000000 ) ;
#4327 = EDGE_CURVE ( 'NONE', #3750, #1324, #4396, .T. ) ;
#4328 = CARTESIAN_POINT ( 'NONE',  ( 0.09986612169800572480, -4.636506546859473943, -3.244344259632680139 ) ) ;
#4329 = CARTESIAN_POINT ( 'NONE',  ( 0.5147927916384243963, -2.535368453140331990, 1.168085112049889629 ) ) ;
#4330 = CARTESIAN_POINT ( 'NONE',  ( 1.129799452363537293, -1.217045720401881859, -1.629799452363554613 ) ) ;
#4331 = FACE_OUTER_BOUND ( 'NONE', #853, .T. ) ;
#4332 = EDGE_LOOP ( 'NONE', ( #3677, #2652, #3837, #3518 ) ) ;
#4333 = CARTESIAN_POINT ( 'NONE',  ( 0.3532173612614539215, -0.9533984102466799282, -2.784344442285127563 ) ) ;
#4334 = CARTESIAN_POINT ( 'NONE',  ( -1.742783537983268571, -9.431462203141487421, -1.993993433412146299 ) ) ;
#4335 =( NAMED_UNIT ( * ) PLANE_ANGLE_UNIT ( ) SI_UNIT ( $, .RADIAN. ) );
#4336 = ADVANCED_FACE ( 'NONE', ( #2872 ), #834, .F. ) ;
#4337 = FACE_OUTER_BOUND ( 'NONE', #3150, .T. ) ;
#4338 = CARTESIAN_POINT ( 'NONE',  ( 1.924077958337574445, -0.9126490637092384839, -0.1694692832784361336 ) ) ;
#4339 = EDGE_LOOP ( 'NONE', ( #318, #3169, #4407, #115 ) ) ;
#4340 = CARTESIAN_POINT ( 'NONE',  ( 4.200000000000000178, -2.407412430484044816E-32, 0.7171572875253812152 ) ) ;
#4341 = B_SPLINE_CURVE_WITH_KNOTS ( 'NONE', 3,
 ( #1678, #3066, #2025, #3435 ),
 .UNSPECIFIED., .F., .F.,
 ( 4, 4 ),
 ( 2.128409395616282827E-05, 0.0004676662902130383249 ),
 .UNSPECIFIED. ) ;
#4342 = ORIENTED_EDGE ( 'NONE', *, *, #2870, .T. ) ;
#4343 = CARTESIAN_POINT ( 'NONE',  ( -0.5568117289613421228, -1.603173213526025265, -2.138404497454795994 ) ) ;
#4344 = CARTESIAN_POINT ( 'NONE',  ( -0.4954384966665954515, -9.265576786474776227, 2.262687939389101732 ) ) ;
#4345 = CARTESIAN_POINT ( 'NONE',  ( -4.400000000000000355, 0.000000000000000000, 1.407106781186548083 ) ) ;
#4346 = CARTESIAN_POINT ( 'NONE',  ( -3.850000000000000533, -0.7060660171779824523, 0.7060660171779822303 ) ) ;
#4347 = CIRCLE ( 'NONE', #3548, 0.2449999999999999956 ) ;
#4348 = EDGE_CURVE ( 'NONE', #2111, #2668, #450, .T. ) ;
#4349 = CARTESIAN_POINT ( 'NONE',  ( 5.000000000000000000, 0.000000000000000000, -4.499999999999999112 ) ) ;
#4350 = ORIENTED_EDGE ( 'NONE', *, *, #620, .F. ) ;
#4351 = DIRECTION ( 'NONE',  ( 0.000000000000000000, 0.000000000000000000, 1.000000000000000000 ) ) ;
#4352 = VECTOR ( 'NONE', #431, 1000.000000000000000 ) ;
#4353 = LINE ( 'NONE', #4009, #554 ) ;
#4354 = EDGE_CURVE ( 'NONE', #3936, #745, #2704, .T. ) ;
#4355 = VECTOR ( 'NONE', #1844, 1000.000000000000000 ) ;
#4356 = CARTESIAN_POINT ( 'NONE',  ( 2.087443231544272582, -5.015673213526039120, -2.284370873086858822 ) ) ;
#4357 = CARTESIAN_POINT ( 'NONE',  ( 3.760224748819538831, -0.3499999999999999778, 1.252081528017132017 ) ) ;
#4358 = CARTESIAN_POINT ( 'NONE',  ( -1.301290717040100242, -0.3334786804920450431, -1.225718497793522710 ) ) ;
#4359 = FACE_OUTER_BOUND ( 'NONE', #2315, .T. ) ;
#4360 = DIRECTION ( 'NONE',  ( 0.000000000000000000, -0.7071067811865475727, -0.7071067811865475727 ) ) ;
#4361 = CARTESIAN_POINT ( 'NONE',  ( 2.149020124139770616, -4.715576786474096060, -1.152644049742777899 ) ) ;
#4362 = CARTESIAN_POINT ( 'NONE',  ( 2.421148995975114016, -0.9533984102466799282, -0.9159208359835804281 ) ) ;
#4363 = VERTEX_POINT ( 'NONE', #2920 ) ;
#4364 = CARTESIAN_POINT ( 'NONE',  ( 3.947673374878836849, -0.4030023730091871759, -0.6661820383941241541 ) ) ;
#4365 = VERTEX_POINT ( 'NONE', #1195 ) ;
#4366 = DIRECTION ( 'NONE',  ( 0.000000000000000000, 0.000000000000000000, -1.000000000000000000 ) ) ;
#4367 = CARTESIAN_POINT ( 'NONE',  ( -1.325804601654519077, -9.289274703140922185, 1.973892906464847607 ) ) ;
#4368 = CARTESIAN_POINT ( 'NONE',  ( 0.2679464039125873387, -0.3899568211400265549, -2.059798594225043189 ) ) ;
#4369 = DIRECTION ( 'NONE',  ( 0.000000000000000000, 0.9993464497665540680, -0.03614793685653611838 ) ) ;
#4370 = LINE ( 'NONE', #2651, #3061 ) ;
#4371 = ORIENTED_EDGE ( 'NONE', *, *, #2362, .T. ) ;
#4372 = AXIS2_PLACEMENT_3D ( 'NONE', #1299, #3024, #615 ) ;
#4373 = CARTESIAN_POINT ( 'NONE',  ( -4.050000000000000711, -0.1928932188134528380, 0.3000000000000007105 ) ) ;
#4374 = DIRECTION ( 'NONE',  ( -0.000000000000000000, -0.7071067811865474617, 0.7071067811865476838 ) ) ;
#4375 = ADVANCED_FACE ( 'NONE', ( #4017, #1628 ), #2094, .T. ) ;
#4376 = CARTESIAN_POINT ( 'NONE',  ( -2.506470270503811548, -1.389891963526235896, -1.502214829306120603 ) ) ;
#4377 = DIRECTION ( 'NONE',  ( 1.000000000000000000, -0.000000000000000000, 0.000000000000000000 ) ) ;
#4378 = AXIS2_PLACEMENT_3D ( 'NONE', #4057, #1258, #2611 ) ;
#4379 = CARTESIAN_POINT ( 'NONE',  ( 4.294569392839299837, 0.000000000000000000, 1.315785038666649420 ) ) ;
#4380 = DIRECTION ( 'NONE',  ( 0.000000000000000000, 1.000000000000000000, 0.000000000000000000 ) ) ;
#4381 = FACE_OUTER_BOUND ( 'NONE', #3372, .T. ) ;
#4382 = CARTESIAN_POINT ( 'NONE',  ( 2.270888494379373679, -0.6158372031405696667, -0.1647743645241035171 ) ) ;
#4383 = CARTESIAN_POINT ( 'NONE',  ( 1.302219856997912206, -0.5120279155650502290, -1.237958177222113099 ) ) ;
#4384 = DIRECTION ( 'NONE',  ( -1.239088197126291063E-16, -0.000000000000000000, -1.000000000000000000 ) ) ;
#4385 = EDGE_CURVE ( 'NONE', #1400, #1357, #4221, .T. ) ;
#4386 = ORIENTED_EDGE ( 'NONE', *, *, #289, .T. ) ;
#4387 = CARTESIAN_POINT ( 'NONE',  ( 3.850000000000000533, -0.5500000000000001554, -0.2621320343559637167 ) ) ;
#4388 = EDGE_CURVE ( 'NONE', #3297, #319, #4233, .T. ) ;
#4389 = CARTESIAN_POINT ( 'NONE',  ( 1.329300663811752381, -5.284326786473852344, 1.310301492793683131 ) ) ;
#4390 = CARTESIAN_POINT ( 'NONE',  ( -4.148896347995629341, 0.000000000000000000, 1.164581147839427677 ) ) ;
#4391 = CARTESIAN_POINT ( 'NONE',  ( 0.8838834764831866586, -0.3581626666971200468, -1.383883476483181107 ) ) ;
#4392 = ORIENTED_EDGE ( 'NONE', *, *, #3241, .F. ) ;
#4393 = ORIENTED_EDGE ( 'NONE', *, *, #2037, .F. ) ;
#4394 = CARTESIAN_POINT ( 'NONE',  ( -4.500000000000000888, -0.5464466094067266244, -0.05355339059327286072 ) ) ;
#4395 = CARTESIAN_POINT ( 'NONE',  ( 2.292835259260797454, -1.193268229768545963, -0.8499999999999980904 ) ) ;
#4396 = B_SPLINE_CURVE_WITH_KNOTS ( 'NONE', 3,
 ( #1884, #2200, #3993, #2528, #873, #2226, #4286, #3292, #152, #2251 ),
 .UNSPECIFIED., .F., .F.,
 ( 4, 2, 2, 2, 4 ),
 ( 0.000000000000000000, 0.0003435790352819005546, 0.0006871580705638005672, 0.001030737105845700580, 0.001374316141127600484 ),
 .UNSPECIFIED. ) ;
#4397 = ADVANCED_FACE ( 'NONE', ( #4381 ), #2248, .F. ) ;
#4398 = CARTESIAN_POINT ( 'NONE',  ( -2.599351016172867013, -9.897444046860041311, -1.558904268171932284 ) ) ;
#4399 = CARTESIAN_POINT ( 'NONE',  ( 5.000000000000000000, -0.3499999999999999778, 4.500000000000000888 ) ) ;
#4400 = CARTESIAN_POINT ( 'NONE',  ( -2.284344442285129784, -0.9533984102466801502, -0.8532173612614428748 ) ) ;
#4401 = AXIS2_PLACEMENT_3D ( 'NONE', #3579, #395, #1117 ) ;
#4402 = DIRECTION ( 'NONE',  ( -0.000000000000000000, 0.7071067811865474617, 0.7071067811865476838 ) ) ;
#4403 = CARTESIAN_POINT ( 'NONE',  ( -0.4983897844831405299, -8.996923213525956697, 1.234079801108825425 ) ) ;
#4404 = CARTESIAN_POINT ( 'NONE',  ( 0.6647780422881950368, -2.535368453140465661, 1.645297625998011437 ) ) ;
#4405 = CIRCLE ( 'NONE', #4042, 0.4999999999999997780 ) ;
#4406 = CARTESIAN_POINT ( 'NONE',  ( 1.806411254377474629, -0.9526598926696984160, 0.5236796416751718919 ) ) ;
#4407 = ORIENTED_EDGE ( 'NONE', *, *, #4182, .F. ) ;
#4408 = CARTESIAN_POINT ( 'NONE',  ( 3.997251580249978620, -0.3499999999999999778, -0.9063992951413500920 ) ) ;
#4409 = AXIS2_PLACEMENT_3D ( 'NONE', #2080, #2747, #3426 ) ;
#4410 = ORIENTED_EDGE ( 'NONE', *, *, #2494, .F. ) ;
#4411 =( LENGTH_UNIT ( ) NAMED_UNIT ( * ) SI_UNIT ( .MILLI., .METRE. ) );
#4412 = CARTESIAN_POINT ( 'NONE',  ( -0.8598525867201052275, -0.4499517864738498130, -2.628371280978856639 ) ) ;
#4413 = CARTESIAN_POINT ( 'NONE',  ( -4.347251580249874792, 0.000000000000000000, 1.361424548310904203 ) ) ;
#4414 = AXIS2_PLACEMENT_3D ( 'NONE', #1976, #2339, #3387 ) ;
#4415 = B_SPLINE_CURVE_WITH_KNOTS ( 'NONE', 3,
 ( #1072, #400, #4192, #1098, #1770, #3166 ),
 .UNSPECIFIED., .F., .F.,
 ( 4, 2, 4 ),
 ( -4.593609616378475173E-06, 0.0002151914623695732590, 0.0004349765343555250015 ),
 .UNSPECIFIED. ) ;
#4416 =( BOUNDED_CURVE ( )  B_SPLINE_CURVE ( 3, ( #384, #3808, #4462, #1016 ),
 .UNSPECIFIED., .F., .F. ) 
 B_SPLINE_CURVE_WITH_KNOTS ( ( 4, 4 ),
 ( 3.951811611221967002, 4.712388980384689674 ),
 .UNSPECIFIED. ) 
 CURVE ( )  GEOMETRIC_REPRESENTATION_ITEM ( )  RATIONAL_B_SPLINE_CURVE ( ( 1.000000000000000000, 0.9523716785737830204, 0.9523716785737830204, 1.000000000000000000 ) ) 
 REPRESENTATION_ITEM ( '' )  );
#4417 = CARTESIAN_POINT ( 'NONE',  ( -1.302219856997911984, -0.5120279155650502290, -1.237958177222113543 ) ) ;
#4418 = CARTESIAN_POINT ( 'NONE',  ( -0.3532173612614544211, -0.9533984102466799282, -2.784344442285127119 ) ) ;
#4419 = VERTEX_POINT ( 'NONE', #3944 ) ;
#4420 = ORIENTED_EDGE ( 'NONE', *, *, #2760, .F. ) ;
#4421 = DIRECTION ( 'NONE',  ( 0.000000000000000000, -0.000000000000000000, 1.000000000000000000 ) ) ;
#4422 = CIRCLE ( 'NONE', #572, 0.2999999999999997669 ) ;
#4423 = DIRECTION ( 'NONE',  ( -0.000000000000000000, -0.7071067811865474617, 0.7071067811865476838 ) ) ;
#4424 = CARTESIAN_POINT ( 'NONE',  ( -1.994219551175295146, -0.9713059531407594038, -2.430543224944683445 ) ) ;
#4425 = LINE ( 'NONE', #4083, #916 ) ;
#4426 = ORIENTED_EDGE ( 'NONE', *, *, #1575, .T. ) ;
#4427 = CARTESIAN_POINT ( 'NONE',  ( 4.347283938352612509, 0.000000000000000000, 1.361452571716944560 ) ) ;
#4428 = CARTESIAN_POINT ( 'NONE',  ( 0.8838834764831866586, -0.3300000000000000155, -1.383883476483181330 ) ) ;
#4429 = CARTESIAN_POINT ( 'NONE',  ( 0.000000000000000000, 0.000000000000000000, 0.7500000000000011102 ) ) ;
#4430 = CARTESIAN_POINT ( 'NONE',  ( -1.257618892178600678, -9.423485713525856511, -1.672043456959025454 ) ) ;
#4431 = CARTESIAN_POINT ( 'NONE',  ( 1.329300663811752381, -5.284326786473852344, 1.310301492793683131 ) ) ;
#4432 = CARTESIAN_POINT ( 'NONE',  ( 1.567790557470237323, -0.5120279155650502290, -0.7693253328870657270 ) ) ;
#4433 = ORIENTED_EDGE ( 'NONE', *, *, #812, .T. ) ;
#4434 = VECTOR ( 'NONE', #3267, 1000.000000000000000 ) ;
#4435 = FACE_OUTER_BOUND ( 'NONE', #70, .T. ) ;
#4436 = ORIENTED_EDGE ( 'NONE', *, *, #3363, .T. ) ;
#4437 = FILL_AREA_STYLE_COLOUR ( '', #1170 ) ;
#4438 = CARTESIAN_POINT ( 'NONE',  ( 2.053737998768824902, -7.559326786474340309, -1.409061044175145438 ) ) ;
#4439 = CARTESIAN_POINT ( 'NONE',  ( -4.294464837823750436, 0.000000000000000000, 1.315695027211392976 ) ) ;
#4440 = CARTESIAN_POINT ( 'NONE',  ( -1.560659544652545083, -0.3334786804920450431, -0.2318996792115160799 ) ) ;
#4441 = ORIENTED_EDGE ( 'NONE', *, *, #125, .T. ) ;
#4442 = ORIENTED_EDGE ( 'NONE', *, *, #1269, .T. ) ;
#4443 = EDGE_LOOP ( 'NONE', ( #359, #1715, #955, #4063, #4433 ) ) ;
#4444 =( BOUNDED_SURFACE ( )  B_SPLINE_SURFACE ( 3, 2, ( 
 ( #3945, #1105, #1196 ),
 ( #3898, #3629, #1529 ),
 ( #3567, #3226, #430 ),
 ( #2181, #1886, #1554 ) ),
 .UNSPECIFIED., .F., .F., .T. ) 
 B_SPLINE_SURFACE_WITH_KNOTS ( ( 4, 4 ),
 ( 3, 3 ),
 ( 1.570796326794896558, 2.331373695957618786 ),
 ( 0.000000000000000000, 1.000000000000000000 ),
 .UNSPECIFIED. ) 
 GEOMETRIC_REPRESENTATION_ITEM ( )  RATIONAL_B_SPLINE_SURFACE ( (
 ( 1.000000000000000000, 0.7071067811865475727, 1.000000000000000000),
 ( 1.000000000000000000, 0.7706146482961830912, 1.000000000000000000),
 ( 1.000000000000000000, 0.8248548249928413512, 1.000000000000000000),
 ( 1.000000000000000000, 0.8623911140185922530, 1.000000000000000000) ) ) 
 REPRESENTATION_ITEM ( '' )  SURFACE ( )  );
#4445 = CARTESIAN_POINT ( 'NONE',  ( 1.999999999999999556, 0.000000000000000000, 5.000000000000001776 ) ) ;
#4446 = ADVANCED_FACE ( 'NONE', ( #514 ), #1607, .T. ) ;
#4447 = CARTESIAN_POINT ( 'NONE',  ( 0.4056077856773598889, -1.197771894130861714, -2.646082845639531111 ) ) ;
#4448 = PRESENTATION_LAYER_ASSIGNMENT (  '', '', ( #4290 ) ) ;
#4449 = CARTESIAN_POINT ( 'NONE',  ( -3.798896347995590173, -0.3499999999999999778, 1.309555894670041187 ) ) ;
#4450 = AXIS2_PLACEMENT_3D ( 'NONE', #2271, #3698, #2919 ) ;
#4451 = CARTESIAN_POINT ( 'NONE',  ( 3.850000000000000533, -0.5499999999999999334, 0.8621320343559647492 ) ) ;
#4452 = CARTESIAN_POINT ( 'NONE',  ( -3.905112374409769771, -0.4525126265847082552, 1.154594154601840117 ) ) ;
#4453 = CARTESIAN_POINT ( 'NONE',  ( 1.182410733220429444, -9.684162796859078881, 0.8361916063010298439 ) ) ;
#4454 = CARTESIAN_POINT ( 'NONE',  ( 2.263194729664218752, -0.5921392864738062034, -0.8837452230391146246 ) ) ;
#4455 = CIRCLE ( 'NONE', #712, 0.6499999999999998002 ) ;
#4456 = CARTESIAN_POINT ( 'NONE',  ( 0.8095366139696984487, -0.8164895339169107036, 0.9285676177065952386 ) ) ;
#4457 = DIRECTION ( 'NONE',  ( -0.000000000000000000, -1.000000000000000000, -0.000000000000000000 ) ) ;
#4458 = EDGE_CURVE ( 'NONE', #1241, #1241, #731, .T. ) ;
#4459 = ORIENTED_EDGE ( 'NONE', *, *, #1919, .F. ) ;
#4460 = ADVANCED_FACE ( 'NONE', ( #1908 ), #2894, .T. ) ;
#4461 = CARTESIAN_POINT ( 'NONE',  ( 2.066911901120696449, -7.938493453140162082, 0.3881731923177227928 ) ) ;
#4462 = CARTESIAN_POINT ( 'NONE',  ( 3.850000000000000089, -0.5132538509555448769, 0.9723704814893298076 ) ) ;
#4463 = CARTESIAN_POINT ( 'NONE',  ( -1.924077958337574445, -0.9126490637092385949, -0.8305307167215617570 ) ) ;
#4464 = ORIENTED_EDGE ( 'NONE', *, *, #1967, .F. ) ;
#4465 = ORIENTED_EDGE ( 'NONE', *, *, #3246, .T. ) ;
#4466 = CARTESIAN_POINT ( 'NONE',  ( 0.8838834764831861035, -0.3581626666970914030, 0.3838834764831835500 ) ) ;
#4467 = CARTESIAN_POINT ( 'NONE',  ( 4.110224748819537588, 0.000000000000000000, 1.107106781186547817 ) ) ;
#4468 = ORIENTED_EDGE ( 'NONE', *, *, #2093, .F. ) ;
#4469 = CARTESIAN_POINT ( 'NONE',  ( -3.997232441100933453, -0.3631152028392526931, 1.400458179104894674 ) ) ;
#4470 = ADVANCED_FACE ( 'NONE', ( #2596 ), #1194, .F. ) ;
#4471 = B_SPLINE_CURVE_WITH_KNOTS ( 'NONE', 3,
 ( #939, #988, #1806, #1515 ),
 .UNSPECIFIED., .F., .F.,
 ( 4, 4 ),
 ( 2.001433952378862099E-07, 0.0002402417558374533412 ),
 .UNSPECIFIED. ) ;
#4472 = CARTESIAN_POINT ( 'NONE',  ( 5.000000000000000000, -0.3499999999999999778, -0.9520815280171304185 ) ) ;
#4473 = CARTESIAN_POINT ( 'NONE',  ( -0.09173078376871024453, -1.224006546859442990, 1.793664370367886285 ) ) ;
#4474 = CARTESIAN_POINT ( 'NONE',  ( -0.6617075165464498809, -8.507243453140478806, 1.724971612315921110 ) ) ;
#4475 = EDGE_CURVE ( 'NONE', #1036, #4223, #1323, .T. ) ;
#4476 = DIRECTION ( 'NONE',  ( 0.000000000000000000, 0.7071067811865477948, -0.7071067811865473507 ) ) ;
#4477 = AXIS2_PLACEMENT_3D ( 'NONE', #4493, #1707, #3469 ) ;
#4478 = DIRECTION ( 'NONE',  ( 0.000000000000000000, -0.7071067811865476838, -0.7071067811865472397 ) ) ;
#4479 = ADVANCED_FACE ( 'NONE', ( #1242 ), #14, .F. ) ;
#4480 = ORIENTED_EDGE ( 'NONE', *, *, #3176, .F. ) ;
#4481 = AXIS2_PLACEMENT_3D ( 'NONE', #4204, #2905, #2882 ) ;
#4482 = PRESENTATION_STYLE_ASSIGNMENT (( #2440 ) ) ;
#4483 = CARTESIAN_POINT ( 'NONE',  ( -1.881086037134416911, -8.910108036474007065, -1.663224571312977629 ) ) ;
#4484 = CARTESIAN_POINT ( 'NONE',  ( -3.997284718555753180, -0.3630886574499217478, -0.8006061504484180968 ) ) ;
#4485 = DIRECTION ( 'NONE',  ( 1.000000000000000000, 0.000000000000000000, -0.000000000000000000 ) ) ;
#4486 = CIRCLE ( 'NONE', #3465, 0.5000000000000000000 ) ;
#4487 = VERTEX_POINT ( 'NONE', #1265 ) ;
#4488 = EDGE_LOOP ( 'NONE', ( #3790, #433, #87, #2631 ) ) ;
#4489 = CARTESIAN_POINT ( 'NONE',  ( -2.287176260535758399, -1.033354954157680750, -0.8521443217217692379 ) ) ;
#4490 = DIRECTION ( 'NONE',  ( -1.000000000000000000, -0.000000000000000000, -0.000000000000000000 ) ) ;
#4491 = CARTESIAN_POINT ( 'NONE',  ( 4.400000000000000355, -0.5464466094067266244, -0.05355339059327286072 ) ) ;
#4492 = DIRECTION ( 'NONE',  ( 0.000000000000000000, -0.7071067811865474617, -0.7071067811865476838 ) ) ;
#4493 = CARTESIAN_POINT ( 'NONE',  ( 0.000000000000000000, -0.3334786804920450987, -0.4999999999999989453 ) ) ;
#4494 = VECTOR ( 'NONE', #1035, 1000.000000000000000 ) ;
#4495 = CARTESIAN_POINT ( 'NONE',  ( 1.705556069686221532, -8.143798213525768048, -0.8722875938315857169 ) ) ;
#4496 = CARTESIAN_POINT ( 'NONE',  ( 0.8953664215881911304, -9.218180953140089784, 1.613676832365005920 ) ) ;
#4497 = AXIS2_PLACEMENT_3D ( 'NONE', #1038, #1701, #2743 ) ;
#4498 = EDGE_CURVE ( 'NONE', #1271, #3948, #597, .T. ) ;
#4499 = EDGE_CURVE ( 'NONE', #1256, #3598, #2264, .T. ) ;
#4500 = CARTESIAN_POINT ( 'NONE',  ( -4.199999999999999289, -5.421010862427527100E-17, -0.1171572875253803492 ) ) ;
#4501 = CARTESIAN_POINT ( 'NONE',  ( 4.376019172036357041, -3.811648262644349985E-18, -0.7378807784949749093 ) ) ;
#4502 = AXIS2_PLACEMENT_3D ( 'NONE', #3899, #762, #1466 ) ;
#4503 = VERTEX_POINT ( 'NONE', #848 ) ;
#4504 = AXIS2_PLACEMENT_3D ( 'NONE', #2482, #1523, #2196 ) ;
#4505 = CARTESIAN_POINT ( 'NONE',  ( -3.760224748819533502, -0.3499999999999999778, -0.6520815280171224915 ) ) ;
#4506 = CARTESIAN_POINT ( 'NONE',  ( 2.000249720150766741, -1.191619930283421835, -0.03913276756652260546 ) ) ;
ENDSEC;
END-ISO-10303-21;
