ISO-10303-21;
HEADER;
FILE_DESCRIPTION((''),'2;1');
FILE_NAME('LM2596-HW-411','2026-05-21T07:59:23',('steinkef'),(''),
'CREO PARAMETRIC BY PTC INC, 2021184','CREO PARAMETRIC BY PTC INC, 2021184','');
FILE_SCHEMA((
'AP242_MANAGED_MODEL_BASED_3D_ENGINEERING_MIM_LF { 1 0 10303 442 1 1 4 }'));
ENDSEC;
DATA;
#38=CARTESIAN_POINT('',(0.E0,9.1E0,-2.005E1));
#39=DIRECTION('',(1.E0,0.E0,0.E0));
#40=DIRECTION('',(0.E0,0.E0,1.E0));
#41=AXIS2_PLACEMENT_3D('',#38,#39,#40);
#43=DRAUGHTING_PRE_DEFINED_CURVE_FONT('continuous');
#44=CURVE_STYLE('',#43,POSITIVE_LENGTH_MEASURE(2.E-2),#8);
#45=PRESENTATION_STYLE_ASSIGNMENT((#44));
#46=STYLED_ITEM('',(#45),#42);
#47=CARTESIAN_POINT('',(0.E0,9.1E0,-2.005E1));
#48=DIRECTION('',(1.E0,0.E0,0.E0));
#49=DIRECTION('',(0.E0,0.E0,-1.E0));
#50=AXIS2_PLACEMENT_3D('',#47,#48,#49);
#52=CURVE_STYLE('',#43,POSITIVE_LENGTH_MEASURE(2.E-2),#8);
#53=PRESENTATION_STYLE_ASSIGNMENT((#52));
#54=STYLED_ITEM('',(#53),#51);
#55=CARTESIAN_POINT('',(0.E0,-9.1E0,-2.005E1));
#56=DIRECTION('',(1.E0,0.E0,0.E0));
#57=DIRECTION('',(0.E0,0.E0,1.E0));
#58=AXIS2_PLACEMENT_3D('',#55,#56,#57);
#60=CURVE_STYLE('',#43,POSITIVE_LENGTH_MEASURE(2.E-2),#8);
#61=PRESENTATION_STYLE_ASSIGNMENT((#60));
#62=STYLED_ITEM('',(#61),#59);
#63=CARTESIAN_POINT('',(0.E0,-9.1E0,-2.005E1));
#64=DIRECTION('',(1.E0,0.E0,0.E0));
#65=DIRECTION('',(0.E0,0.E0,-1.E0));
#66=AXIS2_PLACEMENT_3D('',#63,#64,#65);
#68=CURVE_STYLE('',#43,POSITIVE_LENGTH_MEASURE(2.E-2),#8);
#69=PRESENTATION_STYLE_ASSIGNMENT((#68));
#70=STYLED_ITEM('',(#69),#67);
#71=CARTESIAN_POINT('',(0.E0,9.1E0,2.005E1));
#72=DIRECTION('',(1.E0,0.E0,0.E0));
#73=DIRECTION('',(0.E0,0.E0,1.E0));
#74=AXIS2_PLACEMENT_3D('',#71,#72,#73);
#76=CURVE_STYLE('',#43,POSITIVE_LENGTH_MEASURE(2.E-2),#8);
#77=PRESENTATION_STYLE_ASSIGNMENT((#76));
#78=STYLED_ITEM('',(#77),#75);
#79=CARTESIAN_POINT('',(0.E0,9.1E0,2.005E1));
#80=DIRECTION('',(1.E0,0.E0,0.E0));
#81=DIRECTION('',(0.E0,0.E0,-1.E0));
#82=AXIS2_PLACEMENT_3D('',#79,#80,#81);
#84=CURVE_STYLE('',#43,POSITIVE_LENGTH_MEASURE(2.E-2),#8);
#85=PRESENTATION_STYLE_ASSIGNMENT((#84));
#86=STYLED_ITEM('',(#85),#83);
#87=CARTESIAN_POINT('',(0.E0,-9.1E0,2.005E1));
#88=DIRECTION('',(1.E0,0.E0,0.E0));
#89=DIRECTION('',(0.E0,0.E0,1.E0));
#90=AXIS2_PLACEMENT_3D('',#87,#88,#89);
#92=CURVE_STYLE('',#43,POSITIVE_LENGTH_MEASURE(2.E-2),#8);
#93=PRESENTATION_STYLE_ASSIGNMENT((#92));
#94=STYLED_ITEM('',(#93),#91);
#95=CARTESIAN_POINT('',(0.E0,-9.1E0,2.005E1));
#96=DIRECTION('',(1.E0,0.E0,0.E0));
#97=DIRECTION('',(0.E0,0.E0,-1.E0));
#98=AXIS2_PLACEMENT_3D('',#95,#96,#97);
#100=CURVE_STYLE('',#43,POSITIVE_LENGTH_MEASURE(2.E-2),#8);
#101=PRESENTATION_STYLE_ASSIGNMENT((#100));
#102=STYLED_ITEM('',(#101),#99);
#103=CARTESIAN_POINT('',(0.E0,-8.E0,1.515E1));
#104=DIRECTION('',(1.E0,0.E0,0.E0));
#105=DIRECTION('',(0.E0,0.E0,1.E0));
#106=AXIS2_PLACEMENT_3D('',#103,#104,#105);
#108=CURVE_STYLE('',#43,POSITIVE_LENGTH_MEASURE(2.E-2),#8);
#109=PRESENTATION_STYLE_ASSIGNMENT((#108));
#110=STYLED_ITEM('',(#109),#107);
#111=CARTESIAN_POINT('',(0.E0,-8.E0,1.515E1));
#112=DIRECTION('',(1.E0,0.E0,0.E0));
#113=DIRECTION('',(0.E0,0.E0,-1.E0));
#114=AXIS2_PLACEMENT_3D('',#111,#112,#113);
#116=CURVE_STYLE('',#43,POSITIVE_LENGTH_MEASURE(2.E-2),#8);
#117=PRESENTATION_STYLE_ASSIGNMENT((#116));
#118=STYLED_ITEM('',(#117),#115);
#119=CARTESIAN_POINT('',(0.E0,8.3E0,-1.495E1));
#120=DIRECTION('',(1.E0,0.E0,0.E0));
#121=DIRECTION('',(0.E0,0.E0,1.E0));
#122=AXIS2_PLACEMENT_3D('',#119,#120,#121);
#124=CURVE_STYLE('',#43,POSITIVE_LENGTH_MEASURE(2.E-2),#8);
#125=PRESENTATION_STYLE_ASSIGNMENT((#124));
#126=STYLED_ITEM('',(#125),#123);
#127=CARTESIAN_POINT('',(0.E0,8.3E0,-1.495E1));
#128=DIRECTION('',(1.E0,0.E0,0.E0));
#129=DIRECTION('',(0.E0,0.E0,-1.E0));
#130=AXIS2_PLACEMENT_3D('',#127,#128,#129);
#132=CURVE_STYLE('',#43,POSITIVE_LENGTH_MEASURE(2.E-2),#8);
#133=PRESENTATION_STYLE_ASSIGNMENT((#132));
#134=STYLED_ITEM('',(#133),#131);
#135=DIRECTION('',(0.E0,0.E0,-1.E0));
#136=VECTOR('',#135,4.35E1);
#137=CARTESIAN_POINT('',(0.E0,1.08E1,2.175E1));
#138=LINE('',#137,#136);
#139=CURVE_STYLE('',#43,POSITIVE_LENGTH_MEASURE(2.E-2),#8);
#140=PRESENTATION_STYLE_ASSIGNMENT((#139));
#141=STYLED_ITEM('',(#140),#138);
#142=DIRECTION('',(0.E0,1.E0,0.E0));
#143=VECTOR('',#142,2.16E1);
#144=CARTESIAN_POINT('',(0.E0,-1.08E1,2.175E1));
#145=LINE('',#144,#143);
#146=CURVE_STYLE('',#43,POSITIVE_LENGTH_MEASURE(2.E-2),#8);
#147=PRESENTATION_STYLE_ASSIGNMENT((#146));
#148=STYLED_ITEM('',(#147),#145);
#149=DIRECTION('',(0.E0,0.E0,1.E0));
#150=VECTOR('',#149,4.35E1);
#151=CARTESIAN_POINT('',(0.E0,-1.08E1,-2.175E1));
#152=LINE('',#151,#150);
#153=CURVE_STYLE('',#43,POSITIVE_LENGTH_MEASURE(2.E-2),#8);
#154=PRESENTATION_STYLE_ASSIGNMENT((#153));
#155=STYLED_ITEM('',(#154),#152);
#156=DIRECTION('',(0.E0,-1.E0,0.E0));
#157=VECTOR('',#156,2.16E1);
#158=CARTESIAN_POINT('',(0.E0,1.08E1,-2.175E1));
#159=LINE('',#158,#157);
#160=CURVE_STYLE('',#43,POSITIVE_LENGTH_MEASURE(2.E-2),#8);
#161=PRESENTATION_STYLE_ASSIGNMENT((#160));
#162=STYLED_ITEM('',(#161),#159);
#163=CARTESIAN_POINT('',(0.E0,-6.E-1,1.725E1));
#164=DIRECTION('',(-1.E0,0.E0,0.E0));
#165=DIRECTION('',(0.E0,0.E0,1.E0));
#166=AXIS2_PLACEMENT_3D('',#163,#164,#165);
#168=CURVE_STYLE('',#43,POSITIVE_LENGTH_MEASURE(2.E-2),#8);
#169=PRESENTATION_STYLE_ASSIGNMENT((#168));
#170=STYLED_ITEM('',(#169),#167);
#171=CARTESIAN_POINT('',(0.E0,-6.E-1,1.725E1));
#172=DIRECTION('',(-1.E0,0.E0,0.E0));
#173=DIRECTION('',(0.E0,0.E0,-1.E0));
#174=AXIS2_PLACEMENT_3D('',#171,#172,#173);
#176=CURVE_STYLE('',#43,POSITIVE_LENGTH_MEASURE(2.E-2),#8);
#177=PRESENTATION_STYLE_ASSIGNMENT((#176));
#178=STYLED_ITEM('',(#177),#175);
#179=CARTESIAN_POINT('',(0.E0,1.6E0,5.5E-1));
#180=DIRECTION('',(-1.E0,0.E0,0.E0));
#181=DIRECTION('',(0.E0,1.E0,0.E0));
#182=AXIS2_PLACEMENT_3D('',#179,#180,#181);
#184=CURVE_STYLE('',#43,POSITIVE_LENGTH_MEASURE(2.E-2),#8);
#185=PRESENTATION_STYLE_ASSIGNMENT((#184));
#186=STYLED_ITEM('',(#185),#183);
#187=DIRECTION('',(0.E0,-1.E0,0.E0));
#188=VECTOR('',#187,1.02E1);
#189=CARTESIAN_POINT('',(0.E0,1.6E0,-4.5E-1));
#190=LINE('',#189,#188);
#191=CURVE_STYLE('',#43,POSITIVE_LENGTH_MEASURE(2.E-2),#8);
#192=PRESENTATION_STYLE_ASSIGNMENT((#191));
#193=STYLED_ITEM('',(#192),#190);
#194=CARTESIAN_POINT('',(0.E0,-8.6E0,5.5E-1));
#195=DIRECTION('',(-1.E0,0.E0,0.E0));
#196=DIRECTION('',(0.E0,0.E0,-1.E0));
#197=AXIS2_PLACEMENT_3D('',#194,#195,#196);
#199=CURVE_STYLE('',#43,POSITIVE_LENGTH_MEASURE(2.E-2),#8);
#200=PRESENTATION_STYLE_ASSIGNMENT((#199));
#201=STYLED_ITEM('',(#200),#198);
#202=DIRECTION('',(0.E0,0.E0,1.E0));
#203=VECTOR('',#202,1.02E1);
#204=CARTESIAN_POINT('',(0.E0,-9.6E0,5.5E-1));
#205=LINE('',#204,#203);
#206=CURVE_STYLE('',#43,POSITIVE_LENGTH_MEASURE(2.E-2),#8);
#207=PRESENTATION_STYLE_ASSIGNMENT((#206));
#208=STYLED_ITEM('',(#207),#205);
#209=CARTESIAN_POINT('',(0.E0,-8.6E0,1.075E1));
#210=DIRECTION('',(-1.E0,0.E0,0.E0));
#211=DIRECTION('',(0.E0,-1.E0,0.E0));
#212=AXIS2_PLACEMENT_3D('',#209,#210,#211);
#214=CURVE_STYLE('',#43,POSITIVE_LENGTH_MEASURE(2.E-2),#8);
#215=PRESENTATION_STYLE_ASSIGNMENT((#214));
#216=STYLED_ITEM('',(#215),#213);
#217=DIRECTION('',(0.E0,1.E0,0.E0));
#218=VECTOR('',#217,1.02E1);
#219=CARTESIAN_POINT('',(0.E0,-8.6E0,1.175E1));
#220=LINE('',#219,#218);
#221=CURVE_STYLE('',#43,POSITIVE_LENGTH_MEASURE(2.E-2),#8);
#222=PRESENTATION_STYLE_ASSIGNMENT((#221));
#223=STYLED_ITEM('',(#222),#220);
#224=CARTESIAN_POINT('',(0.E0,1.6E0,1.075E1));
#225=DIRECTION('',(-1.E0,0.E0,0.E0));
#226=DIRECTION('',(0.E0,0.E0,1.E0));
#227=AXIS2_PLACEMENT_3D('',#224,#225,#226);
#229=CURVE_STYLE('',#43,POSITIVE_LENGTH_MEASURE(2.E-2),#8);
#230=PRESENTATION_STYLE_ASSIGNMENT((#229));
#231=STYLED_ITEM('',(#230),#228);
#232=DIRECTION('',(0.E0,0.E0,-1.E0));
#233=VECTOR('',#232,1.02E1);
#234=CARTESIAN_POINT('',(0.E0,2.6E0,1.075E1));
#235=LINE('',#234,#233);
#236=CURVE_STYLE('',#43,POSITIVE_LENGTH_MEASURE(2.E-2),#8);
#237=PRESENTATION_STYLE_ASSIGNMENT((#236));
#238=STYLED_ITEM('',(#237),#235);
#239=DIRECTION('',(0.E0,-1.E0,0.E0));
#240=VECTOR('',#239,4.8E0);
#241=CARTESIAN_POINT('',(0.E0,8.8E0,2.35E0));
#242=LINE('',#241,#240);
#243=CURVE_STYLE('',#43,POSITIVE_LENGTH_MEASURE(2.E-2),#8);
#244=PRESENTATION_STYLE_ASSIGNMENT((#243));
#245=STYLED_ITEM('',(#244),#242);
#246=DIRECTION('',(0.E0,0.E0,1.E0));
#247=VECTOR('',#246,9.5E0);
#248=CARTESIAN_POINT('',(0.E0,4.E0,2.35E0));
#249=LINE('',#248,#247);
#250=CURVE_STYLE('',#43,POSITIVE_LENGTH_MEASURE(2.E-2),#8);
#251=PRESENTATION_STYLE_ASSIGNMENT((#250));
#252=STYLED_ITEM('',(#251),#249);
#253=DIRECTION('',(0.E0,1.E0,0.E0));
#254=VECTOR('',#253,4.8E0);
#255=CARTESIAN_POINT('',(0.E0,4.E0,1.185E1));
#256=LINE('',#255,#254);
#257=CURVE_STYLE('',#43,POSITIVE_LENGTH_MEASURE(2.E-2),#8);
#258=PRESENTATION_STYLE_ASSIGNMENT((#257));
#259=STYLED_ITEM('',(#258),#256);
#260=DIRECTION('',(0.E0,0.E0,-1.E0));
#261=VECTOR('',#260,9.5E0);
#262=CARTESIAN_POINT('',(0.E0,8.8E0,1.185E1));
#263=LINE('',#262,#261);
#264=CURVE_STYLE('',#43,POSITIVE_LENGTH_MEASURE(2.E-2),#8);
#265=PRESENTATION_STYLE_ASSIGNMENT((#264));
#266=STYLED_ITEM('',(#265),#263);
#267=CARTESIAN_POINT('',(0.E0,-2.E-1,-1.745E1));
#268=DIRECTION('',(-1.E0,0.E0,0.E0));
#269=DIRECTION('',(0.E0,0.E0,1.E0));
#270=AXIS2_PLACEMENT_3D('',#267,#268,#269);
#272=CURVE_STYLE('',#43,POSITIVE_LENGTH_MEASURE(2.E-2),#8);
#273=PRESENTATION_STYLE_ASSIGNMENT((#272));
#274=STYLED_ITEM('',(#273),#271);
#275=CARTESIAN_POINT('',(0.E0,-2.E-1,-1.745E1));
#276=DIRECTION('',(-1.E0,0.E0,0.E0));
#277=DIRECTION('',(0.E0,0.E0,-1.E0));
#278=AXIS2_PLACEMENT_3D('',#275,#276,#277);
#280=CURVE_STYLE('',#43,POSITIVE_LENGTH_MEASURE(2.E-2),#8);
#281=PRESENTATION_STYLE_ASSIGNMENT((#280));
#282=STYLED_ITEM('',(#281),#279);
#283=DIRECTION('',(0.E0,-1.E0,0.E0));
#284=VECTOR('',#283,2.5E0);
#285=CARTESIAN_POINT('',(0.E0,-7.3E0,-1.115E1));
#286=LINE('',#285,#284);
#287=CURVE_STYLE('',#43,POSITIVE_LENGTH_MEASURE(2.E-2),#8);
#288=PRESENTATION_STYLE_ASSIGNMENT((#287));
#289=STYLED_ITEM('',(#288),#286);
#290=DIRECTION('',(0.E0,0.E0,1.E0));
#291=VECTOR('',#290,4.3E0);
#292=CARTESIAN_POINT('',(0.E0,-9.8E0,-1.115E1));
#293=LINE('',#292,#291);
#294=CURVE_STYLE('',#43,POSITIVE_LENGTH_MEASURE(2.E-2),#8);
#295=PRESENTATION_STYLE_ASSIGNMENT((#294));
#296=STYLED_ITEM('',(#295),#293);
#297=DIRECTION('',(0.E0,1.E0,0.E0));
#298=VECTOR('',#297,2.5E0);
#299=CARTESIAN_POINT('',(0.E0,-9.8E0,-6.85E0));
#300=LINE('',#299,#298);
#301=CURVE_STYLE('',#43,POSITIVE_LENGTH_MEASURE(2.E-2),#8);
#302=PRESENTATION_STYLE_ASSIGNMENT((#301));
#303=STYLED_ITEM('',(#302),#300);
#304=DIRECTION('',(0.E0,0.E0,-1.E0));
#305=VECTOR('',#304,4.3E0);
#306=CARTESIAN_POINT('',(0.E0,-7.3E0,-6.85E0));
#307=LINE('',#306,#305);
#308=CURVE_STYLE('',#43,POSITIVE_LENGTH_MEASURE(2.E-2),#8);
#309=PRESENTATION_STYLE_ASSIGNMENT((#308));
#310=STYLED_ITEM('',(#309),#307);
#311=DIRECTION('',(0.E0,-1.E0,0.E0));
#312=VECTOR('',#311,8.3E0);
#313=CARTESIAN_POINT('',(0.E0,8.5E0,-1.175E1));
#314=LINE('',#313,#312);
#315=CURVE_STYLE('',#43,POSITIVE_LENGTH_MEASURE(2.E-2),#8);
#316=PRESENTATION_STYLE_ASSIGNMENT((#315));
#317=STYLED_ITEM('',(#316),#314);
#318=DIRECTION('',(0.E0,0.E0,1.E0));
#319=VECTOR('',#318,9.5E0);
#320=CARTESIAN_POINT('',(0.E0,2.E-1,-1.175E1));
#321=LINE('',#320,#319);
#322=CURVE_STYLE('',#43,POSITIVE_LENGTH_MEASURE(2.E-2),#8);
#323=PRESENTATION_STYLE_ASSIGNMENT((#322));
#324=STYLED_ITEM('',(#323),#321);
#325=DIRECTION('',(0.E0,1.E0,0.E0));
#326=VECTOR('',#325,8.3E0);
#327=CARTESIAN_POINT('',(0.E0,2.E-1,-2.25E0));
#328=LINE('',#327,#326);
#329=CURVE_STYLE('',#43,POSITIVE_LENGTH_MEASURE(2.E-2),#8);
#330=PRESENTATION_STYLE_ASSIGNMENT((#329));
#331=STYLED_ITEM('',(#330),#328);
#332=DIRECTION('',(0.E0,0.E0,-1.E0));
#333=VECTOR('',#332,9.5E0);
#334=CARTESIAN_POINT('',(0.E0,8.5E0,-2.25E0));
#335=LINE('',#334,#333);
#336=CURVE_STYLE('',#43,POSITIVE_LENGTH_MEASURE(2.E-2),#8);
#337=PRESENTATION_STYLE_ASSIGNMENT((#336));
#338=STYLED_ITEM('',(#337),#335);
#339=DIRECTION('',(1.E0,0.E0,0.E0));
#340=VECTOR('',#339,9.E-1);
#341=CARTESIAN_POINT('',(0.E0,9.1E0,-1.945E1));
#342=LINE('',#341,#340);
#343=CURVE_STYLE('',#43,POSITIVE_LENGTH_MEASURE(2.E-2),#8);
#344=PRESENTATION_STYLE_ASSIGNMENT((#343));
#345=STYLED_ITEM('',(#344),#342);
#346=DIRECTION('',(1.E0,0.E0,0.E0));
#347=VECTOR('',#346,9.E-1);
#348=CARTESIAN_POINT('',(0.E0,9.1E0,-2.065E1));
#349=LINE('',#348,#347);
#350=CURVE_STYLE('',#43,POSITIVE_LENGTH_MEASURE(2.E-2),#8);
#351=PRESENTATION_STYLE_ASSIGNMENT((#350));
#352=STYLED_ITEM('',(#351),#349);
#353=CARTESIAN_POINT('',(9.E-1,9.1E0,-2.005E1));
#354=DIRECTION('',(1.E0,0.E0,0.E0));
#355=DIRECTION('',(0.E0,0.E0,1.E0));
#356=AXIS2_PLACEMENT_3D('',#353,#354,#355);
#358=CURVE_STYLE('',#43,POSITIVE_LENGTH_MEASURE(2.E-2),#8);
#359=PRESENTATION_STYLE_ASSIGNMENT((#358));
#360=STYLED_ITEM('',(#359),#357);
#361=CARTESIAN_POINT('',(9.E-1,9.1E0,-2.005E1));
#362=DIRECTION('',(1.E0,0.E0,0.E0));
#363=DIRECTION('',(0.E0,0.E0,-1.E0));
#364=AXIS2_PLACEMENT_3D('',#361,#362,#363);
#366=CURVE_STYLE('',#43,POSITIVE_LENGTH_MEASURE(2.E-2),#8);
#367=PRESENTATION_STYLE_ASSIGNMENT((#366));
#368=STYLED_ITEM('',(#367),#365);
#369=CARTESIAN_POINT('',(9.E-1,-9.1E0,-2.005E1));
#370=DIRECTION('',(1.E0,0.E0,0.E0));
#371=DIRECTION('',(0.E0,0.E0,1.E0));
#372=AXIS2_PLACEMENT_3D('',#369,#370,#371);
#374=CURVE_STYLE('',#43,POSITIVE_LENGTH_MEASURE(2.E-2),#8);
#375=PRESENTATION_STYLE_ASSIGNMENT((#374));
#376=STYLED_ITEM('',(#375),#373);
#377=CARTESIAN_POINT('',(9.E-1,-9.1E0,-2.005E1));
#378=DIRECTION('',(1.E0,0.E0,0.E0));
#379=DIRECTION('',(0.E0,0.E0,-1.E0));
#380=AXIS2_PLACEMENT_3D('',#377,#378,#379);
#382=CURVE_STYLE('',#43,POSITIVE_LENGTH_MEASURE(2.E-2),#8);
#383=PRESENTATION_STYLE_ASSIGNMENT((#382));
#384=STYLED_ITEM('',(#383),#381);
#385=CARTESIAN_POINT('',(9.E-1,9.1E0,2.005E1));
#386=DIRECTION('',(1.E0,0.E0,0.E0));
#387=DIRECTION('',(0.E0,0.E0,1.E0));
#388=AXIS2_PLACEMENT_3D('',#385,#386,#387);
#390=CURVE_STYLE('',#43,POSITIVE_LENGTH_MEASURE(2.E-2),#8);
#391=PRESENTATION_STYLE_ASSIGNMENT((#390));
#392=STYLED_ITEM('',(#391),#389);
#393=CARTESIAN_POINT('',(9.E-1,9.1E0,2.005E1));
#394=DIRECTION('',(1.E0,0.E0,0.E0));
#395=DIRECTION('',(0.E0,0.E0,-1.E0));
#396=AXIS2_PLACEMENT_3D('',#393,#394,#395);
#398=CURVE_STYLE('',#43,POSITIVE_LENGTH_MEASURE(2.E-2),#8);
#399=PRESENTATION_STYLE_ASSIGNMENT((#398));
#400=STYLED_ITEM('',(#399),#397);
#401=CARTESIAN_POINT('',(9.E-1,-9.1E0,2.005E1));
#402=DIRECTION('',(1.E0,0.E0,0.E0));
#403=DIRECTION('',(0.E0,0.E0,1.E0));
#404=AXIS2_PLACEMENT_3D('',#401,#402,#403);
#406=CURVE_STYLE('',#43,POSITIVE_LENGTH_MEASURE(2.E-2),#8);
#407=PRESENTATION_STYLE_ASSIGNMENT((#406));
#408=STYLED_ITEM('',(#407),#405);
#409=CARTESIAN_POINT('',(9.E-1,-9.1E0,2.005E1));
#410=DIRECTION('',(1.E0,0.E0,0.E0));
#411=DIRECTION('',(0.E0,0.E0,-1.E0));
#412=AXIS2_PLACEMENT_3D('',#409,#410,#411);
#414=CURVE_STYLE('',#43,POSITIVE_LENGTH_MEASURE(2.E-2),#8);
#415=PRESENTATION_STYLE_ASSIGNMENT((#414));
#416=STYLED_ITEM('',(#415),#413);
#417=CARTESIAN_POINT('',(9.E-1,-8.E0,1.515E1));
#418=DIRECTION('',(1.E0,0.E0,0.E0));
#419=DIRECTION('',(0.E0,0.E0,1.E0));
#420=AXIS2_PLACEMENT_3D('',#417,#418,#419);
#422=CURVE_STYLE('',#43,POSITIVE_LENGTH_MEASURE(2.E-2),#8);
#423=PRESENTATION_STYLE_ASSIGNMENT((#422));
#424=STYLED_ITEM('',(#423),#421);
#425=CARTESIAN_POINT('',(9.E-1,-8.E0,1.515E1));
#426=DIRECTION('',(1.E0,0.E0,0.E0));
#427=DIRECTION('',(0.E0,0.E0,-1.E0));
#428=AXIS2_PLACEMENT_3D('',#425,#426,#427);
#430=CURVE_STYLE('',#43,POSITIVE_LENGTH_MEASURE(2.E-2),#8);
#431=PRESENTATION_STYLE_ASSIGNMENT((#430));
#432=STYLED_ITEM('',(#431),#429);
#433=CARTESIAN_POINT('',(9.E-1,8.3E0,-1.495E1));
#434=DIRECTION('',(1.E0,0.E0,0.E0));
#435=DIRECTION('',(0.E0,0.E0,1.E0));
#436=AXIS2_PLACEMENT_3D('',#433,#434,#435);
#438=CURVE_STYLE('',#43,POSITIVE_LENGTH_MEASURE(2.E-2),#8);
#439=PRESENTATION_STYLE_ASSIGNMENT((#438));
#440=STYLED_ITEM('',(#439),#437);
#441=CARTESIAN_POINT('',(9.E-1,8.3E0,-1.495E1));
#442=DIRECTION('',(1.E0,0.E0,0.E0));
#443=DIRECTION('',(0.E0,0.E0,-1.E0));
#444=AXIS2_PLACEMENT_3D('',#441,#442,#443);
#446=CURVE_STYLE('',#43,POSITIVE_LENGTH_MEASURE(2.E-2),#8);
#447=PRESENTATION_STYLE_ASSIGNMENT((#446));
#448=STYLED_ITEM('',(#447),#445);
#449=DIRECTION('',(0.E0,0.E0,-1.E0));
#450=VECTOR('',#449,4.35E1);
#451=CARTESIAN_POINT('',(9.E-1,1.08E1,2.175E1));
#452=LINE('',#451,#450);
#453=CURVE_STYLE('',#43,POSITIVE_LENGTH_MEASURE(2.E-2),#8);
#454=PRESENTATION_STYLE_ASSIGNMENT((#453));
#455=STYLED_ITEM('',(#454),#452);
#456=DIRECTION('',(0.E0,-1.E0,0.E0));
#457=VECTOR('',#456,2.16E1);
#458=CARTESIAN_POINT('',(9.E-1,1.08E1,-2.175E1));
#459=LINE('',#458,#457);
#460=CURVE_STYLE('',#43,POSITIVE_LENGTH_MEASURE(2.E-2),#8);
#461=PRESENTATION_STYLE_ASSIGNMENT((#460));
#462=STYLED_ITEM('',(#461),#459);
#463=DIRECTION('',(0.E0,0.E0,1.E0));
#464=VECTOR('',#463,4.35E1);
#465=CARTESIAN_POINT('',(9.E-1,-1.08E1,-2.175E1));
#466=LINE('',#465,#464);
#467=CURVE_STYLE('',#43,POSITIVE_LENGTH_MEASURE(2.E-2),#8);
#468=PRESENTATION_STYLE_ASSIGNMENT((#467));
#469=STYLED_ITEM('',(#468),#466);
#470=DIRECTION('',(0.E0,1.E0,0.E0));
#471=VECTOR('',#470,2.16E1);
#472=CARTESIAN_POINT('',(9.E-1,-1.08E1,2.175E1));
#473=LINE('',#472,#471);
#474=CURVE_STYLE('',#43,POSITIVE_LENGTH_MEASURE(2.E-2),#8);
#475=PRESENTATION_STYLE_ASSIGNMENT((#474));
#476=STYLED_ITEM('',(#475),#473);
#477=DIRECTION('',(1.E0,0.E0,0.E0));
#478=VECTOR('',#477,9.E-1);
#479=CARTESIAN_POINT('',(0.E0,-9.1E0,-1.945E1));
#480=LINE('',#479,#478);
#481=CURVE_STYLE('',#43,POSITIVE_LENGTH_MEASURE(2.E-2),#8);
#482=PRESENTATION_STYLE_ASSIGNMENT((#481));
#483=STYLED_ITEM('',(#482),#480);
#484=DIRECTION('',(1.E0,0.E0,0.E0));
#485=VECTOR('',#484,9.E-1);
#486=CARTESIAN_POINT('',(0.E0,-9.1E0,-2.065E1));
#487=LINE('',#486,#485);
#488=CURVE_STYLE('',#43,POSITIVE_LENGTH_MEASURE(2.E-2),#8);
#489=PRESENTATION_STYLE_ASSIGNMENT((#488));
#490=STYLED_ITEM('',(#489),#487);
#491=DIRECTION('',(1.E0,0.E0,0.E0));
#492=VECTOR('',#491,9.E-1);
#493=CARTESIAN_POINT('',(0.E0,9.1E0,2.065E1));
#494=LINE('',#493,#492);
#495=CURVE_STYLE('',#43,POSITIVE_LENGTH_MEASURE(2.E-2),#8);
#496=PRESENTATION_STYLE_ASSIGNMENT((#495));
#497=STYLED_ITEM('',(#496),#494);
#498=DIRECTION('',(1.E0,0.E0,0.E0));
#499=VECTOR('',#498,9.E-1);
#500=CARTESIAN_POINT('',(0.E0,9.1E0,1.945E1));
#501=LINE('',#500,#499);
#502=CURVE_STYLE('',#43,POSITIVE_LENGTH_MEASURE(2.E-2),#8);
#503=PRESENTATION_STYLE_ASSIGNMENT((#502));
#504=STYLED_ITEM('',(#503),#501);
#505=DIRECTION('',(1.E0,0.E0,0.E0));
#506=VECTOR('',#505,9.E-1);
#507=CARTESIAN_POINT('',(0.E0,-9.1E0,2.065E1));
#508=LINE('',#507,#506);
#509=CURVE_STYLE('',#43,POSITIVE_LENGTH_MEASURE(2.E-2),#8);
#510=PRESENTATION_STYLE_ASSIGNMENT((#509));
#511=STYLED_ITEM('',(#510),#508);
#512=DIRECTION('',(1.E0,0.E0,0.E0));
#513=VECTOR('',#512,9.E-1);
#514=CARTESIAN_POINT('',(0.E0,-9.1E0,1.945E1));
#515=LINE('',#514,#513);
#516=CURVE_STYLE('',#43,POSITIVE_LENGTH_MEASURE(2.E-2),#8);
#517=PRESENTATION_STYLE_ASSIGNMENT((#516));
#518=STYLED_ITEM('',(#517),#515);
#519=DIRECTION('',(1.E0,0.E0,0.E0));
#520=VECTOR('',#519,9.E-1);
#521=CARTESIAN_POINT('',(0.E0,-8.E0,1.665E1));
#522=LINE('',#521,#520);
#523=CURVE_STYLE('',#43,POSITIVE_LENGTH_MEASURE(2.E-2),#8);
#524=PRESENTATION_STYLE_ASSIGNMENT((#523));
#525=STYLED_ITEM('',(#524),#522);
#526=DIRECTION('',(1.E0,0.E0,0.E0));
#527=VECTOR('',#526,9.E-1);
#528=CARTESIAN_POINT('',(0.E0,-8.E0,1.365E1));
#529=LINE('',#528,#527);
#530=CURVE_STYLE('',#43,POSITIVE_LENGTH_MEASURE(2.E-2),#8);
#531=PRESENTATION_STYLE_ASSIGNMENT((#530));
#532=STYLED_ITEM('',(#531),#529);
#533=DIRECTION('',(1.E0,0.E0,0.E0));
#534=VECTOR('',#533,9.E-1);
#535=CARTESIAN_POINT('',(0.E0,8.3E0,-1.345E1));
#536=LINE('',#535,#534);
#537=CURVE_STYLE('',#43,POSITIVE_LENGTH_MEASURE(2.E-2),#8);
#538=PRESENTATION_STYLE_ASSIGNMENT((#537));
#539=STYLED_ITEM('',(#538),#536);
#540=DIRECTION('',(1.E0,0.E0,0.E0));
#541=VECTOR('',#540,9.E-1);
#542=CARTESIAN_POINT('',(0.E0,8.3E0,-1.645E1));
#543=LINE('',#542,#541);
#544=CURVE_STYLE('',#43,POSITIVE_LENGTH_MEASURE(2.E-2),#8);
#545=PRESENTATION_STYLE_ASSIGNMENT((#544));
#546=STYLED_ITEM('',(#545),#543);
#547=DIRECTION('',(1.E0,0.E0,0.E0));
#548=VECTOR('',#547,9.E-1);
#549=CARTESIAN_POINT('',(0.E0,1.08E1,2.175E1));
#550=LINE('',#549,#548);
#551=CURVE_STYLE('',#43,POSITIVE_LENGTH_MEASURE(2.E-2),#8);
#552=PRESENTATION_STYLE_ASSIGNMENT((#551));
#553=STYLED_ITEM('',(#552),#550);
#554=DIRECTION('',(1.E0,0.E0,0.E0));
#555=VECTOR('',#554,9.E-1);
#556=CARTESIAN_POINT('',(0.E0,1.08E1,-2.175E1));
#557=LINE('',#556,#555);
#558=CURVE_STYLE('',#43,POSITIVE_LENGTH_MEASURE(2.E-2),#8);
#559=PRESENTATION_STYLE_ASSIGNMENT((#558));
#560=STYLED_ITEM('',(#559),#557);
#561=DIRECTION('',(1.E0,0.E0,0.E0));
#562=VECTOR('',#561,9.E-1);
#563=CARTESIAN_POINT('',(0.E0,-1.08E1,-2.175E1));
#564=LINE('',#563,#562);
#565=CURVE_STYLE('',#43,POSITIVE_LENGTH_MEASURE(2.E-2),#8);
#566=PRESENTATION_STYLE_ASSIGNMENT((#565));
#567=STYLED_ITEM('',(#566),#564);
#568=DIRECTION('',(1.E0,0.E0,0.E0));
#569=VECTOR('',#568,9.E-1);
#570=CARTESIAN_POINT('',(0.E0,-1.08E1,2.175E1));
#571=LINE('',#570,#569);
#572=CURVE_STYLE('',#43,POSITIVE_LENGTH_MEASURE(2.E-2),#8);
#573=PRESENTATION_STYLE_ASSIGNMENT((#572));
#574=STYLED_ITEM('',(#573),#571);
#575=DIRECTION('',(-1.E0,0.E0,0.E0));
#576=VECTOR('',#575,1.05E1);
#577=CARTESIAN_POINT('',(0.E0,-6.E-1,2.135E1));
#578=LINE('',#577,#576);
#579=CURVE_STYLE('',#43,POSITIVE_LENGTH_MEASURE(2.E-2),#8);
#580=PRESENTATION_STYLE_ASSIGNMENT((#579));
#581=STYLED_ITEM('',(#580),#578);
#582=DIRECTION('',(-1.E0,0.E0,0.E0));
#583=VECTOR('',#582,1.05E1);
#584=CARTESIAN_POINT('',(0.E0,-6.E-1,1.315E1));
#585=LINE('',#584,#583);
#586=CURVE_STYLE('',#43,POSITIVE_LENGTH_MEASURE(2.E-2),#8);
#587=PRESENTATION_STYLE_ASSIGNMENT((#586));
#588=STYLED_ITEM('',(#587),#585);
#589=CARTESIAN_POINT('',(-1.05E1,-6.E-1,1.725E1));
#590=DIRECTION('',(-1.E0,0.E0,0.E0));
#591=DIRECTION('',(0.E0,0.E0,1.E0));
#592=AXIS2_PLACEMENT_3D('',#589,#590,#591);
#594=CURVE_STYLE('',#43,POSITIVE_LENGTH_MEASURE(2.E-2),#8);
#595=PRESENTATION_STYLE_ASSIGNMENT((#594));
#596=STYLED_ITEM('',(#595),#593);
#597=CARTESIAN_POINT('',(-1.05E1,-6.E-1,1.725E1));
#598=DIRECTION('',(-1.E0,0.E0,0.E0));
#599=DIRECTION('',(0.E0,0.E0,-1.E0));
#600=AXIS2_PLACEMENT_3D('',#597,#598,#599);
#602=CURVE_STYLE('',#43,POSITIVE_LENGTH_MEASURE(2.E-2),#8);
#603=PRESENTATION_STYLE_ASSIGNMENT((#602));
#604=STYLED_ITEM('',(#603),#601);
#605=DIRECTION('',(-1.E0,0.E0,0.E0));
#606=VECTOR('',#605,7.6E0);
#607=CARTESIAN_POINT('',(0.E0,2.6E0,5.5E-1));
#608=LINE('',#607,#606);
#609=CURVE_STYLE('',#43,POSITIVE_LENGTH_MEASURE(2.E-2),#8);
#610=PRESENTATION_STYLE_ASSIGNMENT((#609));
#611=STYLED_ITEM('',(#610),#608);
#612=DIRECTION('',(-1.E0,0.E0,0.E0));
#613=VECTOR('',#612,7.6E0);
#614=CARTESIAN_POINT('',(0.E0,2.6E0,1.075E1));
#615=LINE('',#614,#613);
#616=CURVE_STYLE('',#43,POSITIVE_LENGTH_MEASURE(2.E-2),#8);
#617=PRESENTATION_STYLE_ASSIGNMENT((#616));
#618=STYLED_ITEM('',(#617),#615);
#619=DIRECTION('',(-1.E0,0.E0,0.E0));
#620=VECTOR('',#619,7.6E0);
#621=CARTESIAN_POINT('',(0.E0,1.6E0,1.175E1));
#622=LINE('',#621,#620);
#623=CURVE_STYLE('',#43,POSITIVE_LENGTH_MEASURE(2.E-2),#8);
#624=PRESENTATION_STYLE_ASSIGNMENT((#623));
#625=STYLED_ITEM('',(#624),#622);
#626=DIRECTION('',(-1.E0,0.E0,0.E0));
#627=VECTOR('',#626,7.6E0);
#628=CARTESIAN_POINT('',(0.E0,-8.6E0,1.175E1));
#629=LINE('',#628,#627);
#630=CURVE_STYLE('',#43,POSITIVE_LENGTH_MEASURE(2.E-2),#8);
#631=PRESENTATION_STYLE_ASSIGNMENT((#630));
#632=STYLED_ITEM('',(#631),#629);
#633=DIRECTION('',(-1.E0,0.E0,0.E0));
#634=VECTOR('',#633,7.6E0);
#635=CARTESIAN_POINT('',(0.E0,-9.6E0,1.075E1));
#636=LINE('',#635,#634);
#637=CURVE_STYLE('',#43,POSITIVE_LENGTH_MEASURE(2.E-2),#8);
#638=PRESENTATION_STYLE_ASSIGNMENT((#637));
#639=STYLED_ITEM('',(#638),#636);
#640=DIRECTION('',(-1.E0,0.E0,0.E0));
#641=VECTOR('',#640,7.6E0);
#642=CARTESIAN_POINT('',(0.E0,-9.6E0,5.5E-1));
#643=LINE('',#642,#641);
#644=CURVE_STYLE('',#43,POSITIVE_LENGTH_MEASURE(2.E-2),#8);
#645=PRESENTATION_STYLE_ASSIGNMENT((#644));
#646=STYLED_ITEM('',(#645),#643);
#647=DIRECTION('',(-1.E0,0.E0,0.E0));
#648=VECTOR('',#647,7.6E0);
#649=CARTESIAN_POINT('',(0.E0,-8.6E0,-4.5E-1));
#650=LINE('',#649,#648);
#651=CURVE_STYLE('',#43,POSITIVE_LENGTH_MEASURE(2.E-2),#8);
#652=PRESENTATION_STYLE_ASSIGNMENT((#651));
#653=STYLED_ITEM('',(#652),#650);
#654=DIRECTION('',(-1.E0,0.E0,0.E0));
#655=VECTOR('',#654,7.6E0);
#656=CARTESIAN_POINT('',(0.E0,1.6E0,-4.5E-1));
#657=LINE('',#656,#655);
#658=CURVE_STYLE('',#43,POSITIVE_LENGTH_MEASURE(2.E-2),#8);
#659=PRESENTATION_STYLE_ASSIGNMENT((#658));
#660=STYLED_ITEM('',(#659),#657);
#661=CARTESIAN_POINT('',(-7.6E0,1.6E0,5.5E-1));
#662=DIRECTION('',(-1.E0,0.E0,0.E0));
#663=DIRECTION('',(0.E0,1.E0,0.E0));
#664=AXIS2_PLACEMENT_3D('',#661,#662,#663);
#666=CURVE_STYLE('',#43,POSITIVE_LENGTH_MEASURE(2.E-2),#8);
#667=PRESENTATION_STYLE_ASSIGNMENT((#666));
#668=STYLED_ITEM('',(#667),#665);
#669=DIRECTION('',(0.E0,0.E0,-1.E0));
#670=VECTOR('',#669,1.02E1);
#671=CARTESIAN_POINT('',(-7.6E0,2.6E0,1.075E1));
#672=LINE('',#671,#670);
#673=CURVE_STYLE('',#43,POSITIVE_LENGTH_MEASURE(2.E-2),#8);
#674=PRESENTATION_STYLE_ASSIGNMENT((#673));
#675=STYLED_ITEM('',(#674),#672);
#676=CARTESIAN_POINT('',(-7.6E0,1.6E0,1.075E1));
#677=DIRECTION('',(-1.E0,0.E0,0.E0));
#678=DIRECTION('',(0.E0,0.E0,1.E0));
#679=AXIS2_PLACEMENT_3D('',#676,#677,#678);
#681=CURVE_STYLE('',#43,POSITIVE_LENGTH_MEASURE(2.E-2),#8);
#682=PRESENTATION_STYLE_ASSIGNMENT((#681));
#683=STYLED_ITEM('',(#682),#680);
#684=DIRECTION('',(0.E0,1.E0,0.E0));
#685=VECTOR('',#684,1.02E1);
#686=CARTESIAN_POINT('',(-7.6E0,-8.6E0,1.175E1));
#687=LINE('',#686,#685);
#688=CURVE_STYLE('',#43,POSITIVE_LENGTH_MEASURE(2.E-2),#8);
#689=PRESENTATION_STYLE_ASSIGNMENT((#688));
#690=STYLED_ITEM('',(#689),#687);
#691=CARTESIAN_POINT('',(-7.6E0,-8.6E0,1.075E1));
#692=DIRECTION('',(-1.E0,0.E0,0.E0));
#693=DIRECTION('',(0.E0,-1.E0,0.E0));
#694=AXIS2_PLACEMENT_3D('',#691,#692,#693);
#696=CURVE_STYLE('',#43,POSITIVE_LENGTH_MEASURE(2.E-2),#8);
#697=PRESENTATION_STYLE_ASSIGNMENT((#696));
#698=STYLED_ITEM('',(#697),#695);
#699=DIRECTION('',(0.E0,0.E0,1.E0));
#700=VECTOR('',#699,1.02E1);
#701=CARTESIAN_POINT('',(-7.6E0,-9.6E0,5.5E-1));
#702=LINE('',#701,#700);
#703=CURVE_STYLE('',#43,POSITIVE_LENGTH_MEASURE(2.E-2),#8);
#704=PRESENTATION_STYLE_ASSIGNMENT((#703));
#705=STYLED_ITEM('',(#704),#702);
#706=CARTESIAN_POINT('',(-7.6E0,-8.6E0,5.5E-1));
#707=DIRECTION('',(-1.E0,0.E0,0.E0));
#708=DIRECTION('',(0.E0,0.E0,-1.E0));
#709=AXIS2_PLACEMENT_3D('',#706,#707,#708);
#711=CURVE_STYLE('',#43,POSITIVE_LENGTH_MEASURE(2.E-2),#8);
#712=PRESENTATION_STYLE_ASSIGNMENT((#711));
#713=STYLED_ITEM('',(#712),#710);
#714=DIRECTION('',(0.E0,-1.E0,0.E0));
#715=VECTOR('',#714,1.02E1);
#716=CARTESIAN_POINT('',(-7.6E0,1.6E0,-4.5E-1));
#717=LINE('',#716,#715);
#718=CURVE_STYLE('',#43,POSITIVE_LENGTH_MEASURE(2.E-2),#8);
#719=PRESENTATION_STYLE_ASSIGNMENT((#718));
#720=STYLED_ITEM('',(#719),#717);
#721=DIRECTION('',(-1.E0,0.E0,0.E0));
#722=VECTOR('',#721,9.5E0);
#723=CARTESIAN_POINT('',(0.E0,8.8E0,2.35E0));
#724=LINE('',#723,#722);
#725=CURVE_STYLE('',#43,POSITIVE_LENGTH_MEASURE(2.E-2),#8);
#726=PRESENTATION_STYLE_ASSIGNMENT((#725));
#727=STYLED_ITEM('',(#726),#724);
#728=DIRECTION('',(-1.E0,0.E0,0.E0));
#729=VECTOR('',#728,9.5E0);
#730=CARTESIAN_POINT('',(0.E0,8.8E0,1.185E1));
#731=LINE('',#730,#729);
#732=CURVE_STYLE('',#43,POSITIVE_LENGTH_MEASURE(2.E-2),#8);
#733=PRESENTATION_STYLE_ASSIGNMENT((#732));
#734=STYLED_ITEM('',(#733),#731);
#735=DIRECTION('',(-1.E0,0.E0,0.E0));
#736=VECTOR('',#735,9.5E0);
#737=CARTESIAN_POINT('',(0.E0,4.E0,1.185E1));
#738=LINE('',#737,#736);
#739=CURVE_STYLE('',#43,POSITIVE_LENGTH_MEASURE(2.E-2),#8);
#740=PRESENTATION_STYLE_ASSIGNMENT((#739));
#741=STYLED_ITEM('',(#740),#738);
#742=DIRECTION('',(-1.E0,0.E0,0.E0));
#743=VECTOR('',#742,9.5E0);
#744=CARTESIAN_POINT('',(0.E0,4.E0,2.35E0));
#745=LINE('',#744,#743);
#746=CURVE_STYLE('',#43,POSITIVE_LENGTH_MEASURE(2.E-2),#8);
#747=PRESENTATION_STYLE_ASSIGNMENT((#746));
#748=STYLED_ITEM('',(#747),#745);
#749=DIRECTION('',(0.E0,-1.E0,0.E0));
#750=VECTOR('',#749,4.8E0);
#751=CARTESIAN_POINT('',(-9.5E0,8.8E0,2.35E0));
#752=LINE('',#751,#750);
#753=CURVE_STYLE('',#43,POSITIVE_LENGTH_MEASURE(2.E-2),#8);
#754=PRESENTATION_STYLE_ASSIGNMENT((#753));
#755=STYLED_ITEM('',(#754),#752);
#756=DIRECTION('',(0.E0,0.E0,-1.E0));
#757=VECTOR('',#756,9.5E0);
#758=CARTESIAN_POINT('',(-9.5E0,8.8E0,1.185E1));
#759=LINE('',#758,#757);
#760=CURVE_STYLE('',#43,POSITIVE_LENGTH_MEASURE(2.E-2),#8);
#761=PRESENTATION_STYLE_ASSIGNMENT((#760));
#762=STYLED_ITEM('',(#761),#759);
#763=DIRECTION('',(0.E0,1.E0,0.E0));
#764=VECTOR('',#763,4.8E0);
#765=CARTESIAN_POINT('',(-9.5E0,4.E0,1.185E1));
#766=LINE('',#765,#764);
#767=CURVE_STYLE('',#43,POSITIVE_LENGTH_MEASURE(2.E-2),#8);
#768=PRESENTATION_STYLE_ASSIGNMENT((#767));
#769=STYLED_ITEM('',(#768),#766);
#770=DIRECTION('',(0.E0,0.E0,1.E0));
#771=VECTOR('',#770,9.5E0);
#772=CARTESIAN_POINT('',(-9.5E0,4.E0,2.35E0));
#773=LINE('',#772,#771);
#774=CURVE_STYLE('',#43,POSITIVE_LENGTH_MEASURE(2.E-2),#8);
#775=PRESENTATION_STYLE_ASSIGNMENT((#774));
#776=STYLED_ITEM('',(#775),#773);
#777=CARTESIAN_POINT('',(-9.5E0,7.3E0,3.85E0));
#778=DIRECTION('',(-1.E0,0.E0,0.E0));
#779=DIRECTION('',(0.E0,0.E0,1.E0));
#780=AXIS2_PLACEMENT_3D('',#777,#778,#779);
#782=CURVE_STYLE('',#43,POSITIVE_LENGTH_MEASURE(2.E-2),#8);
#783=PRESENTATION_STYLE_ASSIGNMENT((#782));
#784=STYLED_ITEM('',(#783),#781);
#785=CARTESIAN_POINT('',(-9.5E0,7.3E0,3.85E0));
#786=DIRECTION('',(-1.E0,0.E0,0.E0));
#787=DIRECTION('',(0.E0,0.E0,-1.E0));
#788=AXIS2_PLACEMENT_3D('',#785,#786,#787);
#790=CURVE_STYLE('',#43,POSITIVE_LENGTH_MEASURE(2.E-2),#8);
#791=PRESENTATION_STYLE_ASSIGNMENT((#790));
#792=STYLED_ITEM('',(#791),#789);
#793=DIRECTION('',(-1.E0,0.E0,0.E0));
#794=VECTOR('',#793,1.6E0);
#795=CARTESIAN_POINT('',(-9.5E0,7.3E0,5.1E0));
#796=LINE('',#795,#794);
#797=CURVE_STYLE('',#43,POSITIVE_LENGTH_MEASURE(2.E-2),#8);
#798=PRESENTATION_STYLE_ASSIGNMENT((#797));
#799=STYLED_ITEM('',(#798),#796);
#800=DIRECTION('',(-1.E0,0.E0,0.E0));
#801=VECTOR('',#800,1.6E0);
#802=CARTESIAN_POINT('',(-9.5E0,7.3E0,2.6E0));
#803=LINE('',#802,#801);
#804=CURVE_STYLE('',#43,POSITIVE_LENGTH_MEASURE(2.E-2),#8);
#805=PRESENTATION_STYLE_ASSIGNMENT((#804));
#806=STYLED_ITEM('',(#805),#803);
#807=CARTESIAN_POINT('',(-1.11E1,7.3E0,3.85E0));
#808=DIRECTION('',(-1.E0,0.E0,0.E0));
#809=DIRECTION('',(0.E0,0.E0,1.E0));
#810=AXIS2_PLACEMENT_3D('',#807,#808,#809);
#812=CURVE_STYLE('',#43,POSITIVE_LENGTH_MEASURE(2.E-2),#8);
#813=PRESENTATION_STYLE_ASSIGNMENT((#812));
#814=STYLED_ITEM('',(#813),#811);
#815=CARTESIAN_POINT('',(-1.11E1,7.3E0,3.85E0));
#816=DIRECTION('',(-1.E0,0.E0,0.E0));
#817=DIRECTION('',(0.E0,0.E0,-1.E0));
#818=AXIS2_PLACEMENT_3D('',#815,#816,#817);
#820=CURVE_STYLE('',#43,POSITIVE_LENGTH_MEASURE(2.E-2),#8);
#821=PRESENTATION_STYLE_ASSIGNMENT((#820));
#822=STYLED_ITEM('',(#821),#819);
#823=DIRECTION('',(-1.E0,0.E0,0.E0));
#824=VECTOR('',#823,1.07E1);
#825=CARTESIAN_POINT('',(0.E0,-2.E-1,-1.38E1));
#826=LINE('',#825,#824);
#827=CURVE_STYLE('',#43,POSITIVE_LENGTH_MEASURE(2.E-2),#8);
#828=PRESENTATION_STYLE_ASSIGNMENT((#827));
#829=STYLED_ITEM('',(#828),#826);
#830=DIRECTION('',(-1.E0,0.E0,0.E0));
#831=VECTOR('',#830,1.07E1);
#832=CARTESIAN_POINT('',(0.E0,-2.E-1,-2.11E1));
#833=LINE('',#832,#831);
#834=CURVE_STYLE('',#43,POSITIVE_LENGTH_MEASURE(2.E-2),#8);
#835=PRESENTATION_STYLE_ASSIGNMENT((#834));
#836=STYLED_ITEM('',(#835),#833);
#837=CARTESIAN_POINT('',(-1.07E1,-2.E-1,-1.745E1));
#838=DIRECTION('',(-1.E0,0.E0,0.E0));
#839=DIRECTION('',(0.E0,0.E0,1.E0));
#840=AXIS2_PLACEMENT_3D('',#837,#838,#839);
#842=CURVE_STYLE('',#43,POSITIVE_LENGTH_MEASURE(2.E-2),#8);
#843=PRESENTATION_STYLE_ASSIGNMENT((#842));
#844=STYLED_ITEM('',(#843),#841);
#845=CARTESIAN_POINT('',(-1.07E1,-2.E-1,-1.745E1));
#846=DIRECTION('',(-1.E0,0.E0,0.E0));
#847=DIRECTION('',(0.E0,0.E0,-1.E0));
#848=AXIS2_PLACEMENT_3D('',#845,#846,#847);
#850=CURVE_STYLE('',#43,POSITIVE_LENGTH_MEASURE(2.E-2),#8);
#851=PRESENTATION_STYLE_ASSIGNMENT((#850));
#852=STYLED_ITEM('',(#851),#849);
#853=DIRECTION('',(-1.E0,0.E0,0.E0));
#854=VECTOR('',#853,2.1E0);
#855=CARTESIAN_POINT('',(0.E0,-7.3E0,-1.115E1));
#856=LINE('',#855,#854);
#857=CURVE_STYLE('',#43,POSITIVE_LENGTH_MEASURE(2.E-2),#8);
#858=PRESENTATION_STYLE_ASSIGNMENT((#857));
#859=STYLED_ITEM('',(#858),#856);
#860=DIRECTION('',(-1.E0,0.E0,0.E0));
#861=VECTOR('',#860,2.1E0);
#862=CARTESIAN_POINT('',(0.E0,-7.3E0,-6.85E0));
#863=LINE('',#862,#861);
#864=CURVE_STYLE('',#43,POSITIVE_LENGTH_MEASURE(2.E-2),#8);
#865=PRESENTATION_STYLE_ASSIGNMENT((#864));
#866=STYLED_ITEM('',(#865),#863);
#867=DIRECTION('',(-1.E0,0.E0,0.E0));
#868=VECTOR('',#867,2.1E0);
#869=CARTESIAN_POINT('',(0.E0,-9.8E0,-6.85E0));
#870=LINE('',#869,#868);
#871=CURVE_STYLE('',#43,POSITIVE_LENGTH_MEASURE(2.E-2),#8);
#872=PRESENTATION_STYLE_ASSIGNMENT((#871));
#873=STYLED_ITEM('',(#872),#870);
#874=DIRECTION('',(-1.E0,0.E0,0.E0));
#875=VECTOR('',#874,2.1E0);
#876=CARTESIAN_POINT('',(0.E0,-9.8E0,-1.115E1));
#877=LINE('',#876,#875);
#878=CURVE_STYLE('',#43,POSITIVE_LENGTH_MEASURE(2.E-2),#8);
#879=PRESENTATION_STYLE_ASSIGNMENT((#878));
#880=STYLED_ITEM('',(#879),#877);
#881=DIRECTION('',(0.E0,-1.E0,0.E0));
#882=VECTOR('',#881,2.5E0);
#883=CARTESIAN_POINT('',(-2.1E0,-7.3E0,-1.115E1));
#884=LINE('',#883,#882);
#885=CURVE_STYLE('',#43,POSITIVE_LENGTH_MEASURE(2.E-2),#8);
#886=PRESENTATION_STYLE_ASSIGNMENT((#885));
#887=STYLED_ITEM('',(#886),#884);
#888=DIRECTION('',(0.E0,0.E0,-1.E0));
#889=VECTOR('',#888,4.3E0);
#890=CARTESIAN_POINT('',(-2.1E0,-7.3E0,-6.85E0));
#891=LINE('',#890,#889);
#892=CURVE_STYLE('',#43,POSITIVE_LENGTH_MEASURE(2.E-2),#8);
#893=PRESENTATION_STYLE_ASSIGNMENT((#892));
#894=STYLED_ITEM('',(#893),#891);
#895=DIRECTION('',(0.E0,1.E0,0.E0));
#896=VECTOR('',#895,2.5E0);
#897=CARTESIAN_POINT('',(-2.1E0,-9.8E0,-6.85E0));
#898=LINE('',#897,#896);
#899=CURVE_STYLE('',#43,POSITIVE_LENGTH_MEASURE(2.E-2),#8);
#900=PRESENTATION_STYLE_ASSIGNMENT((#899));
#901=STYLED_ITEM('',(#900),#898);
#902=DIRECTION('',(0.E0,0.E0,1.E0));
#903=VECTOR('',#902,4.3E0);
#904=CARTESIAN_POINT('',(-2.1E0,-9.8E0,-1.115E1));
#905=LINE('',#904,#903);
#906=CURVE_STYLE('',#43,POSITIVE_LENGTH_MEASURE(2.E-2),#8);
#907=PRESENTATION_STYLE_ASSIGNMENT((#906));
#908=STYLED_ITEM('',(#907),#905);
#909=DIRECTION('',(-1.E0,0.E0,0.E0));
#910=VECTOR('',#909,4.7E0);
#911=CARTESIAN_POINT('',(0.E0,8.5E0,-1.175E1));
#912=LINE('',#911,#910);
#913=CURVE_STYLE('',#43,POSITIVE_LENGTH_MEASURE(2.E-2),#8);
#914=PRESENTATION_STYLE_ASSIGNMENT((#913));
#915=STYLED_ITEM('',(#914),#912);
#916=DIRECTION('',(-1.E0,0.E0,0.E0));
#917=VECTOR('',#916,4.7E0);
#918=CARTESIAN_POINT('',(0.E0,8.5E0,-2.25E0));
#919=LINE('',#918,#917);
#920=CURVE_STYLE('',#43,POSITIVE_LENGTH_MEASURE(2.E-2),#8);
#921=PRESENTATION_STYLE_ASSIGNMENT((#920));
#922=STYLED_ITEM('',(#921),#919);
#923=DIRECTION('',(-1.E0,0.E0,0.E0));
#924=VECTOR('',#923,4.7E0);
#925=CARTESIAN_POINT('',(0.E0,2.E-1,-2.25E0));
#926=LINE('',#925,#924);
#927=CURVE_STYLE('',#43,POSITIVE_LENGTH_MEASURE(2.E-2),#8);
#928=PRESENTATION_STYLE_ASSIGNMENT((#927));
#929=STYLED_ITEM('',(#928),#926);
#930=DIRECTION('',(-1.E0,0.E0,0.E0));
#931=VECTOR('',#930,4.7E0);
#932=CARTESIAN_POINT('',(0.E0,2.E-1,-1.175E1));
#933=LINE('',#932,#931);
#934=CURVE_STYLE('',#43,POSITIVE_LENGTH_MEASURE(2.E-2),#8);
#935=PRESENTATION_STYLE_ASSIGNMENT((#934));
#936=STYLED_ITEM('',(#935),#933);
#937=DIRECTION('',(0.E0,-1.E0,0.E0));
#938=VECTOR('',#937,8.3E0);
#939=CARTESIAN_POINT('',(-4.7E0,8.5E0,-1.175E1));
#940=LINE('',#939,#938);
#941=CURVE_STYLE('',#43,POSITIVE_LENGTH_MEASURE(2.E-2),#8);
#942=PRESENTATION_STYLE_ASSIGNMENT((#941));
#943=STYLED_ITEM('',(#942),#940);
#944=DIRECTION('',(0.E0,0.E0,-1.E0));
#945=VECTOR('',#944,9.5E0);
#946=CARTESIAN_POINT('',(-4.7E0,8.5E0,-2.25E0));
#947=LINE('',#946,#945);
#948=CURVE_STYLE('',#43,POSITIVE_LENGTH_MEASURE(2.E-2),#8);
#949=PRESENTATION_STYLE_ASSIGNMENT((#948));
#950=STYLED_ITEM('',(#949),#947);
#951=DIRECTION('',(0.E0,1.E0,0.E0));
#952=VECTOR('',#951,8.3E0);
#953=CARTESIAN_POINT('',(-4.7E0,2.E-1,-2.25E0));
#954=LINE('',#953,#952);
#955=CURVE_STYLE('',#43,POSITIVE_LENGTH_MEASURE(2.E-2),#8);
#956=PRESENTATION_STYLE_ASSIGNMENT((#955));
#957=STYLED_ITEM('',(#956),#954);
#958=DIRECTION('',(0.E0,0.E0,1.E0));
#959=VECTOR('',#958,9.5E0);
#960=CARTESIAN_POINT('',(-4.7E0,2.E-1,-1.175E1));
#961=LINE('',#960,#959);
#962=CURVE_STYLE('',#43,POSITIVE_LENGTH_MEASURE(2.E-2),#8);
#963=PRESENTATION_STYLE_ASSIGNMENT((#962));
#964=STYLED_ITEM('',(#963),#961);
#965=CARTESIAN_POINT('',(0.E0,9.1E0,-1.945E1));
#966=CARTESIAN_POINT('',(0.E0,9.1E0,-2.065E1));
#967=VERTEX_POINT('',#965);
#968=VERTEX_POINT('',#966);
#969=CARTESIAN_POINT('',(0.E0,-9.1E0,-1.945E1));
#970=CARTESIAN_POINT('',(0.E0,-9.1E0,-2.065E1));
#971=VERTEX_POINT('',#969);
#972=VERTEX_POINT('',#970);
#973=CARTESIAN_POINT('',(0.E0,9.1E0,2.065E1));
#974=CARTESIAN_POINT('',(0.E0,9.1E0,1.945E1));
#975=VERTEX_POINT('',#973);
#976=VERTEX_POINT('',#974);
#977=CARTESIAN_POINT('',(0.E0,-9.1E0,2.065E1));
#978=CARTESIAN_POINT('',(0.E0,-9.1E0,1.945E1));
#979=VERTEX_POINT('',#977);
#980=VERTEX_POINT('',#978);
#981=CARTESIAN_POINT('',(0.E0,-8.E0,1.665E1));
#982=CARTESIAN_POINT('',(0.E0,-8.E0,1.365E1));
#983=VERTEX_POINT('',#981);
#984=VERTEX_POINT('',#982);
#985=CARTESIAN_POINT('',(0.E0,8.3E0,-1.345E1));
#986=CARTESIAN_POINT('',(0.E0,8.3E0,-1.645E1));
#987=VERTEX_POINT('',#985);
#988=VERTEX_POINT('',#986);
#989=CARTESIAN_POINT('',(0.E0,1.08E1,2.175E1));
#990=CARTESIAN_POINT('',(0.E0,1.08E1,-2.175E1));
#991=VERTEX_POINT('',#989);
#992=VERTEX_POINT('',#990);
#993=CARTESIAN_POINT('',(0.E0,-1.08E1,-2.175E1));
#994=VERTEX_POINT('',#993);
#995=CARTESIAN_POINT('',(0.E0,-1.08E1,2.175E1));
#996=VERTEX_POINT('',#995);
#997=CARTESIAN_POINT('',(9.E-1,9.1E0,-1.945E1));
#998=CARTESIAN_POINT('',(9.E-1,9.1E0,-2.065E1));
#999=VERTEX_POINT('',#997);
#1000=VERTEX_POINT('',#998);
#1001=CARTESIAN_POINT('',(9.E-1,-9.1E0,-1.945E1));
#1002=CARTESIAN_POINT('',(9.E-1,-9.1E0,-2.065E1));
#1003=VERTEX_POINT('',#1001);
#1004=VERTEX_POINT('',#1002);
#1005=CARTESIAN_POINT('',(9.E-1,9.1E0,2.065E1));
#1006=CARTESIAN_POINT('',(9.E-1,9.1E0,1.945E1));
#1007=VERTEX_POINT('',#1005);
#1008=VERTEX_POINT('',#1006);
#1009=CARTESIAN_POINT('',(9.E-1,-9.1E0,2.065E1));
#1010=CARTESIAN_POINT('',(9.E-1,-9.1E0,1.945E1));
#1011=VERTEX_POINT('',#1009);
#1012=VERTEX_POINT('',#1010);
#1013=CARTESIAN_POINT('',(9.E-1,-8.E0,1.665E1));
#1014=CARTESIAN_POINT('',(9.E-1,-8.E0,1.365E1));
#1015=VERTEX_POINT('',#1013);
#1016=VERTEX_POINT('',#1014);
#1017=CARTESIAN_POINT('',(9.E-1,8.3E0,-1.345E1));
#1018=CARTESIAN_POINT('',(9.E-1,8.3E0,-1.645E1));
#1019=VERTEX_POINT('',#1017);
#1020=VERTEX_POINT('',#1018);
#1021=CARTESIAN_POINT('',(9.E-1,1.08E1,2.175E1));
#1022=CARTESIAN_POINT('',(9.E-1,1.08E1,-2.175E1));
#1023=VERTEX_POINT('',#1021);
#1024=VERTEX_POINT('',#1022);
#1025=CARTESIAN_POINT('',(9.E-1,-1.08E1,-2.175E1));
#1026=VERTEX_POINT('',#1025);
#1027=CARTESIAN_POINT('',(9.E-1,-1.08E1,2.175E1));
#1028=VERTEX_POINT('',#1027);
#1029=CARTESIAN_POINT('',(-1.05E1,-6.E-1,2.135E1));
#1030=CARTESIAN_POINT('',(-1.05E1,-6.E-1,1.315E1));
#1031=VERTEX_POINT('',#1029);
#1032=VERTEX_POINT('',#1030);
#1033=CARTESIAN_POINT('',(0.E0,-6.E-1,2.135E1));
#1034=CARTESIAN_POINT('',(0.E0,-6.E-1,1.315E1));
#1035=VERTEX_POINT('',#1033);
#1036=VERTEX_POINT('',#1034);
#1037=CARTESIAN_POINT('',(-7.6E0,2.6E0,5.5E-1));
#1038=CARTESIAN_POINT('',(-7.6E0,1.6E0,-4.5E-1));
#1039=VERTEX_POINT('',#1037);
#1040=VERTEX_POINT('',#1038);
#1041=CARTESIAN_POINT('',(-7.6E0,-8.6E0,-4.5E-1));
#1042=VERTEX_POINT('',#1041);
#1043=CARTESIAN_POINT('',(-7.6E0,-9.6E0,5.5E-1));
#1044=VERTEX_POINT('',#1043);
#1045=CARTESIAN_POINT('',(-7.6E0,-9.6E0,1.075E1));
#1046=VERTEX_POINT('',#1045);
#1047=CARTESIAN_POINT('',(-7.6E0,-8.6E0,1.175E1));
#1048=VERTEX_POINT('',#1047);
#1049=CARTESIAN_POINT('',(-7.6E0,1.6E0,1.175E1));
#1050=VERTEX_POINT('',#1049);
#1051=CARTESIAN_POINT('',(-7.6E0,2.6E0,1.075E1));
#1052=VERTEX_POINT('',#1051);
#1053=CARTESIAN_POINT('',(0.E0,2.6E0,5.5E-1));
#1054=CARTESIAN_POINT('',(0.E0,1.6E0,-4.5E-1));
#1055=VERTEX_POINT('',#1053);
#1056=VERTEX_POINT('',#1054);
#1057=CARTESIAN_POINT('',(0.E0,-8.6E0,-4.5E-1));
#1058=VERTEX_POINT('',#1057);
#1059=CARTESIAN_POINT('',(0.E0,-9.6E0,5.5E-1));
#1060=VERTEX_POINT('',#1059);
#1061=CARTESIAN_POINT('',(0.E0,-9.6E0,1.075E1));
#1062=VERTEX_POINT('',#1061);
#1063=CARTESIAN_POINT('',(0.E0,-8.6E0,1.175E1));
#1064=VERTEX_POINT('',#1063);
#1065=CARTESIAN_POINT('',(0.E0,1.6E0,1.175E1));
#1066=VERTEX_POINT('',#1065);
#1067=CARTESIAN_POINT('',(0.E0,2.6E0,1.075E1));
#1068=VERTEX_POINT('',#1067);
#1069=CARTESIAN_POINT('',(-9.5E0,8.8E0,2.35E0));
#1070=CARTESIAN_POINT('',(-9.5E0,4.E0,2.35E0));
#1071=VERTEX_POINT('',#1069);
#1072=VERTEX_POINT('',#1070);
#1073=CARTESIAN_POINT('',(-9.5E0,4.E0,1.185E1));
#1074=VERTEX_POINT('',#1073);
#1075=CARTESIAN_POINT('',(-9.5E0,8.8E0,1.185E1));
#1076=VERTEX_POINT('',#1075);
#1077=CARTESIAN_POINT('',(0.E0,8.8E0,2.35E0));
#1078=CARTESIAN_POINT('',(0.E0,4.E0,2.35E0));
#1079=VERTEX_POINT('',#1077);
#1080=VERTEX_POINT('',#1078);
#1081=CARTESIAN_POINT('',(0.E0,4.E0,1.185E1));
#1082=VERTEX_POINT('',#1081);
#1083=CARTESIAN_POINT('',(0.E0,8.8E0,1.185E1));
#1084=VERTEX_POINT('',#1083);
#1085=CARTESIAN_POINT('',(-1.11E1,7.3E0,5.1E0));
#1086=CARTESIAN_POINT('',(-1.11E1,7.3E0,2.6E0));
#1087=VERTEX_POINT('',#1085);
#1088=VERTEX_POINT('',#1086);
#1089=CARTESIAN_POINT('',(-9.5E0,7.3E0,5.1E0));
#1090=CARTESIAN_POINT('',(-9.5E0,7.3E0,2.6E0));
#1091=VERTEX_POINT('',#1089);
#1092=VERTEX_POINT('',#1090);
#1093=CARTESIAN_POINT('',(-1.07E1,-2.E-1,-1.38E1));
#1094=CARTESIAN_POINT('',(-1.07E1,-2.E-1,-2.11E1));
#1095=VERTEX_POINT('',#1093);
#1096=VERTEX_POINT('',#1094);
#1097=CARTESIAN_POINT('',(0.E0,-2.E-1,-1.38E1));
#1098=CARTESIAN_POINT('',(0.E0,-2.E-1,-2.11E1));
#1099=VERTEX_POINT('',#1097);
#1100=VERTEX_POINT('',#1098);
#1101=CARTESIAN_POINT('',(-2.1E0,-7.3E0,-1.115E1));
#1102=CARTESIAN_POINT('',(-2.1E0,-9.8E0,-1.115E1));
#1103=VERTEX_POINT('',#1101);
#1104=VERTEX_POINT('',#1102);
#1105=CARTESIAN_POINT('',(-2.1E0,-9.8E0,-6.85E0));
#1106=VERTEX_POINT('',#1105);
#1107=CARTESIAN_POINT('',(-2.1E0,-7.3E0,-6.85E0));
#1108=VERTEX_POINT('',#1107);
#1109=CARTESIAN_POINT('',(0.E0,-7.3E0,-1.115E1));
#1110=CARTESIAN_POINT('',(0.E0,-9.8E0,-1.115E1));
#1111=VERTEX_POINT('',#1109);
#1112=VERTEX_POINT('',#1110);
#1113=CARTESIAN_POINT('',(0.E0,-9.8E0,-6.85E0));
#1114=VERTEX_POINT('',#1113);
#1115=CARTESIAN_POINT('',(0.E0,-7.3E0,-6.85E0));
#1116=VERTEX_POINT('',#1115);
#1117=CARTESIAN_POINT('',(-4.7E0,8.5E0,-1.175E1));
#1118=CARTESIAN_POINT('',(-4.7E0,2.E-1,-1.175E1));
#1119=VERTEX_POINT('',#1117);
#1120=VERTEX_POINT('',#1118);
#1121=CARTESIAN_POINT('',(-4.7E0,2.E-1,-2.25E0));
#1122=VERTEX_POINT('',#1121);
#1123=CARTESIAN_POINT('',(-4.7E0,8.5E0,-2.25E0));
#1124=VERTEX_POINT('',#1123);
#1125=CARTESIAN_POINT('',(0.E0,8.5E0,-1.175E1));
#1126=CARTESIAN_POINT('',(0.E0,2.E-1,-1.175E1));
#1127=VERTEX_POINT('',#1125);
#1128=VERTEX_POINT('',#1126);
#1129=CARTESIAN_POINT('',(0.E0,2.E-1,-2.25E0));
#1130=VERTEX_POINT('',#1129);
#1131=CARTESIAN_POINT('',(0.E0,8.5E0,-2.25E0));
#1132=VERTEX_POINT('',#1131);
#1133=CARTESIAN_POINT('',(0.E0,0.E0,0.E0));
#1134=DIRECTION('',(-1.E0,0.E0,0.E0));
#1135=DIRECTION('',(0.E0,0.E0,1.E0));
#1136=AXIS2_PLACEMENT_3D('',#1133,#1134,#1135);
#1137=PLANE('',#1136);
#1139=ORIENTED_EDGE('',*,*,#1138,.F.);
#1141=ORIENTED_EDGE('',*,*,#1140,.F.);
#1143=ORIENTED_EDGE('',*,*,#1142,.F.);
#1145=ORIENTED_EDGE('',*,*,#1144,.F.);
#1146=EDGE_LOOP('',(#1139,#1141,#1143,#1145));
#1147=FACE_OUTER_BOUND('',#1146,.F.);
#1149=ORIENTED_EDGE('',*,*,#1148,.F.);
#1151=ORIENTED_EDGE('',*,*,#1150,.F.);
#1152=EDGE_LOOP('',(#1149,#1151));
#1153=FACE_BOUND('',#1152,.F.);
#1155=ORIENTED_EDGE('',*,*,#1154,.F.);
#1157=ORIENTED_EDGE('',*,*,#1156,.F.);
#1158=EDGE_LOOP('',(#1155,#1157));
#1159=FACE_BOUND('',#1158,.F.);
#1161=ORIENTED_EDGE('',*,*,#1160,.F.);
#1163=ORIENTED_EDGE('',*,*,#1162,.F.);
#1164=EDGE_LOOP('',(#1161,#1163));
#1165=FACE_BOUND('',#1164,.F.);
#1167=ORIENTED_EDGE('',*,*,#1166,.F.);
#1169=ORIENTED_EDGE('',*,*,#1168,.F.);
#1170=EDGE_LOOP('',(#1167,#1169));
#1171=FACE_BOUND('',#1170,.F.);
#1173=ORIENTED_EDGE('',*,*,#1172,.F.);
#1175=ORIENTED_EDGE('',*,*,#1174,.F.);
#1176=EDGE_LOOP('',(#1173,#1175));
#1177=FACE_BOUND('',#1176,.F.);
#1179=ORIENTED_EDGE('',*,*,#1178,.F.);
#1181=ORIENTED_EDGE('',*,*,#1180,.F.);
#1182=EDGE_LOOP('',(#1179,#1181));
#1183=FACE_BOUND('',#1182,.F.);
#1185=ORIENTED_EDGE('',*,*,#1184,.T.);
#1187=ORIENTED_EDGE('',*,*,#1186,.T.);
#1188=EDGE_LOOP('',(#1185,#1187));
#1189=FACE_BOUND('',#1188,.F.);
#1191=ORIENTED_EDGE('',*,*,#1190,.T.);
#1193=ORIENTED_EDGE('',*,*,#1192,.T.);
#1195=ORIENTED_EDGE('',*,*,#1194,.T.);
#1197=ORIENTED_EDGE('',*,*,#1196,.T.);
#1199=ORIENTED_EDGE('',*,*,#1198,.T.);
#1201=ORIENTED_EDGE('',*,*,#1200,.T.);
#1203=ORIENTED_EDGE('',*,*,#1202,.T.);
#1205=ORIENTED_EDGE('',*,*,#1204,.T.);
#1206=EDGE_LOOP('',(#1191,#1193,#1195,#1197,#1199,#1201,#1203,#1205));
#1207=FACE_BOUND('',#1206,.F.);
#1209=ORIENTED_EDGE('',*,*,#1208,.T.);
#1211=ORIENTED_EDGE('',*,*,#1210,.T.);
#1213=ORIENTED_EDGE('',*,*,#1212,.T.);
#1215=ORIENTED_EDGE('',*,*,#1214,.T.);
#1216=EDGE_LOOP('',(#1209,#1211,#1213,#1215));
#1217=FACE_BOUND('',#1216,.F.);
#1219=ORIENTED_EDGE('',*,*,#1218,.T.);
#1221=ORIENTED_EDGE('',*,*,#1220,.T.);
#1222=EDGE_LOOP('',(#1219,#1221));
#1223=FACE_BOUND('',#1222,.F.);
#1225=ORIENTED_EDGE('',*,*,#1224,.T.);
#1227=ORIENTED_EDGE('',*,*,#1226,.T.);
#1229=ORIENTED_EDGE('',*,*,#1228,.T.);
#1231=ORIENTED_EDGE('',*,*,#1230,.T.);
#1232=EDGE_LOOP('',(#1225,#1227,#1229,#1231));
#1233=FACE_BOUND('',#1232,.F.);
#1235=ORIENTED_EDGE('',*,*,#1234,.T.);
#1237=ORIENTED_EDGE('',*,*,#1236,.T.);
#1239=ORIENTED_EDGE('',*,*,#1238,.T.);
#1241=ORIENTED_EDGE('',*,*,#1240,.T.);
#1242=EDGE_LOOP('',(#1235,#1237,#1239,#1241));
#1243=FACE_BOUND('',#1242,.F.);
#1245=CARTESIAN_POINT('',(0.E0,9.1E0,-2.005E1));
#1246=DIRECTION('',(-1.E0,0.E0,0.E0));
#1247=DIRECTION('',(0.E0,0.E0,1.E0));
#1248=AXIS2_PLACEMENT_3D('',#1245,#1246,#1247);
#1249=CYLINDRICAL_SURFACE('',#1248,6.E-1);
#1250=ORIENTED_EDGE('',*,*,#1178,.T.);
#1252=ORIENTED_EDGE('',*,*,#1251,.T.);
#1254=ORIENTED_EDGE('',*,*,#1253,.F.);
#1256=ORIENTED_EDGE('',*,*,#1255,.F.);
#1257=EDGE_LOOP('',(#1250,#1252,#1254,#1256));
#1258=FACE_OUTER_BOUND('',#1257,.F.);
#1260=CARTESIAN_POINT('',(0.E0,9.1E0,-2.005E1));
#1261=DIRECTION('',(-1.E0,0.E0,0.E0));
#1262=DIRECTION('',(0.E0,0.E0,1.E0));
#1263=AXIS2_PLACEMENT_3D('',#1260,#1261,#1262);
#1264=CYLINDRICAL_SURFACE('',#1263,6.E-1);
#1265=ORIENTED_EDGE('',*,*,#1180,.T.);
#1266=ORIENTED_EDGE('',*,*,#1255,.T.);
#1268=ORIENTED_EDGE('',*,*,#1267,.F.);
#1269=ORIENTED_EDGE('',*,*,#1251,.F.);
#1270=EDGE_LOOP('',(#1265,#1266,#1268,#1269));
#1271=FACE_OUTER_BOUND('',#1270,.F.);
#1273=CARTESIAN_POINT('',(9.E-1,0.E0,0.E0));
#1274=DIRECTION('',(-1.E0,0.E0,0.E0));
#1275=DIRECTION('',(0.E0,0.E0,1.E0));
#1276=AXIS2_PLACEMENT_3D('',#1273,#1274,#1275);
#1277=PLANE('',#1276);
#1279=ORIENTED_EDGE('',*,*,#1278,.T.);
#1281=ORIENTED_EDGE('',*,*,#1280,.T.);
#1283=ORIENTED_EDGE('',*,*,#1282,.T.);
#1285=ORIENTED_EDGE('',*,*,#1284,.T.);
#1286=EDGE_LOOP('',(#1279,#1281,#1283,#1285));
#1287=FACE_OUTER_BOUND('',#1286,.F.);
#1289=ORIENTED_EDGE('',*,*,#1288,.T.);
#1291=ORIENTED_EDGE('',*,*,#1290,.T.);
#1292=EDGE_LOOP('',(#1289,#1291));
#1293=FACE_BOUND('',#1292,.F.);
#1295=ORIENTED_EDGE('',*,*,#1294,.T.);
#1297=ORIENTED_EDGE('',*,*,#1296,.T.);
#1298=EDGE_LOOP('',(#1295,#1297));
#1299=FACE_BOUND('',#1298,.F.);
#1301=ORIENTED_EDGE('',*,*,#1300,.T.);
#1303=ORIENTED_EDGE('',*,*,#1302,.T.);
#1304=EDGE_LOOP('',(#1301,#1303));
#1305=FACE_BOUND('',#1304,.F.);
#1307=ORIENTED_EDGE('',*,*,#1306,.T.);
#1309=ORIENTED_EDGE('',*,*,#1308,.T.);
#1310=EDGE_LOOP('',(#1307,#1309));
#1311=FACE_BOUND('',#1310,.F.);
#1313=ORIENTED_EDGE('',*,*,#1312,.T.);
#1315=ORIENTED_EDGE('',*,*,#1314,.T.);
#1316=EDGE_LOOP('',(#1313,#1315));
#1317=FACE_BOUND('',#1316,.F.);
#1318=ORIENTED_EDGE('',*,*,#1253,.T.);
#1319=ORIENTED_EDGE('',*,*,#1267,.T.);
#1320=EDGE_LOOP('',(#1318,#1319));
#1321=FACE_BOUND('',#1320,.F.);
#1323=CARTESIAN_POINT('',(0.E0,-9.1E0,-2.005E1));
#1324=DIRECTION('',(-1.E0,0.E0,0.E0));
#1325=DIRECTION('',(0.E0,0.E0,1.E0));
#1326=AXIS2_PLACEMENT_3D('',#1323,#1324,#1325);
#1327=CYLINDRICAL_SURFACE('',#1326,6.E-1);
#1328=ORIENTED_EDGE('',*,*,#1148,.T.);
#1330=ORIENTED_EDGE('',*,*,#1329,.T.);
#1331=ORIENTED_EDGE('',*,*,#1288,.F.);
#1333=ORIENTED_EDGE('',*,*,#1332,.F.);
#1334=EDGE_LOOP('',(#1328,#1330,#1331,#1333));
#1335=FACE_OUTER_BOUND('',#1334,.F.);
#1337=CARTESIAN_POINT('',(0.E0,-9.1E0,-2.005E1));
#1338=DIRECTION('',(-1.E0,0.E0,0.E0));
#1339=DIRECTION('',(0.E0,0.E0,1.E0));
#1340=AXIS2_PLACEMENT_3D('',#1337,#1338,#1339);
#1341=CYLINDRICAL_SURFACE('',#1340,6.E-1);
#1342=ORIENTED_EDGE('',*,*,#1150,.T.);
#1343=ORIENTED_EDGE('',*,*,#1332,.T.);
#1344=ORIENTED_EDGE('',*,*,#1290,.F.);
#1345=ORIENTED_EDGE('',*,*,#1329,.F.);
#1346=EDGE_LOOP('',(#1342,#1343,#1344,#1345));
#1347=FACE_OUTER_BOUND('',#1346,.F.);
#1349=CARTESIAN_POINT('',(0.E0,9.1E0,2.005E1));
#1350=DIRECTION('',(-1.E0,0.E0,0.E0));
#1351=DIRECTION('',(0.E0,0.E0,1.E0));
#1352=AXIS2_PLACEMENT_3D('',#1349,#1350,#1351);
#1353=CYLINDRICAL_SURFACE('',#1352,6.E-1);
#1354=ORIENTED_EDGE('',*,*,#1154,.T.);
#1356=ORIENTED_EDGE('',*,*,#1355,.T.);
#1357=ORIENTED_EDGE('',*,*,#1294,.F.);
#1359=ORIENTED_EDGE('',*,*,#1358,.F.);
#1360=EDGE_LOOP('',(#1354,#1356,#1357,#1359));
#1361=FACE_OUTER_BOUND('',#1360,.F.);
#1363=CARTESIAN_POINT('',(0.E0,9.1E0,2.005E1));
#1364=DIRECTION('',(-1.E0,0.E0,0.E0));
#1365=DIRECTION('',(0.E0,0.E0,1.E0));
#1366=AXIS2_PLACEMENT_3D('',#1363,#1364,#1365);
#1367=CYLINDRICAL_SURFACE('',#1366,6.E-1);
#1368=ORIENTED_EDGE('',*,*,#1156,.T.);
#1369=ORIENTED_EDGE('',*,*,#1358,.T.);
#1370=ORIENTED_EDGE('',*,*,#1296,.F.);
#1371=ORIENTED_EDGE('',*,*,#1355,.F.);
#1372=EDGE_LOOP('',(#1368,#1369,#1370,#1371));
#1373=FACE_OUTER_BOUND('',#1372,.F.);
#1375=CARTESIAN_POINT('',(0.E0,-9.1E0,2.005E1));
#1376=DIRECTION('',(-1.E0,0.E0,0.E0));
#1377=DIRECTION('',(0.E0,0.E0,1.E0));
#1378=AXIS2_PLACEMENT_3D('',#1375,#1376,#1377);
#1379=CYLINDRICAL_SURFACE('',#1378,6.E-1);
#1380=ORIENTED_EDGE('',*,*,#1160,.T.);
#1382=ORIENTED_EDGE('',*,*,#1381,.T.);
#1383=ORIENTED_EDGE('',*,*,#1300,.F.);
#1385=ORIENTED_EDGE('',*,*,#1384,.F.);
#1386=EDGE_LOOP('',(#1380,#1382,#1383,#1385));
#1387=FACE_OUTER_BOUND('',#1386,.F.);
#1389=CARTESIAN_POINT('',(0.E0,-9.1E0,2.005E1));
#1390=DIRECTION('',(-1.E0,0.E0,0.E0));
#1391=DIRECTION('',(0.E0,0.E0,1.E0));
#1392=AXIS2_PLACEMENT_3D('',#1389,#1390,#1391);
#1393=CYLINDRICAL_SURFACE('',#1392,6.E-1);
#1394=ORIENTED_EDGE('',*,*,#1162,.T.);
#1395=ORIENTED_EDGE('',*,*,#1384,.T.);
#1396=ORIENTED_EDGE('',*,*,#1302,.F.);
#1397=ORIENTED_EDGE('',*,*,#1381,.F.);
#1398=EDGE_LOOP('',(#1394,#1395,#1396,#1397));
#1399=FACE_OUTER_BOUND('',#1398,.F.);
#1401=CARTESIAN_POINT('',(0.E0,-8.E0,1.515E1));
#1402=DIRECTION('',(-1.E0,0.E0,0.E0));
#1403=DIRECTION('',(0.E0,0.E0,1.E0));
#1404=AXIS2_PLACEMENT_3D('',#1401,#1402,#1403);
#1405=CYLINDRICAL_SURFACE('',#1404,1.5E0);
#1406=ORIENTED_EDGE('',*,*,#1166,.T.);
#1408=ORIENTED_EDGE('',*,*,#1407,.T.);
#1409=ORIENTED_EDGE('',*,*,#1306,.F.);
#1411=ORIENTED_EDGE('',*,*,#1410,.F.);
#1412=EDGE_LOOP('',(#1406,#1408,#1409,#1411));
#1413=FACE_OUTER_BOUND('',#1412,.F.);
#1415=CARTESIAN_POINT('',(0.E0,-8.E0,1.515E1));
#1416=DIRECTION('',(-1.E0,0.E0,0.E0));
#1417=DIRECTION('',(0.E0,0.E0,1.E0));
#1418=AXIS2_PLACEMENT_3D('',#1415,#1416,#1417);
#1419=CYLINDRICAL_SURFACE('',#1418,1.5E0);
#1420=ORIENTED_EDGE('',*,*,#1168,.T.);
#1421=ORIENTED_EDGE('',*,*,#1410,.T.);
#1422=ORIENTED_EDGE('',*,*,#1308,.F.);
#1423=ORIENTED_EDGE('',*,*,#1407,.F.);
#1424=EDGE_LOOP('',(#1420,#1421,#1422,#1423));
#1425=FACE_OUTER_BOUND('',#1424,.F.);
#1427=CARTESIAN_POINT('',(0.E0,8.3E0,-1.495E1));
#1428=DIRECTION('',(-1.E0,0.E0,0.E0));
#1429=DIRECTION('',(0.E0,0.E0,1.E0));
#1430=AXIS2_PLACEMENT_3D('',#1427,#1428,#1429);
#1431=CYLINDRICAL_SURFACE('',#1430,1.5E0);
#1432=ORIENTED_EDGE('',*,*,#1172,.T.);
#1434=ORIENTED_EDGE('',*,*,#1433,.T.);
#1435=ORIENTED_EDGE('',*,*,#1312,.F.);
#1437=ORIENTED_EDGE('',*,*,#1436,.F.);
#1438=EDGE_LOOP('',(#1432,#1434,#1435,#1437));
#1439=FACE_OUTER_BOUND('',#1438,.F.);
#1441=CARTESIAN_POINT('',(0.E0,8.3E0,-1.495E1));
#1442=DIRECTION('',(-1.E0,0.E0,0.E0));
#1443=DIRECTION('',(0.E0,0.E0,1.E0));
#1444=AXIS2_PLACEMENT_3D('',#1441,#1442,#1443);
#1445=CYLINDRICAL_SURFACE('',#1444,1.5E0);
#1446=ORIENTED_EDGE('',*,*,#1174,.T.);
#1447=ORIENTED_EDGE('',*,*,#1436,.T.);
#1448=ORIENTED_EDGE('',*,*,#1314,.F.);
#1449=ORIENTED_EDGE('',*,*,#1433,.F.);
#1450=EDGE_LOOP('',(#1446,#1447,#1448,#1449));
#1451=FACE_OUTER_BOUND('',#1450,.F.);
#1453=CARTESIAN_POINT('',(0.E0,1.08E1,2.175E1));
#1454=DIRECTION('',(0.E0,1.E0,0.E0));
#1455=DIRECTION('',(0.E0,0.E0,-1.E0));
#1456=AXIS2_PLACEMENT_3D('',#1453,#1454,#1455);
#1457=PLANE('',#1456);
#1458=ORIENTED_EDGE('',*,*,#1138,.T.);
#1460=ORIENTED_EDGE('',*,*,#1459,.T.);
#1461=ORIENTED_EDGE('',*,*,#1278,.F.);
#1463=ORIENTED_EDGE('',*,*,#1462,.F.);
#1464=EDGE_LOOP('',(#1458,#1460,#1461,#1463));
#1465=FACE_OUTER_BOUND('',#1464,.F.);
#1467=CARTESIAN_POINT('',(0.E0,1.08E1,-2.175E1));
#1468=DIRECTION('',(0.E0,0.E0,-1.E0));
#1469=DIRECTION('',(0.E0,-1.E0,0.E0));
#1470=AXIS2_PLACEMENT_3D('',#1467,#1468,#1469);
#1471=PLANE('',#1470);
#1472=ORIENTED_EDGE('',*,*,#1144,.T.);
#1474=ORIENTED_EDGE('',*,*,#1473,.T.);
#1475=ORIENTED_EDGE('',*,*,#1280,.F.);
#1476=ORIENTED_EDGE('',*,*,#1459,.F.);
#1477=EDGE_LOOP('',(#1472,#1474,#1475,#1476));
#1478=FACE_OUTER_BOUND('',#1477,.F.);
#1480=CARTESIAN_POINT('',(0.E0,-1.08E1,-2.175E1));
#1481=DIRECTION('',(0.E0,-1.E0,0.E0));
#1482=DIRECTION('',(0.E0,0.E0,1.E0));
#1483=AXIS2_PLACEMENT_3D('',#1480,#1481,#1482);
#1484=PLANE('',#1483);
#1485=ORIENTED_EDGE('',*,*,#1142,.T.);
#1487=ORIENTED_EDGE('',*,*,#1486,.T.);
#1488=ORIENTED_EDGE('',*,*,#1282,.F.);
#1489=ORIENTED_EDGE('',*,*,#1473,.F.);
#1490=EDGE_LOOP('',(#1485,#1487,#1488,#1489));
#1491=FACE_OUTER_BOUND('',#1490,.F.);
#1493=CARTESIAN_POINT('',(0.E0,-1.08E1,2.175E1));
#1494=DIRECTION('',(0.E0,0.E0,1.E0));
#1495=DIRECTION('',(0.E0,1.E0,0.E0));
#1496=AXIS2_PLACEMENT_3D('',#1493,#1494,#1495);
#1497=PLANE('',#1496);
#1498=ORIENTED_EDGE('',*,*,#1140,.T.);
#1499=ORIENTED_EDGE('',*,*,#1462,.T.);
#1500=ORIENTED_EDGE('',*,*,#1284,.F.);
#1501=ORIENTED_EDGE('',*,*,#1486,.F.);
#1502=EDGE_LOOP('',(#1498,#1499,#1500,#1501));
#1503=FACE_OUTER_BOUND('',#1502,.F.);
#1505=CARTESIAN_POINT('',(0.E0,-6.E-1,1.725E1));
#1506=DIRECTION('',(-1.E0,0.E0,0.E0));
#1507=DIRECTION('',(0.E0,0.E0,1.E0));
#1508=AXIS2_PLACEMENT_3D('',#1505,#1506,#1507);
#1509=CYLINDRICAL_SURFACE('',#1508,4.1E0);
#1510=ORIENTED_EDGE('',*,*,#1184,.F.);
#1512=ORIENTED_EDGE('',*,*,#1511,.T.);
#1514=ORIENTED_EDGE('',*,*,#1513,.T.);
#1516=ORIENTED_EDGE('',*,*,#1515,.F.);
#1517=EDGE_LOOP('',(#1510,#1512,#1514,#1516));
#1518=FACE_OUTER_BOUND('',#1517,.F.);
#1520=FILL_AREA_STYLE_COLOUR('',#22);
#1521=FILL_AREA_STYLE('',(#1520));
#1522=SURFACE_STYLE_FILL_AREA(#1521);
#1523=SURFACE_SIDE_STYLE('',(#1522));
#1524=SURFACE_STYLE_USAGE(.POSITIVE.,#1523);
#1525=FILL_AREA_STYLE_COLOUR('',#8);
#1526=FILL_AREA_STYLE('',(#1525));
#1527=SURFACE_STYLE_FILL_AREA(#1526);
#1528=SURFACE_SIDE_STYLE('',(#1527));
#1529=SURFACE_STYLE_USAGE(.NEGATIVE.,#1528);
#1530=PRESENTATION_STYLE_ASSIGNMENT((#1524,#1529));
#1531=OVER_RIDING_STYLED_ITEM('',(#1530),#1519,#37);
#1532=CARTESIAN_POINT('',(0.E0,-6.E-1,1.725E1));
#1533=DIRECTION('',(-1.E0,0.E0,0.E0));
#1534=DIRECTION('',(0.E0,0.E0,1.E0));
#1535=AXIS2_PLACEMENT_3D('',#1532,#1533,#1534);
#1536=CYLINDRICAL_SURFACE('',#1535,4.1E0);
#1537=ORIENTED_EDGE('',*,*,#1186,.F.);
#1538=ORIENTED_EDGE('',*,*,#1515,.T.);
#1540=ORIENTED_EDGE('',*,*,#1539,.T.);
#1541=ORIENTED_EDGE('',*,*,#1511,.F.);
#1542=EDGE_LOOP('',(#1537,#1538,#1540,#1541));
#1543=FACE_OUTER_BOUND('',#1542,.F.);
#1545=FILL_AREA_STYLE_COLOUR('',#22);
#1546=FILL_AREA_STYLE('',(#1545));
#1547=SURFACE_STYLE_FILL_AREA(#1546);
#1548=SURFACE_SIDE_STYLE('',(#1547));
#1549=SURFACE_STYLE_USAGE(.POSITIVE.,#1548);
#1550=FILL_AREA_STYLE_COLOUR('',#8);
#1551=FILL_AREA_STYLE('',(#1550));
#1552=SURFACE_STYLE_FILL_AREA(#1551);
#1553=SURFACE_SIDE_STYLE('',(#1552));
#1554=SURFACE_STYLE_USAGE(.NEGATIVE.,#1553);
#1555=PRESENTATION_STYLE_ASSIGNMENT((#1549,#1554));
#1556=OVER_RIDING_STYLED_ITEM('',(#1555),#1544,#37);
#1557=CARTESIAN_POINT('',(-1.05E1,0.E0,0.E0));
#1558=DIRECTION('',(-1.E0,0.E0,0.E0));
#1559=DIRECTION('',(0.E0,0.E0,1.E0));
#1560=AXIS2_PLACEMENT_3D('',#1557,#1558,#1559);
#1561=PLANE('',#1560);
#1562=ORIENTED_EDGE('',*,*,#1513,.F.);
#1563=ORIENTED_EDGE('',*,*,#1539,.F.);
#1564=EDGE_LOOP('',(#1562,#1563));
#1565=FACE_OUTER_BOUND('',#1564,.F.);
#1567=FILL_AREA_STYLE_COLOUR('',#22);
#1568=FILL_AREA_STYLE('',(#1567));
#1569=SURFACE_STYLE_FILL_AREA(#1568);
#1570=SURFACE_SIDE_STYLE('',(#1569));
#1571=SURFACE_STYLE_USAGE(.POSITIVE.,#1570);
#1572=FILL_AREA_STYLE_COLOUR('',#8);
#1573=FILL_AREA_STYLE('',(#1572));
#1574=SURFACE_STYLE_FILL_AREA(#1573);
#1575=SURFACE_SIDE_STYLE('',(#1574));
#1576=SURFACE_STYLE_USAGE(.NEGATIVE.,#1575);
#1577=PRESENTATION_STYLE_ASSIGNMENT((#1571,#1576));
#1578=OVER_RIDING_STYLED_ITEM('',(#1577),#1566,#37);
#1579=CARTESIAN_POINT('',(0.E0,1.6E0,5.5E-1));
#1580=DIRECTION('',(-1.E0,0.E0,0.E0));
#1581=DIRECTION('',(0.E0,0.E0,1.E0));
#1582=AXIS2_PLACEMENT_3D('',#1579,#1580,#1581);
#1583=CYLINDRICAL_SURFACE('',#1582,1.E0);
#1584=ORIENTED_EDGE('',*,*,#1190,.F.);
#1586=ORIENTED_EDGE('',*,*,#1585,.T.);
#1588=ORIENTED_EDGE('',*,*,#1587,.T.);
#1590=ORIENTED_EDGE('',*,*,#1589,.F.);
#1591=EDGE_LOOP('',(#1584,#1586,#1588,#1590));
#1592=FACE_OUTER_BOUND('',#1591,.F.);
#1594=FILL_AREA_STYLE_COLOUR('',#11);
#1595=FILL_AREA_STYLE('',(#1594));
#1596=SURFACE_STYLE_FILL_AREA(#1595);
#1597=SURFACE_SIDE_STYLE('',(#1596));
#1598=SURFACE_STYLE_USAGE(.POSITIVE.,#1597);
#1599=FILL_AREA_STYLE_COLOUR('',#8);
#1600=FILL_AREA_STYLE('',(#1599));
#1601=SURFACE_STYLE_FILL_AREA(#1600);
#1602=SURFACE_SIDE_STYLE('',(#1601));
#1603=SURFACE_STYLE_USAGE(.NEGATIVE.,#1602);
#1604=PRESENTATION_STYLE_ASSIGNMENT((#1598,#1603));
#1605=OVER_RIDING_STYLED_ITEM('',(#1604),#1593,#37);
#1606=CARTESIAN_POINT('',(0.E0,2.6E0,1.075E1));
#1607=DIRECTION('',(0.E0,1.E0,0.E0));
#1608=DIRECTION('',(0.E0,0.E0,-1.E0));
#1609=AXIS2_PLACEMENT_3D('',#1606,#1607,#1608);
#1610=PLANE('',#1609);
#1611=ORIENTED_EDGE('',*,*,#1204,.F.);
#1613=ORIENTED_EDGE('',*,*,#1612,.T.);
#1615=ORIENTED_EDGE('',*,*,#1614,.T.);
#1616=ORIENTED_EDGE('',*,*,#1585,.F.);
#1617=EDGE_LOOP('',(#1611,#1613,#1615,#1616));
#1618=FACE_OUTER_BOUND('',#1617,.F.);
#1620=FILL_AREA_STYLE_COLOUR('',#11);
#1621=FILL_AREA_STYLE('',(#1620));
#1622=SURFACE_STYLE_FILL_AREA(#1621);
#1623=SURFACE_SIDE_STYLE('',(#1622));
#1624=SURFACE_STYLE_USAGE(.POSITIVE.,#1623);
#1625=FILL_AREA_STYLE_COLOUR('',#8);
#1626=FILL_AREA_STYLE('',(#1625));
#1627=SURFACE_STYLE_FILL_AREA(#1626);
#1628=SURFACE_SIDE_STYLE('',(#1627));
#1629=SURFACE_STYLE_USAGE(.NEGATIVE.,#1628);
#1630=PRESENTATION_STYLE_ASSIGNMENT((#1624,#1629));
#1631=OVER_RIDING_STYLED_ITEM('',(#1630),#1619,#37);
#1632=CARTESIAN_POINT('',(0.E0,1.6E0,1.075E1));
#1633=DIRECTION('',(-1.E0,0.E0,0.E0));
#1634=DIRECTION('',(0.E0,0.E0,1.E0));
#1635=AXIS2_PLACEMENT_3D('',#1632,#1633,#1634);
#1636=CYLINDRICAL_SURFACE('',#1635,1.E0);
#1637=ORIENTED_EDGE('',*,*,#1202,.F.);
#1639=ORIENTED_EDGE('',*,*,#1638,.T.);
#1641=ORIENTED_EDGE('',*,*,#1640,.T.);
#1642=ORIENTED_EDGE('',*,*,#1612,.F.);
#1643=EDGE_LOOP('',(#1637,#1639,#1641,#1642));
#1644=FACE_OUTER_BOUND('',#1643,.F.);
#1646=FILL_AREA_STYLE_COLOUR('',#11);
#1647=FILL_AREA_STYLE('',(#1646));
#1648=SURFACE_STYLE_FILL_AREA(#1647);
#1649=SURFACE_SIDE_STYLE('',(#1648));
#1650=SURFACE_STYLE_USAGE(.POSITIVE.,#1649);
#1651=FILL_AREA_STYLE_COLOUR('',#8);
#1652=FILL_AREA_STYLE('',(#1651));
#1653=SURFACE_STYLE_FILL_AREA(#1652);
#1654=SURFACE_SIDE_STYLE('',(#1653));
#1655=SURFACE_STYLE_USAGE(.NEGATIVE.,#1654);
#1656=PRESENTATION_STYLE_ASSIGNMENT((#1650,#1655));
#1657=OVER_RIDING_STYLED_ITEM('',(#1656),#1645,#37);
#1658=CARTESIAN_POINT('',(0.E0,-8.6E0,1.175E1));
#1659=DIRECTION('',(0.E0,0.E0,1.E0));
#1660=DIRECTION('',(0.E0,1.E0,0.E0));
#1661=AXIS2_PLACEMENT_3D('',#1658,#1659,#1660);
#1662=PLANE('',#1661);
#1663=ORIENTED_EDGE('',*,*,#1200,.F.);
#1665=ORIENTED_EDGE('',*,*,#1664,.T.);
#1667=ORIENTED_EDGE('',*,*,#1666,.T.);
#1668=ORIENTED_EDGE('',*,*,#1638,.F.);
#1669=EDGE_LOOP('',(#1663,#1665,#1667,#1668));
#1670=FACE_OUTER_BOUND('',#1669,.F.);
#1672=FILL_AREA_STYLE_COLOUR('',#11);
#1673=FILL_AREA_STYLE('',(#1672));
#1674=SURFACE_STYLE_FILL_AREA(#1673);
#1675=SURFACE_SIDE_STYLE('',(#1674));
#1676=SURFACE_STYLE_USAGE(.POSITIVE.,#1675);
#1677=FILL_AREA_STYLE_COLOUR('',#8);
#1678=FILL_AREA_STYLE('',(#1677));
#1679=SURFACE_STYLE_FILL_AREA(#1678);
#1680=SURFACE_SIDE_STYLE('',(#1679));
#1681=SURFACE_STYLE_USAGE(.NEGATIVE.,#1680);
#1682=PRESENTATION_STYLE_ASSIGNMENT((#1676,#1681));
#1683=OVER_RIDING_STYLED_ITEM('',(#1682),#1671,#37);
#1684=CARTESIAN_POINT('',(0.E0,-8.6E0,1.075E1));
#1685=DIRECTION('',(-1.E0,0.E0,0.E0));
#1686=DIRECTION('',(0.E0,0.E0,1.E0));
#1687=AXIS2_PLACEMENT_3D('',#1684,#1685,#1686);
#1688=CYLINDRICAL_SURFACE('',#1687,1.E0);
#1689=ORIENTED_EDGE('',*,*,#1198,.F.);
#1691=ORIENTED_EDGE('',*,*,#1690,.T.);
#1693=ORIENTED_EDGE('',*,*,#1692,.T.);
#1694=ORIENTED_EDGE('',*,*,#1664,.F.);
#1695=EDGE_LOOP('',(#1689,#1691,#1693,#1694));
#1696=FACE_OUTER_BOUND('',#1695,.F.);
#1698=FILL_AREA_STYLE_COLOUR('',#11);
#1699=FILL_AREA_STYLE('',(#1698));
#1700=SURFACE_STYLE_FILL_AREA(#1699);
#1701=SURFACE_SIDE_STYLE('',(#1700));
#1702=SURFACE_STYLE_USAGE(.POSITIVE.,#1701);
#1703=FILL_AREA_STYLE_COLOUR('',#8);
#1704=FILL_AREA_STYLE('',(#1703));
#1705=SURFACE_STYLE_FILL_AREA(#1704);
#1706=SURFACE_SIDE_STYLE('',(#1705));
#1707=SURFACE_STYLE_USAGE(.NEGATIVE.,#1706);
#1708=PRESENTATION_STYLE_ASSIGNMENT((#1702,#1707));
#1709=OVER_RIDING_STYLED_ITEM('',(#1708),#1697,#37);
#1710=CARTESIAN_POINT('',(0.E0,-9.6E0,5.5E-1));
#1711=DIRECTION('',(0.E0,-1.E0,0.E0));
#1712=DIRECTION('',(0.E0,0.E0,1.E0));
#1713=AXIS2_PLACEMENT_3D('',#1710,#1711,#1712);
#1714=PLANE('',#1713);
#1715=ORIENTED_EDGE('',*,*,#1196,.F.);
#1717=ORIENTED_EDGE('',*,*,#1716,.T.);
#1719=ORIENTED_EDGE('',*,*,#1718,.T.);
#1720=ORIENTED_EDGE('',*,*,#1690,.F.);
#1721=EDGE_LOOP('',(#1715,#1717,#1719,#1720));
#1722=FACE_OUTER_BOUND('',#1721,.F.);
#1724=FILL_AREA_STYLE_COLOUR('',#11);
#1725=FILL_AREA_STYLE('',(#1724));
#1726=SURFACE_STYLE_FILL_AREA(#1725);
#1727=SURFACE_SIDE_STYLE('',(#1726));
#1728=SURFACE_STYLE_USAGE(.POSITIVE.,#1727);
#1729=FILL_AREA_STYLE_COLOUR('',#8);
#1730=FILL_AREA_STYLE('',(#1729));
#1731=SURFACE_STYLE_FILL_AREA(#1730);
#1732=SURFACE_SIDE_STYLE('',(#1731));
#1733=SURFACE_STYLE_USAGE(.NEGATIVE.,#1732);
#1734=PRESENTATION_STYLE_ASSIGNMENT((#1728,#1733));
#1735=OVER_RIDING_STYLED_ITEM('',(#1734),#1723,#37);
#1736=CARTESIAN_POINT('',(0.E0,-8.6E0,5.5E-1));
#1737=DIRECTION('',(-1.E0,0.E0,0.E0));
#1738=DIRECTION('',(0.E0,0.E0,1.E0));
#1739=AXIS2_PLACEMENT_3D('',#1736,#1737,#1738);
#1740=CYLINDRICAL_SURFACE('',#1739,1.E0);
#1741=ORIENTED_EDGE('',*,*,#1194,.F.);
#1743=ORIENTED_EDGE('',*,*,#1742,.T.);
#1745=ORIENTED_EDGE('',*,*,#1744,.T.);
#1746=ORIENTED_EDGE('',*,*,#1716,.F.);
#1747=EDGE_LOOP('',(#1741,#1743,#1745,#1746));
#1748=FACE_OUTER_BOUND('',#1747,.F.);
#1750=FILL_AREA_STYLE_COLOUR('',#11);
#1751=FILL_AREA_STYLE('',(#1750));
#1752=SURFACE_STYLE_FILL_AREA(#1751);
#1753=SURFACE_SIDE_STYLE('',(#1752));
#1754=SURFACE_STYLE_USAGE(.POSITIVE.,#1753);
#1755=FILL_AREA_STYLE_COLOUR('',#8);
#1756=FILL_AREA_STYLE('',(#1755));
#1757=SURFACE_STYLE_FILL_AREA(#1756);
#1758=SURFACE_SIDE_STYLE('',(#1757));
#1759=SURFACE_STYLE_USAGE(.NEGATIVE.,#1758);
#1760=PRESENTATION_STYLE_ASSIGNMENT((#1754,#1759));
#1761=OVER_RIDING_STYLED_ITEM('',(#1760),#1749,#37);
#1762=CARTESIAN_POINT('',(0.E0,1.6E0,-4.5E-1));
#1763=DIRECTION('',(0.E0,0.E0,-1.E0));
#1764=DIRECTION('',(0.E0,-1.E0,0.E0));
#1765=AXIS2_PLACEMENT_3D('',#1762,#1763,#1764);
#1766=PLANE('',#1765);
#1767=ORIENTED_EDGE('',*,*,#1192,.F.);
#1768=ORIENTED_EDGE('',*,*,#1589,.T.);
#1770=ORIENTED_EDGE('',*,*,#1769,.T.);
#1771=ORIENTED_EDGE('',*,*,#1742,.F.);
#1772=EDGE_LOOP('',(#1767,#1768,#1770,#1771));
#1773=FACE_OUTER_BOUND('',#1772,.F.);
#1775=FILL_AREA_STYLE_COLOUR('',#11);
#1776=FILL_AREA_STYLE('',(#1775));
#1777=SURFACE_STYLE_FILL_AREA(#1776);
#1778=SURFACE_SIDE_STYLE('',(#1777));
#1779=SURFACE_STYLE_USAGE(.POSITIVE.,#1778);
#1780=FILL_AREA_STYLE_COLOUR('',#8);
#1781=FILL_AREA_STYLE('',(#1780));
#1782=SURFACE_STYLE_FILL_AREA(#1781);
#1783=SURFACE_SIDE_STYLE('',(#1782));
#1784=SURFACE_STYLE_USAGE(.NEGATIVE.,#1783);
#1785=PRESENTATION_STYLE_ASSIGNMENT((#1779,#1784));
#1786=OVER_RIDING_STYLED_ITEM('',(#1785),#1774,#37);
#1787=CARTESIAN_POINT('',(-7.6E0,0.E0,0.E0));
#1788=DIRECTION('',(-1.E0,0.E0,0.E0));
#1789=DIRECTION('',(0.E0,0.E0,1.E0));
#1790=AXIS2_PLACEMENT_3D('',#1787,#1788,#1789);
#1791=PLANE('',#1790);
#1792=ORIENTED_EDGE('',*,*,#1587,.F.);
#1793=ORIENTED_EDGE('',*,*,#1614,.F.);
#1794=ORIENTED_EDGE('',*,*,#1640,.F.);
#1795=ORIENTED_EDGE('',*,*,#1666,.F.);
#1796=ORIENTED_EDGE('',*,*,#1692,.F.);
#1797=ORIENTED_EDGE('',*,*,#1718,.F.);
#1798=ORIENTED_EDGE('',*,*,#1744,.F.);
#1799=ORIENTED_EDGE('',*,*,#1769,.F.);
#1800=EDGE_LOOP('',(#1792,#1793,#1794,#1795,#1796,#1797,#1798,#1799));
#1801=FACE_OUTER_BOUND('',#1800,.F.);
#1803=FILL_AREA_STYLE_COLOUR('',#11);
#1804=FILL_AREA_STYLE('',(#1803));
#1805=SURFACE_STYLE_FILL_AREA(#1804);
#1806=SURFACE_SIDE_STYLE('',(#1805));
#1807=SURFACE_STYLE_USAGE(.POSITIVE.,#1806);
#1808=FILL_AREA_STYLE_COLOUR('',#8);
#1809=FILL_AREA_STYLE('',(#1808));
#1810=SURFACE_STYLE_FILL_AREA(#1809);
#1811=SURFACE_SIDE_STYLE('',(#1810));
#1812=SURFACE_STYLE_USAGE(.NEGATIVE.,#1811);
#1813=PRESENTATION_STYLE_ASSIGNMENT((#1807,#1812));
#1814=OVER_RIDING_STYLED_ITEM('',(#1813),#1802,#37);
#1815=CARTESIAN_POINT('',(0.E0,8.8E0,2.35E0));
#1816=DIRECTION('',(0.E0,0.E0,-1.E0));
#1817=DIRECTION('',(0.E0,-1.E0,0.E0));
#1818=AXIS2_PLACEMENT_3D('',#1815,#1816,#1817);
#1819=PLANE('',#1818);
#1820=ORIENTED_EDGE('',*,*,#1208,.F.);
#1822=ORIENTED_EDGE('',*,*,#1821,.T.);
#1824=ORIENTED_EDGE('',*,*,#1823,.T.);
#1826=ORIENTED_EDGE('',*,*,#1825,.F.);
#1827=EDGE_LOOP('',(#1820,#1822,#1824,#1826));
#1828=FACE_OUTER_BOUND('',#1827,.F.);
#1830=FILL_AREA_STYLE_COLOUR('',#10);
#1831=FILL_AREA_STYLE('',(#1830));
#1832=SURFACE_STYLE_FILL_AREA(#1831);
#1833=SURFACE_SIDE_STYLE('',(#1832));
#1834=SURFACE_STYLE_USAGE(.POSITIVE.,#1833);
#1835=FILL_AREA_STYLE_COLOUR('',#8);
#1836=FILL_AREA_STYLE('',(#1835));
#1837=SURFACE_STYLE_FILL_AREA(#1836);
#1838=SURFACE_SIDE_STYLE('',(#1837));
#1839=SURFACE_STYLE_USAGE(.NEGATIVE.,#1838);
#1840=PRESENTATION_STYLE_ASSIGNMENT((#1834,#1839));
#1841=OVER_RIDING_STYLED_ITEM('',(#1840),#1829,#37);
#1842=CARTESIAN_POINT('',(0.E0,8.8E0,1.185E1));
#1843=DIRECTION('',(0.E0,1.E0,0.E0));
#1844=DIRECTION('',(0.E0,0.E0,-1.E0));
#1845=AXIS2_PLACEMENT_3D('',#1842,#1843,#1844);
#1846=PLANE('',#1845);
#1847=ORIENTED_EDGE('',*,*,#1214,.F.);
#1849=ORIENTED_EDGE('',*,*,#1848,.T.);
#1851=ORIENTED_EDGE('',*,*,#1850,.T.);
#1852=ORIENTED_EDGE('',*,*,#1821,.F.);
#1853=EDGE_LOOP('',(#1847,#1849,#1851,#1852));
#1854=FACE_OUTER_BOUND('',#1853,.F.);
#1856=FILL_AREA_STYLE_COLOUR('',#10);
#1857=FILL_AREA_STYLE('',(#1856));
#1858=SURFACE_STYLE_FILL_AREA(#1857);
#1859=SURFACE_SIDE_STYLE('',(#1858));
#1860=SURFACE_STYLE_USAGE(.POSITIVE.,#1859);
#1861=FILL_AREA_STYLE_COLOUR('',#8);
#1862=FILL_AREA_STYLE('',(#1861));
#1863=SURFACE_STYLE_FILL_AREA(#1862);
#1864=SURFACE_SIDE_STYLE('',(#1863));
#1865=SURFACE_STYLE_USAGE(.NEGATIVE.,#1864);
#1866=PRESENTATION_STYLE_ASSIGNMENT((#1860,#1865));
#1867=OVER_RIDING_STYLED_ITEM('',(#1866),#1855,#37);
#1868=CARTESIAN_POINT('',(0.E0,4.E0,1.185E1));
#1869=DIRECTION('',(0.E0,0.E0,1.E0));
#1870=DIRECTION('',(0.E0,1.E0,0.E0));
#1871=AXIS2_PLACEMENT_3D('',#1868,#1869,#1870);
#1872=PLANE('',#1871);
#1873=ORIENTED_EDGE('',*,*,#1212,.F.);
#1875=ORIENTED_EDGE('',*,*,#1874,.T.);
#1877=ORIENTED_EDGE('',*,*,#1876,.T.);
#1878=ORIENTED_EDGE('',*,*,#1848,.F.);
#1879=EDGE_LOOP('',(#1873,#1875,#1877,#1878));
#1880=FACE_OUTER_BOUND('',#1879,.F.);
#1882=FILL_AREA_STYLE_COLOUR('',#10);
#1883=FILL_AREA_STYLE('',(#1882));
#1884=SURFACE_STYLE_FILL_AREA(#1883);
#1885=SURFACE_SIDE_STYLE('',(#1884));
#1886=SURFACE_STYLE_USAGE(.POSITIVE.,#1885);
#1887=FILL_AREA_STYLE_COLOUR('',#8);
#1888=FILL_AREA_STYLE('',(#1887));
#1889=SURFACE_STYLE_FILL_AREA(#1888);
#1890=SURFACE_SIDE_STYLE('',(#1889));
#1891=SURFACE_STYLE_USAGE(.NEGATIVE.,#1890);
#1892=PRESENTATION_STYLE_ASSIGNMENT((#1886,#1891));
#1893=OVER_RIDING_STYLED_ITEM('',(#1892),#1881,#37);
#1894=CARTESIAN_POINT('',(0.E0,4.E0,2.35E0));
#1895=DIRECTION('',(0.E0,-1.E0,0.E0));
#1896=DIRECTION('',(0.E0,0.E0,1.E0));
#1897=AXIS2_PLACEMENT_3D('',#1894,#1895,#1896);
#1898=PLANE('',#1897);
#1899=ORIENTED_EDGE('',*,*,#1210,.F.);
#1900=ORIENTED_EDGE('',*,*,#1825,.T.);
#1902=ORIENTED_EDGE('',*,*,#1901,.T.);
#1903=ORIENTED_EDGE('',*,*,#1874,.F.);
#1904=EDGE_LOOP('',(#1899,#1900,#1902,#1903));
#1905=FACE_OUTER_BOUND('',#1904,.F.);
#1907=FILL_AREA_STYLE_COLOUR('',#10);
#1908=FILL_AREA_STYLE('',(#1907));
#1909=SURFACE_STYLE_FILL_AREA(#1908);
#1910=SURFACE_SIDE_STYLE('',(#1909));
#1911=SURFACE_STYLE_USAGE(.POSITIVE.,#1910);
#1912=FILL_AREA_STYLE_COLOUR('',#8);
#1913=FILL_AREA_STYLE('',(#1912));
#1914=SURFACE_STYLE_FILL_AREA(#1913);
#1915=SURFACE_SIDE_STYLE('',(#1914));
#1916=SURFACE_STYLE_USAGE(.NEGATIVE.,#1915);
#1917=PRESENTATION_STYLE_ASSIGNMENT((#1911,#1916));
#1918=OVER_RIDING_STYLED_ITEM('',(#1917),#1906,#37);
#1919=CARTESIAN_POINT('',(-9.5E0,0.E0,0.E0));
#1920=DIRECTION('',(-1.E0,0.E0,0.E0));
#1921=DIRECTION('',(0.E0,0.E0,1.E0));
#1922=AXIS2_PLACEMENT_3D('',#1919,#1920,#1921);
#1923=PLANE('',#1922);
#1924=ORIENTED_EDGE('',*,*,#1823,.F.);
#1925=ORIENTED_EDGE('',*,*,#1850,.F.);
#1926=ORIENTED_EDGE('',*,*,#1876,.F.);
#1927=ORIENTED_EDGE('',*,*,#1901,.F.);
#1928=EDGE_LOOP('',(#1924,#1925,#1926,#1927));
#1929=FACE_OUTER_BOUND('',#1928,.F.);
#1931=ORIENTED_EDGE('',*,*,#1930,.T.);
#1933=ORIENTED_EDGE('',*,*,#1932,.T.);
#1934=EDGE_LOOP('',(#1931,#1933));
#1935=FACE_BOUND('',#1934,.F.);
#1937=FILL_AREA_STYLE_COLOUR('',#10);
#1938=FILL_AREA_STYLE('',(#1937));
#1939=SURFACE_STYLE_FILL_AREA(#1938);
#1940=SURFACE_SIDE_STYLE('',(#1939));
#1941=SURFACE_STYLE_USAGE(.POSITIVE.,#1940);
#1942=FILL_AREA_STYLE_COLOUR('',#8);
#1943=FILL_AREA_STYLE('',(#1942));
#1944=SURFACE_STYLE_FILL_AREA(#1943);
#1945=SURFACE_SIDE_STYLE('',(#1944));
#1946=SURFACE_STYLE_USAGE(.NEGATIVE.,#1945);
#1947=PRESENTATION_STYLE_ASSIGNMENT((#1941,#1946));
#1948=OVER_RIDING_STYLED_ITEM('',(#1947),#1936,#37);
#1949=CARTESIAN_POINT('',(-9.5E0,7.3E0,3.85E0));
#1950=DIRECTION('',(-1.E0,0.E0,0.E0));
#1951=DIRECTION('',(0.E0,0.E0,1.E0));
#1952=AXIS2_PLACEMENT_3D('',#1949,#1950,#1951);
#1953=CYLINDRICAL_SURFACE('',#1952,1.25E0);
#1954=ORIENTED_EDGE('',*,*,#1930,.F.);
#1956=ORIENTED_EDGE('',*,*,#1955,.T.);
#1958=ORIENTED_EDGE('',*,*,#1957,.T.);
#1960=ORIENTED_EDGE('',*,*,#1959,.F.);
#1961=EDGE_LOOP('',(#1954,#1956,#1958,#1960));
#1962=FACE_OUTER_BOUND('',#1961,.F.);
#1964=FILL_AREA_STYLE_COLOUR('',#30);
#1965=FILL_AREA_STYLE('',(#1964));
#1966=SURFACE_STYLE_FILL_AREA(#1965);
#1967=SURFACE_SIDE_STYLE('',(#1966));
#1968=SURFACE_STYLE_USAGE(.POSITIVE.,#1967);
#1969=FILL_AREA_STYLE_COLOUR('',#8);
#1970=FILL_AREA_STYLE('',(#1969));
#1971=SURFACE_STYLE_FILL_AREA(#1970);
#1972=SURFACE_SIDE_STYLE('',(#1971));
#1973=SURFACE_STYLE_USAGE(.NEGATIVE.,#1972);
#1974=PRESENTATION_STYLE_ASSIGNMENT((#1968,#1973));
#1975=OVER_RIDING_STYLED_ITEM('',(#1974),#1963,#37);
#1976=CARTESIAN_POINT('',(-9.5E0,7.3E0,3.85E0));
#1977=DIRECTION('',(-1.E0,0.E0,0.E0));
#1978=DIRECTION('',(0.E0,0.E0,1.E0));
#1979=AXIS2_PLACEMENT_3D('',#1976,#1977,#1978);
#1980=CYLINDRICAL_SURFACE('',#1979,1.25E0);
#1981=ORIENTED_EDGE('',*,*,#1932,.F.);
#1982=ORIENTED_EDGE('',*,*,#1959,.T.);
#1984=ORIENTED_EDGE('',*,*,#1983,.T.);
#1985=ORIENTED_EDGE('',*,*,#1955,.F.);
#1986=EDGE_LOOP('',(#1981,#1982,#1984,#1985));
#1987=FACE_OUTER_BOUND('',#1986,.F.);
#1989=FILL_AREA_STYLE_COLOUR('',#30);
#1990=FILL_AREA_STYLE('',(#1989));
#1991=SURFACE_STYLE_FILL_AREA(#1990);
#1992=SURFACE_SIDE_STYLE('',(#1991));
#1993=SURFACE_STYLE_USAGE(.POSITIVE.,#1992);
#1994=FILL_AREA_STYLE_COLOUR('',#8);
#1995=FILL_AREA_STYLE('',(#1994));
#1996=SURFACE_STYLE_FILL_AREA(#1995);
#1997=SURFACE_SIDE_STYLE('',(#1996));
#1998=SURFACE_STYLE_USAGE(.NEGATIVE.,#1997);
#1999=PRESENTATION_STYLE_ASSIGNMENT((#1993,#1998));
#2000=OVER_RIDING_STYLED_ITEM('',(#1999),#1988,#37);
#2001=CARTESIAN_POINT('',(-1.11E1,0.E0,0.E0));
#2002=DIRECTION('',(-1.E0,0.E0,0.E0));
#2003=DIRECTION('',(0.E0,0.E0,1.E0));
#2004=AXIS2_PLACEMENT_3D('',#2001,#2002,#2003);
#2005=PLANE('',#2004);
#2006=ORIENTED_EDGE('',*,*,#1957,.F.);
#2007=ORIENTED_EDGE('',*,*,#1983,.F.);
#2008=EDGE_LOOP('',(#2006,#2007));
#2009=FACE_OUTER_BOUND('',#2008,.F.);
#2011=FILL_AREA_STYLE_COLOUR('',#30);
#2012=FILL_AREA_STYLE('',(#2011));
#2013=SURFACE_STYLE_FILL_AREA(#2012);
#2014=SURFACE_SIDE_STYLE('',(#2013));
#2015=SURFACE_STYLE_USAGE(.POSITIVE.,#2014);
#2016=FILL_AREA_STYLE_COLOUR('',#8);
#2017=FILL_AREA_STYLE('',(#2016));
#2018=SURFACE_STYLE_FILL_AREA(#2017);
#2019=SURFACE_SIDE_STYLE('',(#2018));
#2020=SURFACE_STYLE_USAGE(.NEGATIVE.,#2019);
#2021=PRESENTATION_STYLE_ASSIGNMENT((#2015,#2020));
#2022=OVER_RIDING_STYLED_ITEM('',(#2021),#2010,#37);
#2023=CARTESIAN_POINT('',(0.E0,-2.E-1,-1.745E1));
#2024=DIRECTION('',(-1.E0,0.E0,0.E0));
#2025=DIRECTION('',(0.E0,0.E0,1.E0));
#2026=AXIS2_PLACEMENT_3D('',#2023,#2024,#2025);
#2027=CYLINDRICAL_SURFACE('',#2026,3.65E0);
#2028=ORIENTED_EDGE('',*,*,#1218,.F.);
#2030=ORIENTED_EDGE('',*,*,#2029,.T.);
#2032=ORIENTED_EDGE('',*,*,#2031,.T.);
#2034=ORIENTED_EDGE('',*,*,#2033,.F.);
#2035=EDGE_LOOP('',(#2028,#2030,#2032,#2034));
#2036=FACE_OUTER_BOUND('',#2035,.F.);
#2038=FILL_AREA_STYLE_COLOUR('',#22);
#2039=FILL_AREA_STYLE('',(#2038));
#2040=SURFACE_STYLE_FILL_AREA(#2039);
#2041=SURFACE_SIDE_STYLE('',(#2040));
#2042=SURFACE_STYLE_USAGE(.POSITIVE.,#2041);
#2043=FILL_AREA_STYLE_COLOUR('',#8);
#2044=FILL_AREA_STYLE('',(#2043));
#2045=SURFACE_STYLE_FILL_AREA(#2044);
#2046=SURFACE_SIDE_STYLE('',(#2045));
#2047=SURFACE_STYLE_USAGE(.NEGATIVE.,#2046);
#2048=PRESENTATION_STYLE_ASSIGNMENT((#2042,#2047));
#2049=OVER_RIDING_STYLED_ITEM('',(#2048),#2037,#37);
#2050=CARTESIAN_POINT('',(0.E0,-2.E-1,-1.745E1));
#2051=DIRECTION('',(-1.E0,0.E0,0.E0));
#2052=DIRECTION('',(0.E0,0.E0,1.E0));
#2053=AXIS2_PLACEMENT_3D('',#2050,#2051,#2052);
#2054=CYLINDRICAL_SURFACE('',#2053,3.65E0);
#2055=ORIENTED_EDGE('',*,*,#1220,.F.);
#2056=ORIENTED_EDGE('',*,*,#2033,.T.);
#2058=ORIENTED_EDGE('',*,*,#2057,.T.);
#2059=ORIENTED_EDGE('',*,*,#2029,.F.);
#2060=EDGE_LOOP('',(#2055,#2056,#2058,#2059));
#2061=FACE_OUTER_BOUND('',#2060,.F.);
#2063=FILL_AREA_STYLE_COLOUR('',#22);
#2064=FILL_AREA_STYLE('',(#2063));
#2065=SURFACE_STYLE_FILL_AREA(#2064);
#2066=SURFACE_SIDE_STYLE('',(#2065));
#2067=SURFACE_STYLE_USAGE(.POSITIVE.,#2066);
#2068=FILL_AREA_STYLE_COLOUR('',#8);
#2069=FILL_AREA_STYLE('',(#2068));
#2070=SURFACE_STYLE_FILL_AREA(#2069);
#2071=SURFACE_SIDE_STYLE('',(#2070));
#2072=SURFACE_STYLE_USAGE(.NEGATIVE.,#2071);
#2073=PRESENTATION_STYLE_ASSIGNMENT((#2067,#2072));
#2074=OVER_RIDING_STYLED_ITEM('',(#2073),#2062,#37);
#2075=CARTESIAN_POINT('',(-1.07E1,0.E0,0.E0));
#2076=DIRECTION('',(-1.E0,0.E0,0.E0));
#2077=DIRECTION('',(0.E0,0.E0,1.E0));
#2078=AXIS2_PLACEMENT_3D('',#2075,#2076,#2077);
#2079=PLANE('',#2078);
#2080=ORIENTED_EDGE('',*,*,#2031,.F.);
#2081=ORIENTED_EDGE('',*,*,#2057,.F.);
#2082=EDGE_LOOP('',(#2080,#2081));
#2083=FACE_OUTER_BOUND('',#2082,.F.);
#2085=FILL_AREA_STYLE_COLOUR('',#22);
#2086=FILL_AREA_STYLE('',(#2085));
#2087=SURFACE_STYLE_FILL_AREA(#2086);
#2088=SURFACE_SIDE_STYLE('',(#2087));
#2089=SURFACE_STYLE_USAGE(.POSITIVE.,#2088);
#2090=FILL_AREA_STYLE_COLOUR('',#8);
#2091=FILL_AREA_STYLE('',(#2090));
#2092=SURFACE_STYLE_FILL_AREA(#2091);
#2093=SURFACE_SIDE_STYLE('',(#2092));
#2094=SURFACE_STYLE_USAGE(.NEGATIVE.,#2093);
#2095=PRESENTATION_STYLE_ASSIGNMENT((#2089,#2094));
#2096=OVER_RIDING_STYLED_ITEM('',(#2095),#2084,#37);
#2097=CARTESIAN_POINT('',(0.E0,-7.3E0,-1.115E1));
#2098=DIRECTION('',(0.E0,0.E0,-1.E0));
#2099=DIRECTION('',(0.E0,-1.E0,0.E0));
#2100=AXIS2_PLACEMENT_3D('',#2097,#2098,#2099);
#2101=PLANE('',#2100);
#2102=ORIENTED_EDGE('',*,*,#1224,.F.);
#2104=ORIENTED_EDGE('',*,*,#2103,.T.);
#2106=ORIENTED_EDGE('',*,*,#2105,.T.);
#2108=ORIENTED_EDGE('',*,*,#2107,.F.);
#2109=EDGE_LOOP('',(#2102,#2104,#2106,#2108));
#2110=FACE_OUTER_BOUND('',#2109,.F.);
#2112=FILL_AREA_STYLE_COLOUR('',#11);
#2113=FILL_AREA_STYLE('',(#2112));
#2114=SURFACE_STYLE_FILL_AREA(#2113);
#2115=SURFACE_SIDE_STYLE('',(#2114));
#2116=SURFACE_STYLE_USAGE(.POSITIVE.,#2115);
#2117=FILL_AREA_STYLE_COLOUR('',#8);
#2118=FILL_AREA_STYLE('',(#2117));
#2119=SURFACE_STYLE_FILL_AREA(#2118);
#2120=SURFACE_SIDE_STYLE('',(#2119));
#2121=SURFACE_STYLE_USAGE(.NEGATIVE.,#2120);
#2122=PRESENTATION_STYLE_ASSIGNMENT((#2116,#2121));
#2123=OVER_RIDING_STYLED_ITEM('',(#2122),#2111,#37);
#2124=CARTESIAN_POINT('',(0.E0,-7.3E0,-6.85E0));
#2125=DIRECTION('',(0.E0,1.E0,0.E0));
#2126=DIRECTION('',(0.E0,0.E0,-1.E0));
#2127=AXIS2_PLACEMENT_3D('',#2124,#2125,#2126);
#2128=PLANE('',#2127);
#2129=ORIENTED_EDGE('',*,*,#1230,.F.);
#2131=ORIENTED_EDGE('',*,*,#2130,.T.);
#2133=ORIENTED_EDGE('',*,*,#2132,.T.);
#2134=ORIENTED_EDGE('',*,*,#2103,.F.);
#2135=EDGE_LOOP('',(#2129,#2131,#2133,#2134));
#2136=FACE_OUTER_BOUND('',#2135,.F.);
#2138=FILL_AREA_STYLE_COLOUR('',#11);
#2139=FILL_AREA_STYLE('',(#2138));
#2140=SURFACE_STYLE_FILL_AREA(#2139);
#2141=SURFACE_SIDE_STYLE('',(#2140));
#2142=SURFACE_STYLE_USAGE(.POSITIVE.,#2141);
#2143=FILL_AREA_STYLE_COLOUR('',#8);
#2144=FILL_AREA_STYLE('',(#2143));
#2145=SURFACE_STYLE_FILL_AREA(#2144);
#2146=SURFACE_SIDE_STYLE('',(#2145));
#2147=SURFACE_STYLE_USAGE(.NEGATIVE.,#2146);
#2148=PRESENTATION_STYLE_ASSIGNMENT((#2142,#2147));
#2149=OVER_RIDING_STYLED_ITEM('',(#2148),#2137,#37);
#2150=CARTESIAN_POINT('',(0.E0,-9.8E0,-6.85E0));
#2151=DIRECTION('',(0.E0,0.E0,1.E0));
#2152=DIRECTION('',(0.E0,1.E0,0.E0));
#2153=AXIS2_PLACEMENT_3D('',#2150,#2151,#2152);
#2154=PLANE('',#2153);
#2155=ORIENTED_EDGE('',*,*,#1228,.F.);
#2157=ORIENTED_EDGE('',*,*,#2156,.T.);
#2159=ORIENTED_EDGE('',*,*,#2158,.T.);
#2160=ORIENTED_EDGE('',*,*,#2130,.F.);
#2161=EDGE_LOOP('',(#2155,#2157,#2159,#2160));
#2162=FACE_OUTER_BOUND('',#2161,.F.);
#2164=FILL_AREA_STYLE_COLOUR('',#11);
#2165=FILL_AREA_STYLE('',(#2164));
#2166=SURFACE_STYLE_FILL_AREA(#2165);
#2167=SURFACE_SIDE_STYLE('',(#2166));
#2168=SURFACE_STYLE_USAGE(.POSITIVE.,#2167);
#2169=FILL_AREA_STYLE_COLOUR('',#8);
#2170=FILL_AREA_STYLE('',(#2169));
#2171=SURFACE_STYLE_FILL_AREA(#2170);
#2172=SURFACE_SIDE_STYLE('',(#2171));
#2173=SURFACE_STYLE_USAGE(.NEGATIVE.,#2172);
#2174=PRESENTATION_STYLE_ASSIGNMENT((#2168,#2173));
#2175=OVER_RIDING_STYLED_ITEM('',(#2174),#2163,#37);
#2176=CARTESIAN_POINT('',(0.E0,-9.8E0,-1.115E1));
#2177=DIRECTION('',(0.E0,-1.E0,0.E0));
#2178=DIRECTION('',(0.E0,0.E0,1.E0));
#2179=AXIS2_PLACEMENT_3D('',#2176,#2177,#2178);
#2180=PLANE('',#2179);
#2181=ORIENTED_EDGE('',*,*,#1226,.F.);
#2182=ORIENTED_EDGE('',*,*,#2107,.T.);
#2184=ORIENTED_EDGE('',*,*,#2183,.T.);
#2185=ORIENTED_EDGE('',*,*,#2156,.F.);
#2186=EDGE_LOOP('',(#2181,#2182,#2184,#2185));
#2187=FACE_OUTER_BOUND('',#2186,.F.);
#2189=FILL_AREA_STYLE_COLOUR('',#11);
#2190=FILL_AREA_STYLE('',(#2189));
#2191=SURFACE_STYLE_FILL_AREA(#2190);
#2192=SURFACE_SIDE_STYLE('',(#2191));
#2193=SURFACE_STYLE_USAGE(.POSITIVE.,#2192);
#2194=FILL_AREA_STYLE_COLOUR('',#8);
#2195=FILL_AREA_STYLE('',(#2194));
#2196=SURFACE_STYLE_FILL_AREA(#2195);
#2197=SURFACE_SIDE_STYLE('',(#2196));
#2198=SURFACE_STYLE_USAGE(.NEGATIVE.,#2197);
#2199=PRESENTATION_STYLE_ASSIGNMENT((#2193,#2198));
#2200=OVER_RIDING_STYLED_ITEM('',(#2199),#2188,#37);
#2201=CARTESIAN_POINT('',(-2.1E0,0.E0,0.E0));
#2202=DIRECTION('',(-1.E0,0.E0,0.E0));
#2203=DIRECTION('',(0.E0,0.E0,1.E0));
#2204=AXIS2_PLACEMENT_3D('',#2201,#2202,#2203);
#2205=PLANE('',#2204);
#2206=ORIENTED_EDGE('',*,*,#2105,.F.);
#2207=ORIENTED_EDGE('',*,*,#2132,.F.);
#2208=ORIENTED_EDGE('',*,*,#2158,.F.);
#2209=ORIENTED_EDGE('',*,*,#2183,.F.);
#2210=EDGE_LOOP('',(#2206,#2207,#2208,#2209));
#2211=FACE_OUTER_BOUND('',#2210,.F.);
#2213=FILL_AREA_STYLE_COLOUR('',#11);
#2214=FILL_AREA_STYLE('',(#2213));
#2215=SURFACE_STYLE_FILL_AREA(#2214);
#2216=SURFACE_SIDE_STYLE('',(#2215));
#2217=SURFACE_STYLE_USAGE(.POSITIVE.,#2216);
#2218=FILL_AREA_STYLE_COLOUR('',#8);
#2219=FILL_AREA_STYLE('',(#2218));
#2220=SURFACE_STYLE_FILL_AREA(#2219);
#2221=SURFACE_SIDE_STYLE('',(#2220));
#2222=SURFACE_STYLE_USAGE(.NEGATIVE.,#2221);
#2223=PRESENTATION_STYLE_ASSIGNMENT((#2217,#2222));
#2224=OVER_RIDING_STYLED_ITEM('',(#2223),#2212,#37);
#2225=CARTESIAN_POINT('',(0.E0,8.5E0,-1.175E1));
#2226=DIRECTION('',(0.E0,0.E0,-1.E0));
#2227=DIRECTION('',(0.E0,-1.E0,0.E0));
#2228=AXIS2_PLACEMENT_3D('',#2225,#2226,#2227);
#2229=PLANE('',#2228);
#2230=ORIENTED_EDGE('',*,*,#1234,.F.);
#2232=ORIENTED_EDGE('',*,*,#2231,.T.);
#2234=ORIENTED_EDGE('',*,*,#2233,.T.);
#2236=ORIENTED_EDGE('',*,*,#2235,.F.);
#2237=EDGE_LOOP('',(#2230,#2232,#2234,#2236));
#2238=FACE_OUTER_BOUND('',#2237,.F.);
#2240=FILL_AREA_STYLE_COLOUR('',#11);
#2241=FILL_AREA_STYLE('',(#2240));
#2242=SURFACE_STYLE_FILL_AREA(#2241);
#2243=SURFACE_SIDE_STYLE('',(#2242));
#2244=SURFACE_STYLE_USAGE(.POSITIVE.,#2243);
#2245=FILL_AREA_STYLE_COLOUR('',#8);
#2246=FILL_AREA_STYLE('',(#2245));
#2247=SURFACE_STYLE_FILL_AREA(#2246);
#2248=SURFACE_SIDE_STYLE('',(#2247));
#2249=SURFACE_STYLE_USAGE(.NEGATIVE.,#2248);
#2250=PRESENTATION_STYLE_ASSIGNMENT((#2244,#2249));
#2251=OVER_RIDING_STYLED_ITEM('',(#2250),#2239,#37);
#2252=CARTESIAN_POINT('',(0.E0,8.5E0,-2.25E0));
#2253=DIRECTION('',(0.E0,1.E0,0.E0));
#2254=DIRECTION('',(0.E0,0.E0,-1.E0));
#2255=AXIS2_PLACEMENT_3D('',#2252,#2253,#2254);
#2256=PLANE('',#2255);
#2257=ORIENTED_EDGE('',*,*,#1240,.F.);
#2259=ORIENTED_EDGE('',*,*,#2258,.T.);
#2261=ORIENTED_EDGE('',*,*,#2260,.T.);
#2262=ORIENTED_EDGE('',*,*,#2231,.F.);
#2263=EDGE_LOOP('',(#2257,#2259,#2261,#2262));
#2264=FACE_OUTER_BOUND('',#2263,.F.);
#2266=FILL_AREA_STYLE_COLOUR('',#11);
#2267=FILL_AREA_STYLE('',(#2266));
#2268=SURFACE_STYLE_FILL_AREA(#2267);
#2269=SURFACE_SIDE_STYLE('',(#2268));
#2270=SURFACE_STYLE_USAGE(.POSITIVE.,#2269);
#2271=FILL_AREA_STYLE_COLOUR('',#8);
#2272=FILL_AREA_STYLE('',(#2271));
#2273=SURFACE_STYLE_FILL_AREA(#2272);
#2274=SURFACE_SIDE_STYLE('',(#2273));
#2275=SURFACE_STYLE_USAGE(.NEGATIVE.,#2274);
#2276=PRESENTATION_STYLE_ASSIGNMENT((#2270,#2275));
#2277=OVER_RIDING_STYLED_ITEM('',(#2276),#2265,#37);
#2278=CARTESIAN_POINT('',(0.E0,2.E-1,-2.25E0));
#2279=DIRECTION('',(0.E0,0.E0,1.E0));
#2280=DIRECTION('',(0.E0,1.E0,0.E0));
#2281=AXIS2_PLACEMENT_3D('',#2278,#2279,#2280);
#2282=PLANE('',#2281);
#2283=ORIENTED_EDGE('',*,*,#1238,.F.);
#2285=ORIENTED_EDGE('',*,*,#2284,.T.);
#2287=ORIENTED_EDGE('',*,*,#2286,.T.);
#2288=ORIENTED_EDGE('',*,*,#2258,.F.);
#2289=EDGE_LOOP('',(#2283,#2285,#2287,#2288));
#2290=FACE_OUTER_BOUND('',#2289,.F.);
#2292=FILL_AREA_STYLE_COLOUR('',#11);
#2293=FILL_AREA_STYLE('',(#2292));
#2294=SURFACE_STYLE_FILL_AREA(#2293);
#2295=SURFACE_SIDE_STYLE('',(#2294));
#2296=SURFACE_STYLE_USAGE(.POSITIVE.,#2295);
#2297=FILL_AREA_STYLE_COLOUR('',#8);
#2298=FILL_AREA_STYLE('',(#2297));
#2299=SURFACE_STYLE_FILL_AREA(#2298);
#2300=SURFACE_SIDE_STYLE('',(#2299));
#2301=SURFACE_STYLE_USAGE(.NEGATIVE.,#2300);
#2302=PRESENTATION_STYLE_ASSIGNMENT((#2296,#2301));
#2303=OVER_RIDING_STYLED_ITEM('',(#2302),#2291,#37);
#2304=CARTESIAN_POINT('',(0.E0,2.E-1,-1.175E1));
#2305=DIRECTION('',(0.E0,-1.E0,0.E0));
#2306=DIRECTION('',(0.E0,0.E0,1.E0));
#2307=AXIS2_PLACEMENT_3D('',#2304,#2305,#2306);
#2308=PLANE('',#2307);
#2309=ORIENTED_EDGE('',*,*,#1236,.F.);
#2310=ORIENTED_EDGE('',*,*,#2235,.T.);
#2312=ORIENTED_EDGE('',*,*,#2311,.T.);
#2313=ORIENTED_EDGE('',*,*,#2284,.F.);
#2314=EDGE_LOOP('',(#2309,#2310,#2312,#2313));
#2315=FACE_OUTER_BOUND('',#2314,.F.);
#2317=FILL_AREA_STYLE_COLOUR('',#11);
#2318=FILL_AREA_STYLE('',(#2317));
#2319=SURFACE_STYLE_FILL_AREA(#2318);
#2320=SURFACE_SIDE_STYLE('',(#2319));
#2321=SURFACE_STYLE_USAGE(.POSITIVE.,#2320);
#2322=FILL_AREA_STYLE_COLOUR('',#8);
#2323=FILL_AREA_STYLE('',(#2322));
#2324=SURFACE_STYLE_FILL_AREA(#2323);
#2325=SURFACE_SIDE_STYLE('',(#2324));
#2326=SURFACE_STYLE_USAGE(.NEGATIVE.,#2325);
#2327=PRESENTATION_STYLE_ASSIGNMENT((#2321,#2326));
#2328=OVER_RIDING_STYLED_ITEM('',(#2327),#2316,#37);
#2329=CARTESIAN_POINT('',(-4.7E0,0.E0,0.E0));
#2330=DIRECTION('',(-1.E0,0.E0,0.E0));
#2331=DIRECTION('',(0.E0,0.E0,1.E0));
#2332=AXIS2_PLACEMENT_3D('',#2329,#2330,#2331);
#2333=PLANE('',#2332);
#2334=ORIENTED_EDGE('',*,*,#2233,.F.);
#2335=ORIENTED_EDGE('',*,*,#2260,.F.);
#2336=ORIENTED_EDGE('',*,*,#2286,.F.);
#2337=ORIENTED_EDGE('',*,*,#2311,.F.);
#2338=EDGE_LOOP('',(#2334,#2335,#2336,#2337));
#2339=FACE_OUTER_BOUND('',#2338,.F.);
#2341=FILL_AREA_STYLE_COLOUR('',#11);
#2342=FILL_AREA_STYLE('',(#2341));
#2343=SURFACE_STYLE_FILL_AREA(#2342);
#2344=SURFACE_SIDE_STYLE('',(#2343));
#2345=SURFACE_STYLE_USAGE(.POSITIVE.,#2344);
#2346=FILL_AREA_STYLE_COLOUR('',#8);
#2347=FILL_AREA_STYLE('',(#2346));
#2348=SURFACE_STYLE_FILL_AREA(#2347);
#2349=SURFACE_SIDE_STYLE('',(#2348));
#2350=SURFACE_STYLE_USAGE(.NEGATIVE.,#2349);
#2351=PRESENTATION_STYLE_ASSIGNMENT((#2345,#2350));
#2352=OVER_RIDING_STYLED_ITEM('',(#2351),#2340,#37);
#2355=FILL_AREA_STYLE_COLOUR('',#8);
#2356=FILL_AREA_STYLE('',(#2355));
#2357=SURFACE_STYLE_FILL_AREA(#2356);
#2358=SURFACE_SIDE_STYLE('',(#2357));
#2359=SURFACE_STYLE_USAGE(.BOTH.,#2358);
#2360=PRESENTATION_STYLE_ASSIGNMENT((#2359));
#37=STYLED_ITEM('',(#2360),#2354);
#2361=CARTESIAN_POINT('',(0.E0,0.E0,0.E0));
#2362=DIRECTION('',(1.E0,0.E0,0.E0));
#2363=DIRECTION('',(0.E0,1.E0,0.E0));
#2364=AXIS2_PLACEMENT_3D('',#2361,#2362,#2363);
#2365=PLANE('P_RIGHT',#2364);
#2366=CARTESIAN_POINT('',(0.E0,0.E0,0.E0));
#2367=DIRECTION('',(-1.E0,0.E0,0.E0));
#2368=DIRECTION('',(0.E0,-1.E0,0.E0));
#2369=AXIS2_PLACEMENT_3D('',#2366,#2367,#2368);
#2370=PLANE('P_LEFT',#2369);
#2371=CARTESIAN_POINT('',(0.E0,0.E0,0.E0));
#2372=DIRECTION('',(0.E0,1.E0,0.E0));
#2373=DIRECTION('',(0.E0,0.E0,1.E0));
#2374=AXIS2_PLACEMENT_3D('',#2371,#2372,#2373);
#2375=PLANE('P_TOP',#2374);
#2376=CARTESIAN_POINT('',(0.E0,0.E0,0.E0));
#2377=DIRECTION('',(0.E0,0.E0,1.E0));
#2378=DIRECTION('',(1.E0,0.E0,0.E0));
#2379=AXIS2_PLACEMENT_3D('',#2376,#2377,#2378);
#2380=PLANE('P_FRONT',#2379);
#2381=CARTESIAN_POINT('',(0.E0,0.E0,0.E0));
#2382=DIRECTION('',(0.E0,0.E0,1.E0));
#2383=DIRECTION('',(1.E0,0.E0,0.E0));
#2384=AXIS2_PLACEMENT_3D('CS0',#2381,#2382,#2383);
#2385=CURVE_STYLE('',#43,POSITIVE_LENGTH_MEASURE(2.E-2),#35);
#2386=PRESENTATION_STYLE_ASSIGNMENT((#2385));
#2387=STYLED_ITEM('',(#2386),#2384);
#2388=DIRECTION('',(-1.E0,0.E0,0.E0));
#2389=VECTOR('',#2388,1.2E1);
#2390=CARTESIAN_POINT('',(9.E-1,0.E0,0.E0));
#2391=LINE('',#2390,#2389);
#2393=CURVE_STYLE('',#43,POSITIVE_LENGTH_MEASURE(2.E-2),#35);
#2394=PRESENTATION_STYLE_ASSIGNMENT((#2393));
#2395=STYLED_ITEM('',(#2394),#2392);
#2396=DIRECTION('',(0.E0,-1.E0,0.E0));
#2397=VECTOR('',#2396,2.16E1);
#2398=CARTESIAN_POINT('',(0.E0,1.08E1,0.E0));
#2399=LINE('',#2398,#2397);
#2401=CURVE_STYLE('',#43,POSITIVE_LENGTH_MEASURE(2.E-2),#35);
#2402=PRESENTATION_STYLE_ASSIGNMENT((#2401));
#2403=STYLED_ITEM('',(#2402),#2400);
#2404=DIRECTION('',(0.E0,0.E0,1.E0));
#2405=VECTOR('',#2404,4.35E1);
#2406=CARTESIAN_POINT('',(0.E0,0.E0,-2.175E1));
#2407=LINE('',#2406,#2405);
#2409=CURVE_STYLE('',#43,POSITIVE_LENGTH_MEASURE(2.E-2),#35);
#2410=PRESENTATION_STYLE_ASSIGNMENT((#2409));
#2411=STYLED_ITEM('',(#2410),#2408);
#2412=DIRECTION('',(-1.E0,0.E0,0.E0));
#2413=VECTOR('',#2412,9.E-1);
#2414=CARTESIAN_POINT('',(9.E-1,9.1E0,-2.005E1));
#2415=LINE('',#2414,#2413);
#2417=CURVE_STYLE('',#43,POSITIVE_LENGTH_MEASURE(2.E-2),#35);
#2418=PRESENTATION_STYLE_ASSIGNMENT((#2417));
#2419=STYLED_ITEM('',(#2418),#2416);
#2420=DIRECTION('',(-1.E0,0.E0,0.E0));
#2421=VECTOR('',#2420,9.E-1);
#2422=CARTESIAN_POINT('',(9.E-1,-9.1E0,-2.005E1));
#2423=LINE('',#2422,#2421);
#2425=CURVE_STYLE('',#43,POSITIVE_LENGTH_MEASURE(2.E-2),#35);
#2426=PRESENTATION_STYLE_ASSIGNMENT((#2425));
#2427=STYLED_ITEM('',(#2426),#2424);
#2428=DIRECTION('',(-1.E0,0.E0,0.E0));
#2429=VECTOR('',#2428,9.E-1);
#2430=CARTESIAN_POINT('',(9.E-1,9.1E0,2.005E1));
#2431=LINE('',#2430,#2429);
#2433=CURVE_STYLE('',#43,POSITIVE_LENGTH_MEASURE(2.E-2),#35);
#2434=PRESENTATION_STYLE_ASSIGNMENT((#2433));
#2435=STYLED_ITEM('',(#2434),#2432);
#2436=DIRECTION('',(-1.E0,0.E0,0.E0));
#2437=VECTOR('',#2436,9.E-1);
#2438=CARTESIAN_POINT('',(9.E-1,-9.1E0,2.005E1));
#2439=LINE('',#2438,#2437);
#2441=CURVE_STYLE('',#43,POSITIVE_LENGTH_MEASURE(2.E-2),#35);
#2442=PRESENTATION_STYLE_ASSIGNMENT((#2441));
#2443=STYLED_ITEM('',(#2442),#2440);
#2444=DIRECTION('',(-1.E0,0.E0,0.E0));
#2445=VECTOR('',#2444,9.E-1);
#2446=CARTESIAN_POINT('',(9.E-1,-8.E0,1.515E1));
#2447=LINE('',#2446,#2445);
#2449=CURVE_STYLE('',#43,POSITIVE_LENGTH_MEASURE(2.E-2),#35);
#2450=PRESENTATION_STYLE_ASSIGNMENT((#2449));
#2451=STYLED_ITEM('',(#2450),#2448);
#2452=DIRECTION('',(-1.E0,0.E0,0.E0));
#2453=VECTOR('',#2452,9.E-1);
#2454=CARTESIAN_POINT('',(9.E-1,8.3E0,-1.495E1));
#2455=LINE('',#2454,#2453);
#2457=CURVE_STYLE('',#43,POSITIVE_LENGTH_MEASURE(2.E-2),#35);
#2458=PRESENTATION_STYLE_ASSIGNMENT((#2457));
#2459=STYLED_ITEM('',(#2458),#2456);
#2460=DIRECTION('',(-1.E0,0.E0,0.E0));
#2461=VECTOR('',#2460,1.05E1);
#2462=CARTESIAN_POINT('',(0.E0,-6.E-1,1.725E1));
#2463=LINE('',#2462,#2461);
#2465=CURVE_STYLE('',#43,POSITIVE_LENGTH_MEASURE(2.E-2),#35);
#2466=PRESENTATION_STYLE_ASSIGNMENT((#2465));
#2467=STYLED_ITEM('',(#2466),#2464);
#2468=DIRECTION('',(-1.E0,0.E0,0.E0));
#2469=VECTOR('',#2468,1.6E0);
#2470=CARTESIAN_POINT('',(-9.5E0,7.3E0,3.85E0));
#2471=LINE('',#2470,#2469);
#2473=CURVE_STYLE('',#43,POSITIVE_LENGTH_MEASURE(2.E-2),#35);
#2474=PRESENTATION_STYLE_ASSIGNMENT((#2473));
#2475=STYLED_ITEM('',(#2474),#2472);
#2476=DIRECTION('',(-1.E0,0.E0,0.E0));
#2477=VECTOR('',#2476,1.07E1);
#2478=CARTESIAN_POINT('',(0.E0,-2.E-1,-1.745E1));
#2479=LINE('',#2478,#2477);
#2481=CURVE_STYLE('',#43,POSITIVE_LENGTH_MEASURE(2.E-2),#35);
#2482=PRESENTATION_STYLE_ASSIGNMENT((#2481));
#2483=STYLED_ITEM('',(#2482),#2480);
#2484=PRESENTATION_LAYER_ASSIGNMENT('START_PART_FEATURES','',(#2365,#2375,#2380,
#2384,#2392,#2400,#2408));
#2487=PLANE_ANGLE_MEASURE_WITH_UNIT(PLANE_ANGLE_MEASURE(1.745329251994E-2),
#2486);
#2488=(CONVERSION_BASED_UNIT('DEGREE',#2487)NAMED_UNIT(*)PLANE_ANGLE_UNIT());
#2490=UNCERTAINTY_MEASURE_WITH_UNIT(LENGTH_MEASURE(1.E-3),#2485,'closure',
'Maximum model space distance between geometric entities at asserted connectivities');
#2494=CARTESIAN_POINT('',(0.E0,0.E0,0.E0));
#2495=DIRECTION('',(0.E0,0.E0,1.E0));
#2496=DIRECTION('',(1.E0,0.E0,0.E0));
#2499=SHAPE_REPRESENTATION_RELATIONSHIP('','',#2498,#2492);
#2500=CONSTRUCTIVE_GEOMETRY_REPRESENTATION_RELATIONSHIP('','',#2498,#2493);
#2501=MECHANICAL_DESIGN_GEOMETRIC_PRESENTATION_REPRESENTATION('',(#46,#54,#62,
#70,#78,#86,#94,#102,#110,#118,#126,#134,#141,#148,#155,#162,#170,#178,#186,
#193,#201,#208,#216,#223,#231,#238,#245,#252,#259,#266,#274,#282,#289,#296,#303,
#310,#317,#324,#331,#338,#345,#352,#360,#368,#376,#384,#392,#400,#408,#416,#424,
#432,#440,#448,#455,#462,#469,#476,#483,#490,#497,#504,#511,#518,#525,#532,#539,
#546,#553,#560,#567,#574,#581,#588,#596,#604,#611,#618,#625,#632,#639,#646,#653,
#660,#668,#675,#683,#690,#698,#705,#713,#720,#727,#734,#741,#748,#755,#762,#769,
#776,#784,#792,#799,#806,#814,#822,#829,#836,#844,#852,#859,#866,#873,#880,#887,
#894,#901,#908,#915,#922,#929,#936,#943,#950,#957,#964,#1531,#1556,#1578,#1605,
#1631,#1657,#1683,#1709,#1735,#1761,#1786,#1814,#1841,#1867,#1893,#1918,#1948,
#1975,#2000,#2022,#2049,#2074,#2096,#2123,#2149,#2175,#2200,#2224,#2251,#2277,
#2303,#2328,#2352,#37,#2387,#2395,#2403,#2411,#2419,#2427,#2435,#2443,#2451,
#2459,#2467,#2475,#2483),#2491);
#2502=APPLICATION_CONTEXT('automotive design');
#2503=APPLICATION_PROTOCOL_DEFINITION('international standard',
'config_control_design',1994,#2502);
#2504=PRODUCT_DEFINITION_CONTEXT('',#2502,'design');
#2505=PRODUCT_CONTEXT('',#2502,'mechanical');
#2506=PRODUCT('LM2596-HW-411','LM2596-HW-411','NOT SPECIFIED',(#2505));
#2507=PRODUCT_DEFINITION_FORMATION_WITH_SPECIFIED_SOURCE('1','LAST_VERSION',
#2506,.MADE.);
#2515=DERIVED_UNIT_ELEMENT(#2514,2.E0);
#2516=AREA_UNIT((#2515));
#2517=MEASURE_REPRESENTATION_ITEM('surface area measure',AREA_MEASURE(
3.343453668463E3),#2516);
#2522=DERIVED_UNIT_ELEMENT(#2521,3.E0);
#2523=VOLUME_UNIT((#2522));
#2524=MEASURE_REPRESENTATION_ITEM('volume measure',VOLUME_MEASURE(
3.790072335900E3),#2523);
#2528=CARTESIAN_POINT('centre point',(-3.229756694953E0,-2.944628263437E-2,
2.219528360225E0));
#2533=DERIVED_UNIT_ELEMENT(#2532,2.E0);
#2534=AREA_UNIT((#2533));
#2535=MEASURE_REPRESENTATION_ITEM('surface area measure',AREA_MEASURE(
3.343453668463E3),#2534);
#2540=DERIVED_UNIT_ELEMENT(#2539,3.E0);
#2541=VOLUME_UNIT((#2540));
#2542=MEASURE_REPRESENTATION_ITEM('volume measure',VOLUME_MEASURE(
3.790072335900E3),#2541);
#2546=CARTESIAN_POINT('centre point',(-3.229756694953E0,-2.944628263437E-2,
2.219528360225E0));
#2551=DRAUGHTING_MODEL('Default',(#2565,#2567,#2569,#2580,#2581),#2491);
#2552=CARTESIAN_POINT('',(0.E0,0.E0,0.E0));
#2553=DIRECTION('',(0.E0,0.E0,1.E0));
#2554=DIRECTION('',(1.E0,0.E0,0.E0));
#2555=AXIS2_PLACEMENT_3D('',#2552,#2553,#2554);
#2556=REPRESENTATION_MAP(#2555,#2498);
#2557=MAPPED_ITEM('',#2556,#2555);
#2558=PRESENTATION_STYLE_ASSIGNMENT((.NULL.));
#2559=STYLED_ITEM('',(#2558),#2557);
#2560=DRAUGHTING_MODEL('',(#2555,#2557,#2559),#2491);
#2561=MECHANICAL_DESIGN_AND_DRAUGHTING_RELATIONSHIP('','',#2551,#2560);
#2562=CARTESIAN_POINT('',(0.E0,0.E0,0.E0));
#2563=DIRECTION('',(0.E0,0.E0,1.E0));
#2564=DIRECTION('',(1.E0,0.E0,0.E0));
#2565=AXIS2_PLACEMENT_3D('',#2562,#2563,#2564);
#2566=REPRESENTATION_MAP(#2565,#2498);
#2567=MAPPED_ITEM('',#2566,#2565);
#2568=PRESENTATION_STYLE_ASSIGNMENT((.NULL.));
#2569=STYLED_ITEM('',(#2568),#2567);
#2570=CARTESIAN_POINT('',(0.E0,0.E0,0.E0));
#2571=CARTESIAN_POINT('',(-4.040434366110E1,-3.012772437424E1,
9.961522945880E1));
#2572=DIRECTION('',(0.E0,0.E0,1.E0));
#2573=DIRECTION('',(1.E0,0.E0,0.E0));
#2574=AXIS2_PLACEMENT_3D('',#2571,#2572,#2573);
#2576=VIEW_VOLUME(.PARALLEL.,#2570,9.961522945880E1,9.961522945880E1,.T.,0.E0,
.F.,.T.,#2575);
#2577=CARTESIAN_POINT('',(1.577132590010E0,6.546890000497E1,9.041416088045E1));
#2578=DIRECTION('',(3.894183423087E-1,7.214918620107E-1,5.725406952575E-1));
#2579=DIRECTION('',(9.210609940029E-1,-3.050418666329E-1,-2.420663234065E-1));
#2580=AXIS2_PLACEMENT_3D('',#2577,#2578,#2579);
#2581=CAMERA_MODEL_D3('DEFAULT',#2580,#2576);
#2583=GENERAL_PROPERTY('','CNO','user defined attribute');
#2584=GENERAL_PROPERTY_ASSOCIATION('user defined attribute','',#2583,#2582);
#2585=DESCRIPTIVE_REPRESENTATION_ITEM('CNO','');
#2589=GENERAL_PROPERTY('','DEFTXT','user defined attribute');
#2590=GENERAL_PROPERTY_ASSOCIATION('user defined attribute','',#2589,#2588);
#2591=DESCRIPTIVE_REPRESENTATION_ITEM('DEFTXT','');
#2595=GENERAL_PROPERTY('','DESCRIPTION','user defined attribute');
#2596=GENERAL_PROPERTY_ASSOCIATION('user defined attribute','',#2595,#2594);
#2597=DESCRIPTIVE_REPRESENTATION_ITEM('DESCRIPTION','');
#2601=GENERAL_PROPERTY('','DESCRIPTION_E','user defined attribute');
#2602=GENERAL_PROPERTY_ASSOCIATION('user defined attribute','',#2601,#2600);
#2603=DESCRIPTIVE_REPRESENTATION_ITEM('DESCRIPTION_E','');
#2607=GENERAL_PROPERTY('','IDENTKEY','user defined attribute');
#2608=GENERAL_PROPERTY_ASSOCIATION('user defined attribute','',#2607,#2606);
#2609=DESCRIPTIVE_REPRESENTATION_ITEM('IDENTKEY','');
#2613=GENERAL_PROPERTY('','LIBRARY','user defined attribute');
#2614=GENERAL_PROPERTY_ASSOCIATION('user defined attribute','',#2613,#2612);
#2615=DESCRIPTIVE_REPRESENTATION_ITEM('LIBRARY','');
#2619=GENERAL_PROPERTY('','MATERIAL','user defined attribute');
#2620=GENERAL_PROPERTY_ASSOCIATION('user defined attribute','',#2619,#2618);
#2621=DESCRIPTIVE_REPRESENTATION_ITEM('MATERIAL','');
#2625=GENERAL_PROPERTY('','MATNUM','user defined attribute');
#2626=GENERAL_PROPERTY_ASSOCIATION('user defined attribute','',#2625,#2624);
#2627=DESCRIPTIVE_REPRESENTATION_ITEM('MATNUM','');
#2631=GENERAL_PROPERTY('','SORTING','user defined attribute');
#2632=GENERAL_PROPERTY_ASSOCIATION('user defined attribute','',#2631,#2630);
#2633=DESCRIPTIVE_REPRESENTATION_ITEM('SORTING','Z');
#2637=GENERAL_PROPERTY('','TITLE','user defined attribute');
#2638=GENERAL_PROPERTY_ASSOCIATION('user defined attribute','',#2637,#2636);
#2639=DESCRIPTIVE_REPRESENTATION_ITEM('TITLE','');
#2643=GENERAL_PROPERTY('','TITLE_E','user defined attribute');
#2644=GENERAL_PROPERTY_ASSOCIATION('user defined attribute','',#2643,#2642);
#2645=DESCRIPTIVE_REPRESENTATION_ITEM('TITLE_E','');
#2649=GENERAL_PROPERTY('','TYP','user defined attribute');
#2650=GENERAL_PROPERTY_ASSOCIATION('user defined attribute','',#2649,#2648);
#2651=DESCRIPTIVE_REPRESENTATION_ITEM('TYP','');
#2655=GENERAL_PROPERTY('','UNIT','user defined attribute');
#2656=GENERAL_PROPERTY_ASSOCIATION('user defined attribute','',#2655,#2654);
#2657=DESCRIPTIVE_REPRESENTATION_ITEM('UNIT','');
#2661=GENERAL_PROPERTY('','UNIT_E','user defined attribute');
#2662=GENERAL_PROPERTY_ASSOCIATION('user defined attribute','',#2661,#2660);
#2663=DESCRIPTIVE_REPRESENTATION_ITEM('UNIT_E','');
#2667=GENERAL_PROPERTY('','WEIGHT','user defined attribute');
#2668=GENERAL_PROPERTY_ASSOCIATION('user defined attribute','',#2667,#2666);
#2669=REAL_REPRESENTATION_ITEM('WEIGHT',0.E0);
#2673=GENERAL_PROPERTY('','PTC_MASTER_MATERIAL','user defined attribute');
#2674=GENERAL_PROPERTY_ASSOCIATION('user defined attribute','',#2673,#2672);
#2675=DESCRIPTIVE_REPRESENTATION_ITEM('PTC_MASTER_MATERIAL',
'PTC_SYSTEM_MTRL_PROPS');
#1=DRAUGHTING_PRE_DEFINED_COLOUR('blue');
#2=DRAUGHTING_PRE_DEFINED_COLOUR('green');
#3=COLOUR_RGB('',1.E-2,7.9E-1,3.8E-1);
#4=COLOUR_RGB('',2.E-2,4.E-2,2.6E-1);
#5=COLOUR_RGB('',2.E-2,1.6E-1,7.4E-1);
#6=COLOUR_RGB('',2.E-2,5.E-1,6.5E-1);
#7=COLOUR_RGB('',2.E-2,6.2E-1,9.1E-1);
#8=COLOUR_RGB('',3.E-2,4.4E-1,1.6E-1);
#9=COLOUR_RGB('',5.E-2,9.5E-1,7.3E-1);
#10=COLOUR_RGB('',1.7E-1,5.8E-1,7.6E-1);
#11=COLOUR_RGB('',2.E-1,2.E-1,2.E-1);
#12=COLOUR_RGB('',3.3E-1,7.5E-1,9.2E-1);
#13=COLOUR_RGB('',4.4E-1,4.4E-1,4.4E-1);
#14=COLOUR_RGB('',5.E-1,5.E-1,5.E-1);
#15=COLOUR_RGB('',5.1E-1,9.E-1,5.2E-1);
#16=COLOUR_RGB('',5.8E-1,9.E-2,2.1E-1);
#17=COLOUR_RGB('',5.8E-1,1.4E-1,8.3E-1);
#18=COLOUR_RGB('',6.35294E-1,6.86275E-1,7.4902E-1);
#19=COLOUR_RGB('',6.4E-1,4.E-1,1.E-2);
#20=COLOUR_RGB('',6.5E-1,3.5E-1,4.E-2);
#21=COLOUR_RGB('',7.E-1,7.E-1,7.E-1);
#22=COLOUR_RGB('',7.4E-1,7.54E-1,7.5E-1);
#23=COLOUR_RGB('',7.5E-1,0.E0,7.5E-1);
#24=COLOUR_RGB('',7.6E-1,1.7E-1,1.E-2);
#25=COLOUR_RGB('',7.8E-1,8.8E-1,9.2E-1);
#26=COLOUR_RGB('',7.9E-1,6.1E-1,4.E-1);
#27=COLOUR_RGB('',8.2E-1,7.E-1,8.7E-1);
#28=COLOUR_RGB('',8.4E-1,5.8E-1,8.E-2);
#29=COLOUR_RGB('',8.6E-1,4.6E-1,5.4E-1);
#30=COLOUR_RGB('',9.3E-1,7.9E-1,4.8E-1);
#31=COLOUR_RGB('',9.7E-1,4.3E-1,4.4E-1);
#32=COLOUR_RGB('',9.8E-1,5.04E-1,8.E-1);
#33=COLOUR_RGB('',9.8E-1,7.5E-1,8.E-1);
#34=DRAUGHTING_PRE_DEFINED_COLOUR('red');
#35=DRAUGHTING_PRE_DEFINED_COLOUR('yellow');
#36=DRAUGHTING_PRE_DEFINED_COLOUR('white');
#42=CIRCLE('',#41,6.E-1);
#51=CIRCLE('',#50,6.E-1);
#59=CIRCLE('',#58,6.E-1);
#67=CIRCLE('',#66,6.E-1);
#75=CIRCLE('',#74,6.E-1);
#83=CIRCLE('',#82,6.E-1);
#91=CIRCLE('',#90,6.E-1);
#99=CIRCLE('',#98,6.E-1);
#107=CIRCLE('',#106,1.5E0);
#115=CIRCLE('',#114,1.5E0);
#123=CIRCLE('',#122,1.5E0);
#131=CIRCLE('',#130,1.5E0);
#167=CIRCLE('',#166,4.1E0);
#175=CIRCLE('',#174,4.1E0);
#183=CIRCLE('',#182,1.E0);
#198=CIRCLE('',#197,1.E0);
#213=CIRCLE('',#212,1.E0);
#228=CIRCLE('',#227,1.E0);
#271=CIRCLE('',#270,3.65E0);
#279=CIRCLE('',#278,3.65E0);
#357=CIRCLE('',#356,6.E-1);
#365=CIRCLE('',#364,6.E-1);
#373=CIRCLE('',#372,6.E-1);
#381=CIRCLE('',#380,6.E-1);
#389=CIRCLE('',#388,6.E-1);
#397=CIRCLE('',#396,6.E-1);
#405=CIRCLE('',#404,6.E-1);
#413=CIRCLE('',#412,6.E-1);
#421=CIRCLE('',#420,1.5E0);
#429=CIRCLE('',#428,1.5E0);
#437=CIRCLE('',#436,1.5E0);
#445=CIRCLE('',#444,1.5E0);
#593=CIRCLE('',#592,4.1E0);
#601=CIRCLE('',#600,4.1E0);
#665=CIRCLE('',#664,1.E0);
#680=CIRCLE('',#679,1.E0);
#695=CIRCLE('',#694,1.E0);
#710=CIRCLE('',#709,1.E0);
#781=CIRCLE('',#780,1.25E0);
#789=CIRCLE('',#788,1.25E0);
#811=CIRCLE('',#810,1.25E0);
#819=CIRCLE('',#818,1.25E0);
#841=CIRCLE('',#840,3.65E0);
#849=CIRCLE('',#848,3.65E0);
#1138=EDGE_CURVE('',#991,#992,#138,.T.);
#1140=EDGE_CURVE('',#996,#991,#145,.T.);
#1142=EDGE_CURVE('',#994,#996,#152,.T.);
#1144=EDGE_CURVE('',#992,#994,#159,.T.);
#1148=EDGE_CURVE('',#971,#972,#59,.T.);
#1150=EDGE_CURVE('',#972,#971,#67,.T.);
#1154=EDGE_CURVE('',#975,#976,#75,.T.);
#1156=EDGE_CURVE('',#976,#975,#83,.T.);
#1160=EDGE_CURVE('',#979,#980,#91,.T.);
#1162=EDGE_CURVE('',#980,#979,#99,.T.);
#1166=EDGE_CURVE('',#983,#984,#107,.T.);
#1168=EDGE_CURVE('',#984,#983,#115,.T.);
#1172=EDGE_CURVE('',#987,#988,#123,.T.);
#1174=EDGE_CURVE('',#988,#987,#131,.T.);
#1178=EDGE_CURVE('',#967,#968,#42,.T.);
#1180=EDGE_CURVE('',#968,#967,#51,.T.);
#1184=EDGE_CURVE('',#1035,#1036,#167,.T.);
#1186=EDGE_CURVE('',#1036,#1035,#175,.T.);
#1190=EDGE_CURVE('',#1055,#1056,#183,.T.);
#1192=EDGE_CURVE('',#1056,#1058,#190,.T.);
#1194=EDGE_CURVE('',#1058,#1060,#198,.T.);
#1196=EDGE_CURVE('',#1060,#1062,#205,.T.);
#1198=EDGE_CURVE('',#1062,#1064,#213,.T.);
#1200=EDGE_CURVE('',#1064,#1066,#220,.T.);
#1202=EDGE_CURVE('',#1066,#1068,#228,.T.);
#1204=EDGE_CURVE('',#1068,#1055,#235,.T.);
#1208=EDGE_CURVE('',#1079,#1080,#242,.T.);
#1210=EDGE_CURVE('',#1080,#1082,#249,.T.);
#1212=EDGE_CURVE('',#1082,#1084,#256,.T.);
#1214=EDGE_CURVE('',#1084,#1079,#263,.T.);
#1218=EDGE_CURVE('',#1099,#1100,#271,.T.);
#1220=EDGE_CURVE('',#1100,#1099,#279,.T.);
#1224=EDGE_CURVE('',#1111,#1112,#286,.T.);
#1226=EDGE_CURVE('',#1112,#1114,#293,.T.);
#1228=EDGE_CURVE('',#1114,#1116,#300,.T.);
#1230=EDGE_CURVE('',#1116,#1111,#307,.T.);
#1234=EDGE_CURVE('',#1127,#1128,#314,.T.);
#1236=EDGE_CURVE('',#1128,#1130,#321,.T.);
#1238=EDGE_CURVE('',#1130,#1132,#328,.T.);
#1240=EDGE_CURVE('',#1132,#1127,#335,.T.);
#1244=ADVANCED_FACE('',(#1147,#1153,#1159,#1165,#1171,#1177,#1183,#1189,#1207,
#1217,#1223,#1233,#1243),#1137,.T.);
#1251=EDGE_CURVE('',#968,#1000,#349,.T.);
#1253=EDGE_CURVE('',#999,#1000,#357,.T.);
#1255=EDGE_CURVE('',#967,#999,#342,.T.);
#1259=ADVANCED_FACE('',(#1258),#1249,.F.);
#1267=EDGE_CURVE('',#1000,#999,#365,.T.);
#1272=ADVANCED_FACE('',(#1271),#1264,.F.);
#1278=EDGE_CURVE('',#1023,#1024,#452,.T.);
#1280=EDGE_CURVE('',#1024,#1026,#459,.T.);
#1282=EDGE_CURVE('',#1026,#1028,#466,.T.);
#1284=EDGE_CURVE('',#1028,#1023,#473,.T.);
#1288=EDGE_CURVE('',#1003,#1004,#373,.T.);
#1290=EDGE_CURVE('',#1004,#1003,#381,.T.);
#1294=EDGE_CURVE('',#1007,#1008,#389,.T.);
#1296=EDGE_CURVE('',#1008,#1007,#397,.T.);
#1300=EDGE_CURVE('',#1011,#1012,#405,.T.);
#1302=EDGE_CURVE('',#1012,#1011,#413,.T.);
#1306=EDGE_CURVE('',#1015,#1016,#421,.T.);
#1308=EDGE_CURVE('',#1016,#1015,#429,.T.);
#1312=EDGE_CURVE('',#1019,#1020,#437,.T.);
#1314=EDGE_CURVE('',#1020,#1019,#445,.T.);
#1322=ADVANCED_FACE('',(#1287,#1293,#1299,#1305,#1311,#1317,#1321),#1277,.F.);
#1329=EDGE_CURVE('',#972,#1004,#487,.T.);
#1332=EDGE_CURVE('',#971,#1003,#480,.T.);
#1336=ADVANCED_FACE('',(#1335),#1327,.F.);
#1348=ADVANCED_FACE('',(#1347),#1341,.F.);
#1355=EDGE_CURVE('',#976,#1008,#501,.T.);
#1358=EDGE_CURVE('',#975,#1007,#494,.T.);
#1362=ADVANCED_FACE('',(#1361),#1353,.F.);
#1374=ADVANCED_FACE('',(#1373),#1367,.F.);
#1381=EDGE_CURVE('',#980,#1012,#515,.T.);
#1384=EDGE_CURVE('',#979,#1011,#508,.T.);
#1388=ADVANCED_FACE('',(#1387),#1379,.F.);
#1400=ADVANCED_FACE('',(#1399),#1393,.F.);
#1407=EDGE_CURVE('',#984,#1016,#529,.T.);
#1410=EDGE_CURVE('',#983,#1015,#522,.T.);
#1414=ADVANCED_FACE('',(#1413),#1405,.F.);
#1426=ADVANCED_FACE('',(#1425),#1419,.F.);
#1433=EDGE_CURVE('',#988,#1020,#543,.T.);
#1436=EDGE_CURVE('',#987,#1019,#536,.T.);
#1440=ADVANCED_FACE('',(#1439),#1431,.F.);
#1452=ADVANCED_FACE('',(#1451),#1445,.F.);
#1459=EDGE_CURVE('',#992,#1024,#557,.T.);
#1462=EDGE_CURVE('',#991,#1023,#550,.T.);
#1466=ADVANCED_FACE('',(#1465),#1457,.T.);
#1473=EDGE_CURVE('',#994,#1026,#564,.T.);
#1479=ADVANCED_FACE('',(#1478),#1471,.T.);
#1486=EDGE_CURVE('',#996,#1028,#571,.T.);
#1492=ADVANCED_FACE('',(#1491),#1484,.T.);
#1504=ADVANCED_FACE('',(#1503),#1497,.T.);
#1511=EDGE_CURVE('',#1035,#1031,#578,.T.);
#1513=EDGE_CURVE('',#1031,#1032,#593,.T.);
#1515=EDGE_CURVE('',#1036,#1032,#585,.T.);
#1519=ADVANCED_FACE('',(#1518),#1509,.T.);
#1539=EDGE_CURVE('',#1032,#1031,#601,.T.);
#1544=ADVANCED_FACE('',(#1543),#1536,.T.);
#1566=ADVANCED_FACE('',(#1565),#1561,.T.);
#1585=EDGE_CURVE('',#1055,#1039,#608,.T.);
#1587=EDGE_CURVE('',#1039,#1040,#665,.T.);
#1589=EDGE_CURVE('',#1056,#1040,#657,.T.);
#1593=ADVANCED_FACE('',(#1592),#1583,.T.);
#1612=EDGE_CURVE('',#1068,#1052,#615,.T.);
#1614=EDGE_CURVE('',#1052,#1039,#672,.T.);
#1619=ADVANCED_FACE('',(#1618),#1610,.T.);
#1638=EDGE_CURVE('',#1066,#1050,#622,.T.);
#1640=EDGE_CURVE('',#1050,#1052,#680,.T.);
#1645=ADVANCED_FACE('',(#1644),#1636,.T.);
#1664=EDGE_CURVE('',#1064,#1048,#629,.T.);
#1666=EDGE_CURVE('',#1048,#1050,#687,.T.);
#1671=ADVANCED_FACE('',(#1670),#1662,.T.);
#1690=EDGE_CURVE('',#1062,#1046,#636,.T.);
#1692=EDGE_CURVE('',#1046,#1048,#695,.T.);
#1697=ADVANCED_FACE('',(#1696),#1688,.T.);
#1716=EDGE_CURVE('',#1060,#1044,#643,.T.);
#1718=EDGE_CURVE('',#1044,#1046,#702,.T.);
#1723=ADVANCED_FACE('',(#1722),#1714,.T.);
#1742=EDGE_CURVE('',#1058,#1042,#650,.T.);
#1744=EDGE_CURVE('',#1042,#1044,#710,.T.);
#1749=ADVANCED_FACE('',(#1748),#1740,.T.);
#1769=EDGE_CURVE('',#1040,#1042,#717,.T.);
#1774=ADVANCED_FACE('',(#1773),#1766,.T.);
#1802=ADVANCED_FACE('',(#1801),#1791,.T.);
#1821=EDGE_CURVE('',#1079,#1071,#724,.T.);
#1823=EDGE_CURVE('',#1071,#1072,#752,.T.);
#1825=EDGE_CURVE('',#1080,#1072,#745,.T.);
#1829=ADVANCED_FACE('',(#1828),#1819,.T.);
#1848=EDGE_CURVE('',#1084,#1076,#731,.T.);
#1850=EDGE_CURVE('',#1076,#1071,#759,.T.);
#1855=ADVANCED_FACE('',(#1854),#1846,.T.);
#1874=EDGE_CURVE('',#1082,#1074,#738,.T.);
#1876=EDGE_CURVE('',#1074,#1076,#766,.T.);
#1881=ADVANCED_FACE('',(#1880),#1872,.T.);
#1901=EDGE_CURVE('',#1072,#1074,#773,.T.);
#1906=ADVANCED_FACE('',(#1905),#1898,.T.);
#1930=EDGE_CURVE('',#1091,#1092,#781,.T.);
#1932=EDGE_CURVE('',#1092,#1091,#789,.T.);
#1936=ADVANCED_FACE('',(#1929,#1935),#1923,.T.);
#1955=EDGE_CURVE('',#1091,#1087,#796,.T.);
#1957=EDGE_CURVE('',#1087,#1088,#811,.T.);
#1959=EDGE_CURVE('',#1092,#1088,#803,.T.);
#1963=ADVANCED_FACE('',(#1962),#1953,.T.);
#1983=EDGE_CURVE('',#1088,#1087,#819,.T.);
#1988=ADVANCED_FACE('',(#1987),#1980,.T.);
#2010=ADVANCED_FACE('',(#2009),#2005,.T.);
#2029=EDGE_CURVE('',#1099,#1095,#826,.T.);
#2031=EDGE_CURVE('',#1095,#1096,#841,.T.);
#2033=EDGE_CURVE('',#1100,#1096,#833,.T.);
#2037=ADVANCED_FACE('',(#2036),#2027,.T.);
#2057=EDGE_CURVE('',#1096,#1095,#849,.T.);
#2062=ADVANCED_FACE('',(#2061),#2054,.T.);
#2084=ADVANCED_FACE('',(#2083),#2079,.T.);
#2103=EDGE_CURVE('',#1111,#1103,#856,.T.);
#2105=EDGE_CURVE('',#1103,#1104,#884,.T.);
#2107=EDGE_CURVE('',#1112,#1104,#877,.T.);
#2111=ADVANCED_FACE('',(#2110),#2101,.T.);
#2130=EDGE_CURVE('',#1116,#1108,#863,.T.);
#2132=EDGE_CURVE('',#1108,#1103,#891,.T.);
#2137=ADVANCED_FACE('',(#2136),#2128,.T.);
#2156=EDGE_CURVE('',#1114,#1106,#870,.T.);
#2158=EDGE_CURVE('',#1106,#1108,#898,.T.);
#2163=ADVANCED_FACE('',(#2162),#2154,.T.);
#2183=EDGE_CURVE('',#1104,#1106,#905,.T.);
#2188=ADVANCED_FACE('',(#2187),#2180,.T.);
#2212=ADVANCED_FACE('',(#2211),#2205,.T.);
#2231=EDGE_CURVE('',#1127,#1119,#912,.T.);
#2233=EDGE_CURVE('',#1119,#1120,#940,.T.);
#2235=EDGE_CURVE('',#1128,#1120,#933,.T.);
#2239=ADVANCED_FACE('',(#2238),#2229,.T.);
#2258=EDGE_CURVE('',#1132,#1124,#919,.T.);
#2260=EDGE_CURVE('',#1124,#1119,#947,.T.);
#2265=ADVANCED_FACE('',(#2264),#2256,.T.);
#2284=EDGE_CURVE('',#1130,#1122,#926,.T.);
#2286=EDGE_CURVE('',#1122,#1124,#954,.T.);
#2291=ADVANCED_FACE('',(#2290),#2282,.T.);
#2311=EDGE_CURVE('',#1120,#1122,#961,.T.);
#2316=ADVANCED_FACE('',(#2315),#2308,.T.);
#2340=ADVANCED_FACE('',(#2339),#2333,.T.);
#2353=CLOSED_SHELL('',(#1244,#1259,#1272,#1322,#1336,#1348,#1362,#1374,#1388,
#1400,#1414,#1426,#1440,#1452,#1466,#1479,#1492,#1504,#1519,#1544,#1566,#1593,
#1619,#1645,#1671,#1697,#1723,#1749,#1774,#1802,#1829,#1855,#1881,#1906,#1936,
#1963,#1988,#2010,#2037,#2062,#2084,#2111,#2137,#2163,#2188,#2212,#2239,#2265,
#2291,#2316,#2340));
#2354=MANIFOLD_SOLID_BREP('',#2353);
#2392=TRIMMED_CURVE('P_X',#2391,(PARAMETER_VALUE(0.E0)),(PARAMETER_VALUE(1.E0)),
.T.,.UNSPECIFIED.);
#2400=TRIMMED_CURVE('P_Y',#2399,(PARAMETER_VALUE(0.E0)),(PARAMETER_VALUE(1.E0)),
.T.,.UNSPECIFIED.);
#2408=TRIMMED_CURVE('P_Z',#2407,(PARAMETER_VALUE(0.E0)),(PARAMETER_VALUE(1.E0)),
.T.,.UNSPECIFIED.);
#2416=TRIMMED_CURVE('A_1',#2415,(PARAMETER_VALUE(0.E0)),(PARAMETER_VALUE(1.E0)),
.T.,.UNSPECIFIED.);
#2424=TRIMMED_CURVE('A_2',#2423,(PARAMETER_VALUE(0.E0)),(PARAMETER_VALUE(1.E0)),
.T.,.UNSPECIFIED.);
#2432=TRIMMED_CURVE('A_3',#2431,(PARAMETER_VALUE(0.E0)),(PARAMETER_VALUE(1.E0)),
.T.,.UNSPECIFIED.);
#2440=TRIMMED_CURVE('A_4',#2439,(PARAMETER_VALUE(0.E0)),(PARAMETER_VALUE(1.E0)),
.T.,.UNSPECIFIED.);
#2448=TRIMMED_CURVE('A_5',#2447,(PARAMETER_VALUE(0.E0)),(PARAMETER_VALUE(1.E0)),
.T.,.UNSPECIFIED.);
#2456=TRIMMED_CURVE('A_6',#2455,(PARAMETER_VALUE(0.E0)),(PARAMETER_VALUE(1.E0)),
.T.,.UNSPECIFIED.);
#2464=TRIMMED_CURVE('A_7',#2463,(PARAMETER_VALUE(0.E0)),(PARAMETER_VALUE(1.E0)),
.T.,.UNSPECIFIED.);
#2472=TRIMMED_CURVE('A_8',#2471,(PARAMETER_VALUE(0.E0)),(PARAMETER_VALUE(1.E0)),
.T.,.UNSPECIFIED.);
#2480=TRIMMED_CURVE('A_9',#2479,(PARAMETER_VALUE(0.E0)),(PARAMETER_VALUE(1.E0)),
.T.,.UNSPECIFIED.);
#2485=(LENGTH_UNIT()NAMED_UNIT(*)SI_UNIT(.MILLI.,.METRE.));
#2486=(NAMED_UNIT(*)PLANE_ANGLE_UNIT()SI_UNIT($,.RADIAN.));
#2489=(NAMED_UNIT(*)SI_UNIT($,.STERADIAN.)SOLID_ANGLE_UNIT());
#2491=(GEOMETRIC_REPRESENTATION_CONTEXT(3)GLOBAL_UNCERTAINTY_ASSIGNED_CONTEXT((
#2490))GLOBAL_UNIT_ASSIGNED_CONTEXT((#2485,#2488,#2489))REPRESENTATION_CONTEXT(
'ID1','3'));
#2492=ADVANCED_BREP_SHAPE_REPRESENTATION('',(#2354),#2491);
#2493=CONSTRUCTIVE_GEOMETRY_REPRESENTATION('supplemental geometry',(#2365,#2370,
#2375,#2380,#2384,#2392,#2400,#2408,#2416,#2424,#2432,#2440,#2448,#2456,#2464,
#2472,#2480),#2491);
#2497=AXIS2_PLACEMENT_3D('',#2494,#2495,#2496);
#2498=SHAPE_REPRESENTATION('',(#2497),#2491);
#2508=PRODUCT_DEFINITION('design','',#2507,#2504);
#2509=PRODUCT_DEFINITION_SHAPE('','SHAPE FOR LM2596-HW-411.',#2508);
#2510=SHAPE_ASPECT('','solid data associated with LM2596-HW-411',#2509,.F.);
#2511=PROPERTY_DEFINITION('',
'shape for solid data with which properties are associated',#2510);
#2512=SHAPE_REPRESENTATION('',(#2354),#2491);
#2513=SHAPE_DEFINITION_REPRESENTATION(#2511,#2512);
#2514=(LENGTH_UNIT()NAMED_UNIT(*)SI_UNIT(.MILLI.,.METRE.));
#2518=PROPERTY_DEFINITION('geometric validation property',
'area of LM2596-HW-411',#2510);
#2519=REPRESENTATION('surface area',(#2517),#2491);
#2520=PROPERTY_DEFINITION_REPRESENTATION(#2518,#2519);
#2521=(LENGTH_UNIT()NAMED_UNIT(*)SI_UNIT(.MILLI.,.METRE.));
#2525=PROPERTY_DEFINITION('geometric validation property',
'volume of LM2596-HW-411',#2510);
#2526=REPRESENTATION('volume',(#2524),#2491);
#2527=PROPERTY_DEFINITION_REPRESENTATION(#2525,#2526);
#2529=PROPERTY_DEFINITION('geometric validation property',
'centroid of LM2596-HW-411',#2510);
#2530=REPRESENTATION('centroid',(#2528),#2491);
#2531=PROPERTY_DEFINITION_REPRESENTATION(#2529,#2530);
#2532=(LENGTH_UNIT()NAMED_UNIT(*)SI_UNIT(.MILLI.,.METRE.));
#2536=PROPERTY_DEFINITION('geometric validation property',
'area of LM2596-HW-411',#2509);
#2537=REPRESENTATION('surface area',(#2535),#2491);
#2538=PROPERTY_DEFINITION_REPRESENTATION(#2536,#2537);
#2539=(LENGTH_UNIT()NAMED_UNIT(*)SI_UNIT(.MILLI.,.METRE.));
#2543=PROPERTY_DEFINITION('geometric validation property',
'volume of LM2596-HW-411',#2509);
#2544=REPRESENTATION('volume',(#2542),#2491);
#2545=PROPERTY_DEFINITION_REPRESENTATION(#2543,#2544);
#2547=PROPERTY_DEFINITION('geometric validation property',
'centroid of LM2596-HW-411',#2509);
#2548=REPRESENTATION('centroid',(#2546),#2491);
#2549=PROPERTY_DEFINITION_REPRESENTATION(#2547,#2548);
#2550=SHAPE_DEFINITION_REPRESENTATION(#2509,#2498);
#2575=PLANAR_BOX('',7.141386518338E1,6.025544874848E1,#2574);
#2582=PROPERTY_DEFINITION('CNO','user defined attribute',#2508);
#2586=REPRESENTATION('',(#2585),#2491);
#2587=PROPERTY_DEFINITION_REPRESENTATION(#2582,#2586);
#2588=PROPERTY_DEFINITION('DEFTXT','user defined attribute',#2508);
#2592=REPRESENTATION('',(#2591),#2491);
#2593=PROPERTY_DEFINITION_REPRESENTATION(#2588,#2592);
#2594=PROPERTY_DEFINITION('DESCRIPTION','user defined attribute',#2508);
#2598=REPRESENTATION('',(#2597),#2491);
#2599=PROPERTY_DEFINITION_REPRESENTATION(#2594,#2598);
#2600=PROPERTY_DEFINITION('DESCRIPTION_E','user defined attribute',#2508);
#2604=REPRESENTATION('',(#2603),#2491);
#2605=PROPERTY_DEFINITION_REPRESENTATION(#2600,#2604);
#2606=PROPERTY_DEFINITION('IDENTKEY','user defined attribute',#2508);
#2610=REPRESENTATION('',(#2609),#2491);
#2611=PROPERTY_DEFINITION_REPRESENTATION(#2606,#2610);
#2612=PROPERTY_DEFINITION('LIBRARY','user defined attribute',#2508);
#2616=REPRESENTATION('',(#2615),#2491);
#2617=PROPERTY_DEFINITION_REPRESENTATION(#2612,#2616);
#2618=PROPERTY_DEFINITION('MATERIAL','user defined attribute',#2508);
#2622=REPRESENTATION('',(#2621),#2491);
#2623=PROPERTY_DEFINITION_REPRESENTATION(#2618,#2622);
#2624=PROPERTY_DEFINITION('MATNUM','user defined attribute',#2508);
#2628=REPRESENTATION('',(#2627),#2491);
#2629=PROPERTY_DEFINITION_REPRESENTATION(#2624,#2628);
#2630=PROPERTY_DEFINITION('SORTING','user defined attribute',#2508);
#2634=REPRESENTATION('',(#2633),#2491);
#2635=PROPERTY_DEFINITION_REPRESENTATION(#2630,#2634);
#2636=PROPERTY_DEFINITION('TITLE','user defined attribute',#2508);
#2640=REPRESENTATION('',(#2639),#2491);
#2641=PROPERTY_DEFINITION_REPRESENTATION(#2636,#2640);
#2642=PROPERTY_DEFINITION('TITLE_E','user defined attribute',#2508);
#2646=REPRESENTATION('',(#2645),#2491);
#2647=PROPERTY_DEFINITION_REPRESENTATION(#2642,#2646);
#2648=PROPERTY_DEFINITION('TYP','user defined attribute',#2508);
#2652=REPRESENTATION('',(#2651),#2491);
#2653=PROPERTY_DEFINITION_REPRESENTATION(#2648,#2652);
#2654=PROPERTY_DEFINITION('UNIT','user defined attribute',#2508);
#2658=REPRESENTATION('',(#2657),#2491);
#2659=PROPERTY_DEFINITION_REPRESENTATION(#2654,#2658);
#2660=PROPERTY_DEFINITION('UNIT_E','user defined attribute',#2508);
#2664=REPRESENTATION('',(#2663),#2491);
#2665=PROPERTY_DEFINITION_REPRESENTATION(#2660,#2664);
#2666=PROPERTY_DEFINITION('WEIGHT','user defined attribute',#2508);
#2670=REPRESENTATION('',(#2669),#2491);
#2671=PROPERTY_DEFINITION_REPRESENTATION(#2666,#2670);
#2672=PROPERTY_DEFINITION('PTC_MASTER_MATERIAL','user defined attribute',#2508);
#2676=REPRESENTATION('',(#2675),#2491);
#2677=PROPERTY_DEFINITION_REPRESENTATION(#2672,#2676);
ENDSEC;
END-ISO-10303-21;
